index,stage,path,channel,x,y,travel_m,travel_s,switch_s,measure_s,clear_s,total_s,result
2,discovery,/measure,1,0.0,0.0,0.0,0.0,0,5,0,5.0,no_signal
3,discovery,/measure,2,0.0,0.0,0.0,0.0,1,5,0,6.0,no_signal
4,discovery,/measure,3,0.0,0.0,0.0,0.0,1,5,0,6.0,no_signal
5,discovery,/measure,4,0.0,0.0,0.0,0.0,1,5,0,6.0,no_signal
6,discovery,/measure,5,0.0,0.0,0.0,0.0,1,5,0,6.0,no_signal
7,discovery,/measure,6,0.0,0.0,0.0,0.0,1,5,0,6.0,no_signal
8,discovery,/measure,7,0.0,0.0,0.0,0.0,1,5,0,6.0,no_signal
9,discovery,/measure,8,0.0,0.0,0.0,0.0,1,5,0,6.0,no_signal
10,discovery,/measure,9,0.0,0.0,0.0,0.0,1,5,0,6.0,no_signal
11,discovery,/measure,10,0.0,0.0,0.0,0.0,1,5,0,6.0,no_signal
12,discovery,/measure,11,0.0,0.0,0.0,0.0,1,5,0,6.0,no_signal
13,discovery,/measure,12,0.0,0.0,0.0,0.0,1,5,0,6.0,no_signal
14,discovery,/measure,13,0.0,0.0,0.0,0.0,1,5,0,6.0,no_signal
15,discovery,/measure,14,0.0,0.0,0.0,0.0,1,5,0,6.0,no_signal
16,discovery,/measure,15,0.0,0.0,0.0,0.0,1,5,0,6.0,no_signal
17,discovery,/measure,16,0.0,0.0,0.0,0.0,1,5,0,6.0,no_signal
18,discovery,/measure,17,0.0,0.0,0.0,0.0,1,5,0,6.0,no_signal
19,discovery,/measure,18,0.0,0.0,0.0,0.0,1,5,0,6.0,no_signal
20,discovery,/measure,19,0.0,0.0,0.0,0.0,1,5,0,6.0,no_signal
21,discovery,/measure,20,0.0,0.0,0.0,0.0,1,5,0,6.0,no_signal
22,discovery,/measure,20,-700.0,0.0,700.0,140.0,0,5,0,145.0,no_signal
23,discovery,/measure,1,-700.0,0.0,0.0,0.0,1,5,0,6.0,no_signal
24,discovery,/measure,2,-700.0,0.0,0.0,0.0,1,5,0,6.0,no_signal
25,discovery,/measure,3,-700.0,0.0,0.0,0.0,1,5,0,6.0,no_signal
26,discovery,/measure,4,-700.0,0.0,0.0,0.0,1,5,0,6.0,no_signal
27,discovery,/measure,5,-700.0,0.0,0.0,0.0,1,5,0,6.0,no_signal
28,discovery,/measure,6,-700.0,0.0,0.0,0.0,1,5,0,6.0,no_signal
29,discovery,/measure,7,-700.0,0.0,0.0,0.0,1,5,0,6.0,no_signal
30,discovery,/measure,8,-700.0,0.0,0.0,0.0,1,5,0,6.0,no_signal
31,discovery,/measure,9,-700.0,0.0,0.0,0.0,1,5,0,6.0,no_signal
32,discovery,/measure,10,-700.0,0.0,0.0,0.0,1,5,0,6.0,no_signal
33,discovery,/measure,11,-700.0,0.0,0.0,0.0,1,5,0,6.0,no_signal
34,discovery,/measure,12,-700.0,0.0,0.0,0.0,1,5,0,6.0,no_signal
35,discovery,/measure,13,-700.0,0.0,0.0,0.0,1,5,0,6.0,no_signal
36,discovery,/measure,14,-700.0,0.0,0.0,0.0,1,5,0,6.0,no_signal
37,discovery,/measure,15,-700.0,0.0,0.0,0.0,1,5,0,6.0,no_signal
38,discovery,/measure,16,-700.0,0.0,0.0,0.0,1,5,0,6.0,no_signal
39,discovery,/measure,17,-700.0,0.0,0.0,0.0,1,5,0,6.0,no_signal
40,discovery,/measure,18,-700.0,0.0,0.0,0.0,1,5,0,6.0,no_signal
41,discovery,/measure,19,-700.0,0.0,0.0,0.0,1,5,0,6.0,no_signal
42,discovery,/measure,19,-700.0,-700.0,700.0,140.0,0,5,0,145.0,no_signal
43,discovery,/measure,1,-700.0,-700.0,0.0,0.0,1,5,0,6.0,no_signal
44,discovery,/measure,2,-700.0,-700.0,0.0,0.0,1,5,0,6.0,no_signal
45,discovery,/measure,3,-700.0,-700.0,0.0,0.0,1,5,0,6.0,no_signal
46,discovery,/measure,4,-700.0,-700.0,0.0,0.0,1,5,0,6.0,no_signal
47,discovery,/measure,5,-700.0,-700.0,0.0,0.0,1,5,0,6.0,no_signal
48,discovery,/measure,6,-700.0,-700.0,0.0,0.0,1,5,0,6.0,no_signal
49,discovery,/measure,7,-700.0,-700.0,0.0,0.0,1,5,0,6.0,no_signal
50,discovery,/measure,8,-700.0,-700.0,0.0,0.0,1,5,0,6.0,no_signal
51,discovery,/measure,9,-700.0,-700.0,0.0,0.0,1,5,0,6.0,no_signal
52,discovery,/measure,10,-700.0,-700.0,0.0,0.0,1,5,0,6.0,no_signal
53,discovery,/measure,11,-700.0,-700.0,0.0,0.0,1,5,0,6.0,no_signal
54,discovery,/measure,12,-700.0,-700.0,0.0,0.0,1,5,0,6.0,no_signal
55,discovery,/measure,13,-700.0,-700.0,0.0,0.0,1,5,0,6.0,no_signal
56,discovery,/measure,14,-700.0,-700.0,0.0,0.0,1,5,0,6.0,no_signal
57,discovery,/measure,15,-700.0,-700.0,0.0,0.0,1,5,0,6.0,no_signal
58,discovery,/measure,16,-700.0,-700.0,0.0,0.0,1,5,0,6.0,no_signal
59,discovery,/measure,17,-700.0,-700.0,0.0,0.0,1,5,0,6.0,no_signal
60,discovery,/measure,18,-700.0,-700.0,0.0,0.0,1,5,0,6.0,no_signal
61,discovery,/measure,20,-700.0,-700.0,0.0,0.0,1,5,0,6.0,no_signal
62,discovery,/measure,20,-1400.0,-700.0,700.0,140.0,0,5,0,145.0,no_signal
63,discovery,/measure,1,-1400.0,-700.0,0.0,0.0,1,5,0,6.0,no_signal
64,discovery,/measure,2,-1400.0,-700.0,0.0,0.0,1,5,0,6.0,no_signal
65,discovery,/measure,3,-1400.0,-700.0,0.0,0.0,1,5,0,6.0,no_signal
66,discovery,/measure,4,-1400.0,-700.0,0.0,0.0,1,5,0,6.0,no_signal
67,discovery,/measure,5,-1400.0,-700.0,0.0,0.0,1,5,0,6.0,no_signal
68,discovery,/measure,6,-1400.0,-700.0,0.0,0.0,1,5,0,6.0,no_signal
69,discovery,/measure,7,-1400.0,-700.0,0.0,0.0,1,5,0,6.0,no_signal
70,discovery,/measure,8,-1400.0,-700.0,0.0,0.0,1,5,0,6.0,no_signal
71,discovery,/measure,9,-1400.0,-700.0,0.0,0.0,1,5,0,6.0,no_signal
72,discovery,/measure,10,-1400.0,-700.0,0.0,0.0,1,5,0,6.0,no_signal
73,discovery,/measure,11,-1400.0,-700.0,0.0,0.0,1,5,0,6.0,no_signal
74,discovery,/measure,12,-1400.0,-700.0,0.0,0.0,1,5,0,6.0,no_signal
75,discovery,/measure,13,-1400.0,-700.0,0.0,0.0,1,5,0,6.0,no_signal
76,discovery,/measure,14,-1400.0,-700.0,0.0,0.0,1,5,0,6.0,no_signal
77,discovery,/measure,15,-1400.0,-700.0,0.0,0.0,1,5,0,6.0,no_signal
78,discovery,/measure,16,-1400.0,-700.0,0.0,0.0,1,5,0,6.0,no_signal
79,discovery,/measure,17,-1400.0,-700.0,0.0,0.0,1,5,0,6.0,no_signal
80,discovery,/measure,18,-1400.0,-700.0,0.0,0.0,1,5,0,6.0,no_signal
81,discovery,/measure,19,-1400.0,-700.0,0.0,0.0,1,5,0,6.0,no_signal
82,discovery,/measure,19,-1400.0,-1400.0,700.0,140.0,0,5,0,145.0,no_signal
83,discovery,/measure,1,-1400.0,-1400.0,0.0,0.0,1,5,0,6.0,no_signal
84,discovery,/measure,2,-1400.0,-1400.0,0.0,0.0,1,5,0,6.0,no_signal
85,discovery,/measure,3,-1400.0,-1400.0,0.0,0.0,1,5,0,6.0,no_signal
86,discovery,/measure,4,-1400.0,-1400.0,0.0,0.0,1,5,0,6.0,no_signal
87,discovery,/measure,5,-1400.0,-1400.0,0.0,0.0,1,5,0,6.0,no_signal
88,discovery,/measure,6,-1400.0,-1400.0,0.0,0.0,1,5,0,6.0,no_signal
89,discovery,/measure,7,-1400.0,-1400.0,0.0,0.0,1,5,0,6.0,no_signal
90,discovery,/measure,8,-1400.0,-1400.0,0.0,0.0,1,5,0,6.0,no_signal
91,discovery,/measure,9,-1400.0,-1400.0,0.0,0.0,1,5,0,6.0,no_signal
92,discovery,/measure,10,-1400.0,-1400.0,0.0,0.0,1,5,0,6.0,no_signal
93,discovery,/measure,11,-1400.0,-1400.0,0.0,0.0,1,5,0,6.0,no_signal
94,discovery,/measure,12,-1400.0,-1400.0,0.0,0.0,1,5,0,6.0,no_signal
95,discovery,/measure,13,-1400.0,-1400.0,0.0,0.0,1,5,0,6.0,no_signal
96,discovery,/measure,14,-1400.0,-1400.0,0.0,0.0,1,5,0,6.0,no_signal
97,discovery,/measure,15,-1400.0,-1400.0,0.0,0.0,1,5,0,6.0,no_signal
98,discovery,/measure,16,-1400.0,-1400.0,0.0,0.0,1,5,0,6.0,no_signal
99,discovery,/measure,17,-1400.0,-1400.0,0.0,0.0,1,5,0,6.0,no_signal
100,discovery,/measure,18,-1400.0,-1400.0,0.0,0.0,1,5,0,6.0,no_signal
101,discovery,/measure,20,-1400.0,-1400.0,0.0,0.0,1,5,0,6.0,no_signal
102,discovery,/measure,20,-700.0,-1400.0,700.0,140.0,0,5,0,145.0,no_signal
103,discovery,/measure,1,-700.0,-1400.0,0.0,0.0,1,5,0,6.0,no_signal
104,discovery,/measure,2,-700.0,-1400.0,0.0,0.0,1,5,0,6.0,no_signal
105,discovery,/measure,3,-700.0,-1400.0,0.0,0.0,1,5,0,6.0,no_signal
106,discovery,/measure,4,-700.0,-1400.0,0.0,0.0,1,5,0,6.0,no_signal
107,discovery,/measure,5,-700.0,-1400.0,0.0,0.0,1,5,0,6.0,no_signal
108,discovery,/measure,6,-700.0,-1400.0,0.0,0.0,1,5,0,6.0,no_signal
109,discovery,/measure,7,-700.0,-1400.0,0.0,0.0,1,5,0,6.0,no_signal
110,discovery,/measure,8,-700.0,-1400.0,0.0,0.0,1,5,0,6.0,no_signal
111,discovery,/measure,9,-700.0,-1400.0,0.0,0.0,1,5,0,6.0,no_signal
112,discovery,/measure,10,-700.0,-1400.0,0.0,0.0,1,5,0,6.0,no_signal
113,discovery,/measure,11,-700.0,-1400.0,0.0,0.0,1,5,0,6.0,no_signal
114,discovery,/measure,12,-700.0,-1400.0,0.0,0.0,1,5,0,6.0,no_signal
115,discovery,/measure,13,-700.0,-1400.0,0.0,0.0,1,5,0,6.0,no_signal
116,discovery,/measure,14,-700.0,-1400.0,0.0,0.0,1,5,0,6.0,no_signal
117,discovery,/measure,15,-700.0,-1400.0,0.0,0.0,1,5,0,6.0,no_signal
118,discovery,/measure,16,-700.0,-1400.0,0.0,0.0,1,5,0,6.0,no_signal
119,discovery,/measure,17,-700.0,-1400.0,0.0,0.0,1,5,0,6.0,no_signal
120,discovery,/measure,18,-700.0,-1400.0,0.0,0.0,1,5,0,6.0,no_signal
121,discovery,/measure,19,-700.0,-1400.0,0.0,0.0,1,5,0,6.0,no_signal
122,discovery,/measure,19,-700.0,-2100.0,700.0,140.0,0,5,0,145.0,no_signal
123,discovery,/measure,1,-700.0,-2100.0,0.0,0.0,1,5,0,6.0,no_signal
124,discovery,/measure,2,-700.0,-2100.0,0.0,0.0,1,5,0,6.0,no_signal
125,discovery,/measure,3,-700.0,-2100.0,0.0,0.0,1,5,0,6.0,no_signal
126,discovery,/measure,4,-700.0,-2100.0,0.0,0.0,1,5,0,6.0,no_signal
127,discovery,/measure,5,-700.0,-2100.0,0.0,0.0,1,5,0,6.0,no_signal
128,discovery,/measure,6,-700.0,-2100.0,0.0,0.0,1,5,0,6.0,no_signal
129,discovery,/measure,7,-700.0,-2100.0,0.0,0.0,1,5,0,6.0,no_signal
130,discovery,/measure,8,-700.0,-2100.0,0.0,0.0,1,5,0,6.0,no_signal
131,discovery,/measure,9,-700.0,-2100.0,0.0,0.0,1,5,0,6.0,no_signal
132,discovery,/measure,10,-700.0,-2100.0,0.0,0.0,1,5,0,6.0,direction
133,discovery,/measure,11,-700.0,-2100.0,0.0,0.0,1,5,0,6.0,no_signal
134,discovery,/measure,12,-700.0,-2100.0,0.0,0.0,1,5,0,6.0,no_signal
135,discovery,/measure,13,-700.0,-2100.0,0.0,0.0,1,5,0,6.0,no_signal
136,discovery,/measure,14,-700.0,-2100.0,0.0,0.0,1,5,0,6.0,no_signal
137,discovery,/measure,15,-700.0,-2100.0,0.0,0.0,1,5,0,6.0,no_signal
138,discovery,/measure,16,-700.0,-2100.0,0.0,0.0,1,5,0,6.0,no_signal
139,discovery,/measure,17,-700.0,-2100.0,0.0,0.0,1,5,0,6.0,no_signal
140,discovery,/measure,18,-700.0,-2100.0,0.0,0.0,1,5,0,6.0,no_signal
141,discovery,/measure,20,-700.0,-2100.0,0.0,0.0,1,5,0,6.0,no_signal
142,discovery,/measure,20,-1400.0,-2100.0,700.0,140.0,0,5,0,145.0,no_signal
143,discovery,/measure,1,-1400.0,-2100.0,0.0,0.0,1,5,0,6.0,no_signal
144,discovery,/measure,2,-1400.0,-2100.0,0.0,0.0,1,5,0,6.0,no_signal
145,discovery,/measure,3,-1400.0,-2100.0,0.0,0.0,1,5,0,6.0,no_signal
146,discovery,/measure,4,-1400.0,-2100.0,0.0,0.0,1,5,0,6.0,no_signal
147,discovery,/measure,5,-1400.0,-2100.0,0.0,0.0,1,5,0,6.0,no_signal
148,discovery,/measure,6,-1400.0,-2100.0,0.0,0.0,1,5,0,6.0,no_signal
149,discovery,/measure,7,-1400.0,-2100.0,0.0,0.0,1,5,0,6.0,no_signal
150,discovery,/measure,8,-1400.0,-2100.0,0.0,0.0,1,5,0,6.0,no_signal
151,discovery,/measure,9,-1400.0,-2100.0,0.0,0.0,1,5,0,6.0,no_signal
152,discovery,/measure,10,-1400.0,-2100.0,0.0,0.0,1,5,0,6.0,no_signal
153,discovery,/measure,11,-1400.0,-2100.0,0.0,0.0,1,5,0,6.0,no_signal
154,discovery,/measure,12,-1400.0,-2100.0,0.0,0.0,1,5,0,6.0,no_signal
155,discovery,/measure,13,-1400.0,-2100.0,0.0,0.0,1,5,0,6.0,no_signal
156,discovery,/measure,14,-1400.0,-2100.0,0.0,0.0,1,5,0,6.0,no_signal
157,discovery,/measure,15,-1400.0,-2100.0,0.0,0.0,1,5,0,6.0,no_signal
158,discovery,/measure,16,-1400.0,-2100.0,0.0,0.0,1,5,0,6.0,no_signal
159,discovery,/measure,17,-1400.0,-2100.0,0.0,0.0,1,5,0,6.0,no_signal
160,discovery,/measure,18,-1400.0,-2100.0,0.0,0.0,1,5,0,6.0,no_signal
161,discovery,/measure,19,-1400.0,-2100.0,0.0,0.0,1,5,0,6.0,no_signal
162,discovery,/measure,19,-2100.0,-1400.0,989.9494936611666,197.9898987322333,0,5,0,202.9898987322333,no_signal
163,discovery,/measure,1,-2100.0,-1400.0,0.0,0.0,1,5,0,6.0,no_signal
164,discovery,/measure,2,-2100.0,-1400.0,0.0,0.0,1,5,0,6.0,no_signal
165,discovery,/measure,3,-2100.0,-1400.0,0.0,0.0,1,5,0,6.0,no_signal
166,discovery,/measure,4,-2100.0,-1400.0,0.0,0.0,1,5,0,6.0,direction
167,discovery,/measure,5,-2100.0,-1400.0,0.0,0.0,1,5,0,6.0,no_signal
168,discovery,/measure,6,-2100.0,-1400.0,0.0,0.0,1,5,0,6.0,no_signal
169,discovery,/measure,7,-2100.0,-1400.0,0.0,0.0,1,5,0,6.0,no_signal
170,discovery,/measure,8,-2100.0,-1400.0,0.0,0.0,1,5,0,6.0,no_signal
171,discovery,/measure,9,-2100.0,-1400.0,0.0,0.0,1,5,0,6.0,no_signal
172,discovery,/measure,10,-2100.0,-1400.0,0.0,0.0,1,5,0,6.0,no_signal
173,discovery,/measure,11,-2100.0,-1400.0,0.0,0.0,1,5,0,6.0,no_signal
174,discovery,/measure,12,-2100.0,-1400.0,0.0,0.0,1,5,0,6.0,no_signal
175,discovery,/measure,13,-2100.0,-1400.0,0.0,0.0,1,5,0,6.0,no_signal
176,discovery,/measure,14,-2100.0,-1400.0,0.0,0.0,1,5,0,6.0,no_signal
177,discovery,/measure,15,-2100.0,-1400.0,0.0,0.0,1,5,0,6.0,no_signal
178,discovery,/measure,16,-2100.0,-1400.0,0.0,0.0,1,5,0,6.0,no_signal
179,discovery,/measure,17,-2100.0,-1400.0,0.0,0.0,1,5,0,6.0,no_signal
180,discovery,/measure,18,-2100.0,-1400.0,0.0,0.0,1,5,0,6.0,no_signal
181,discovery,/measure,20,-2100.0,-1400.0,0.0,0.0,1,5,0,6.0,no_signal
182,discovery,/measure,20,-2100.0,-700.0,700.0,140.0,0,5,0,145.0,no_signal
183,discovery,/measure,1,-2100.0,-700.0,0.0,0.0,1,5,0,6.0,no_signal
184,discovery,/measure,2,-2100.0,-700.0,0.0,0.0,1,5,0,6.0,no_signal
185,discovery,/measure,3,-2100.0,-700.0,0.0,0.0,1,5,0,6.0,no_signal
186,discovery,/measure,4,-2100.0,-700.0,0.0,0.0,1,5,0,6.0,direction
187,discovery,/measure,5,-2100.0,-700.0,0.0,0.0,1,5,0,6.0,no_signal
188,discovery,/measure,6,-2100.0,-700.0,0.0,0.0,1,5,0,6.0,no_signal
189,discovery,/measure,7,-2100.0,-700.0,0.0,0.0,1,5,0,6.0,no_signal
190,discovery,/measure,8,-2100.0,-700.0,0.0,0.0,1,5,0,6.0,no_signal
191,discovery,/measure,9,-2100.0,-700.0,0.0,0.0,1,5,0,6.0,no_signal
192,discovery,/measure,10,-2100.0,-700.0,0.0,0.0,1,5,0,6.0,no_signal
193,discovery,/measure,11,-2100.0,-700.0,0.0,0.0,1,5,0,6.0,no_signal
194,discovery,/measure,12,-2100.0,-700.0,0.0,0.0,1,5,0,6.0,no_signal
195,discovery,/measure,13,-2100.0,-700.0,0.0,0.0,1,5,0,6.0,no_signal
196,discovery,/measure,14,-2100.0,-700.0,0.0,0.0,1,5,0,6.0,no_signal
197,discovery,/measure,15,-2100.0,-700.0,0.0,0.0,1,5,0,6.0,no_signal
198,discovery,/measure,16,-2100.0,-700.0,0.0,0.0,1,5,0,6.0,no_signal
199,discovery,/measure,17,-2100.0,-700.0,0.0,0.0,1,5,0,6.0,no_signal
200,discovery,/measure,18,-2100.0,-700.0,0.0,0.0,1,5,0,6.0,no_signal
201,discovery,/measure,19,-2100.0,-700.0,0.0,0.0,1,5,0,6.0,no_signal
202,certified_clear,/clear,4,-1691.9103402652297,-566.9886591744591,429.2192763269711,85.84385526539423,0,0,5,90.84385526539423,success
203,discovery,/measure,19,-2100.0,0.0,698.5794944134071,139.71589888268142,0,5,0,144.71589888268142,no_signal
204,discovery,/measure,1,-2100.0,0.0,0.0,0.0,1,5,0,6.0,no_signal
205,discovery,/measure,2,-2100.0,0.0,0.0,0.0,1,5,0,6.0,no_signal
206,discovery,/measure,3,-2100.0,0.0,0.0,0.0,1,5,0,6.0,no_signal
207,discovery,/measure,5,-2100.0,0.0,0.0,0.0,1,5,0,6.0,no_signal
208,discovery,/measure,6,-2100.0,0.0,0.0,0.0,1,5,0,6.0,no_signal
209,discovery,/measure,7,-2100.0,0.0,0.0,0.0,1,5,0,6.0,no_signal
210,discovery,/measure,8,-2100.0,0.0,0.0,0.0,1,5,0,6.0,no_signal
211,discovery,/measure,9,-2100.0,0.0,0.0,0.0,1,5,0,6.0,no_signal
212,discovery,/measure,10,-2100.0,0.0,0.0,0.0,1,5,0,6.0,no_signal
213,discovery,/measure,11,-2100.0,0.0,0.0,0.0,1,5,0,6.0,no_signal
214,discovery,/measure,12,-2100.0,0.0,0.0,0.0,1,5,0,6.0,no_signal
215,discovery,/measure,13,-2100.0,0.0,0.0,0.0,1,5,0,6.0,no_signal
216,discovery,/measure,14,-2100.0,0.0,0.0,0.0,1,5,0,6.0,no_signal
217,discovery,/measure,15,-2100.0,0.0,0.0,0.0,1,5,0,6.0,no_signal
218,discovery,/measure,16,-2100.0,0.0,0.0,0.0,1,5,0,6.0,no_signal
219,discovery,/measure,17,-2100.0,0.0,0.0,0.0,1,5,0,6.0,no_signal
220,discovery,/measure,18,-2100.0,0.0,0.0,0.0,1,5,0,6.0,no_signal
221,discovery,/measure,20,-2100.0,0.0,0.0,0.0,1,5,0,6.0,no_signal
222,discovery,/measure,20,-1400.0,0.0,700.0,140.0,0,5,0,145.0,no_signal
223,discovery,/measure,1,-1400.0,0.0,0.0,0.0,1,5,0,6.0,no_signal
224,discovery,/measure,2,-1400.0,0.0,0.0,0.0,1,5,0,6.0,no_signal
225,discovery,/measure,3,-1400.0,0.0,0.0,0.0,1,5,0,6.0,no_signal
226,discovery,/measure,5,-1400.0,0.0,0.0,0.0,1,5,0,6.0,no_signal
227,discovery,/measure,6,-1400.0,0.0,0.0,0.0,1,5,0,6.0,no_signal
228,discovery,/measure,7,-1400.0,0.0,0.0,0.0,1,5,0,6.0,no_signal
229,discovery,/measure,8,-1400.0,0.0,0.0,0.0,1,5,0,6.0,no_signal
230,discovery,/measure,9,-1400.0,0.0,0.0,0.0,1,5,0,6.0,no_signal
231,discovery,/measure,10,-1400.0,0.0,0.0,0.0,1,5,0,6.0,no_signal
232,discovery,/measure,11,-1400.0,0.0,0.0,0.0,1,5,0,6.0,direction
233,discovery,/measure,12,-1400.0,0.0,0.0,0.0,1,5,0,6.0,no_signal
234,discovery,/measure,13,-1400.0,0.0,0.0,0.0,1,5,0,6.0,no_signal
235,discovery,/measure,14,-1400.0,0.0,0.0,0.0,1,5,0,6.0,no_signal
236,discovery,/measure,15,-1400.0,0.0,0.0,0.0,1,5,0,6.0,no_signal
237,discovery,/measure,16,-1400.0,0.0,0.0,0.0,1,5,0,6.0,no_signal
238,discovery,/measure,17,-1400.0,0.0,0.0,0.0,1,5,0,6.0,no_signal
239,discovery,/measure,18,-1400.0,0.0,0.0,0.0,1,5,0,6.0,no_signal
240,discovery,/measure,19,-1400.0,0.0,0.0,0.0,1,5,0,6.0,no_signal
241,active_localization,/measure,11,-1224.637928625182,227.67202958480794,287.3785119526727,57.475702390534536,1,5,0,63.475702390534536,direction
242,active_localization,/measure,11,-1355.7264128281922,1112.6141923217028,894.5986933145476,178.91973866290954,0,5,0,183.91973866290954,direction
243,certified_clear,/clear,11,-1386.469021738595,1144.3101208857843,44.15585906940703,8.831171813881406,0,0,5,13.831171813881406,success
244,discovery,/measure,1,-1400.0,700.0,444.51610870051815,88.90322174010363,1,5,0,94.90322174010363,no_signal
245,discovery,/measure,2,-1400.0,700.0,0.0,0.0,1,5,0,6.0,no_signal
246,discovery,/measure,3,-1400.0,700.0,0.0,0.0,1,5,0,6.0,no_signal
247,discovery,/measure,5,-1400.0,700.0,0.0,0.0,1,5,0,6.0,no_signal
248,discovery,/measure,6,-1400.0,700.0,0.0,0.0,1,5,0,6.0,no_signal
249,discovery,/measure,7,-1400.0,700.0,0.0,0.0,1,5,0,6.0,no_signal
250,discovery,/measure,8,-1400.0,700.0,0.0,0.0,1,5,0,6.0,no_signal
251,discovery,/measure,9,-1400.0,700.0,0.0,0.0,1,5,0,6.0,direction
252,discovery,/measure,10,-1400.0,700.0,0.0,0.0,1,5,0,6.0,no_signal
253,discovery,/measure,12,-1400.0,700.0,0.0,0.0,1,5,0,6.0,no_signal
254,discovery,/measure,13,-1400.0,700.0,0.0,0.0,1,5,0,6.0,no_signal
255,discovery,/measure,14,-1400.0,700.0,0.0,0.0,1,5,0,6.0,no_signal
256,discovery,/measure,15,-1400.0,700.0,0.0,0.0,1,5,0,6.0,no_signal
257,discovery,/measure,16,-1400.0,700.0,0.0,0.0,1,5,0,6.0,no_signal
258,discovery,/measure,17,-1400.0,700.0,0.0,0.0,1,5,0,6.0,no_signal
259,discovery,/measure,18,-1400.0,700.0,0.0,0.0,1,5,0,6.0,no_signal
260,discovery,/measure,19,-1400.0,700.0,0.0,0.0,1,5,0,6.0,no_signal
261,discovery,/measure,20,-1400.0,700.0,0.0,0.0,1,5,0,6.0,no_signal
262,active_localization,/measure,9,-1276.3724046453203,797.1634552721043,157.24032362468168,31.448064724936337,1,5,0,37.44806472493634,direction
263,active_localization,/measure,9,-1236.4251996254236,1224.8573786083273,429.55543442916957,85.91108688583391,0,5,0,90.91108688583391,direction
264,certified_clear,/clear,9,-1260.1690577140967,1280.108078909735,60.13660017602442,12.027320035204884,0,0,5,17.027320035204884,success
265,discovery,/measure,1,-2100.0,700.0,1020.7063215426716,204.14126430853432,1,5,0,210.14126430853432,no_signal
266,discovery,/measure,2,-2100.0,700.0,0.0,0.0,1,5,0,6.0,no_signal
267,discovery,/measure,3,-2100.0,700.0,0.0,0.0,1,5,0,6.0,no_signal
268,discovery,/measure,5,-2100.0,700.0,0.0,0.0,1,5,0,6.0,no_signal
269,discovery,/measure,6,-2100.0,700.0,0.0,0.0,1,5,0,6.0,no_signal
270,discovery,/measure,7,-2100.0,700.0,0.0,0.0,1,5,0,6.0,no_signal
271,discovery,/measure,8,-2100.0,700.0,0.0,0.0,1,5,0,6.0,no_signal
272,discovery,/measure,10,-2100.0,700.0,0.0,0.0,1,5,0,6.0,no_signal
273,discovery,/measure,12,-2100.0,700.0,0.0,0.0,1,5,0,6.0,no_signal
274,discovery,/measure,13,-2100.0,700.0,0.0,0.0,1,5,0,6.0,no_signal
275,discovery,/measure,14,-2100.0,700.0,0.0,0.0,1,5,0,6.0,no_signal
276,discovery,/measure,15,-2100.0,700.0,0.0,0.0,1,5,0,6.0,no_signal
277,discovery,/measure,16,-2100.0,700.0,0.0,0.0,1,5,0,6.0,no_signal
278,discovery,/measure,17,-2100.0,700.0,0.0,0.0,1,5,0,6.0,no_signal
279,discovery,/measure,18,-2100.0,700.0,0.0,0.0,1,5,0,6.0,no_signal
280,discovery,/measure,19,-2100.0,700.0,0.0,0.0,1,5,0,6.0,no_signal
281,discovery,/measure,20,-2100.0,700.0,0.0,0.0,1,5,0,6.0,no_signal
282,discovery,/measure,20,-2100.0,1400.0,700.0,140.0,0,5,0,145.0,no_signal
283,discovery,/measure,1,-2100.0,1400.0,0.0,0.0,1,5,0,6.0,no_signal
284,discovery,/measure,2,-2100.0,1400.0,0.0,0.0,1,5,0,6.0,no_signal
285,discovery,/measure,3,-2100.0,1400.0,0.0,0.0,1,5,0,6.0,no_signal
286,discovery,/measure,5,-2100.0,1400.0,0.0,0.0,1,5,0,6.0,no_signal
287,discovery,/measure,6,-2100.0,1400.0,0.0,0.0,1,5,0,6.0,direction
288,discovery,/measure,7,-2100.0,1400.0,0.0,0.0,1,5,0,6.0,no_signal
289,discovery,/measure,8,-2100.0,1400.0,0.0,0.0,1,5,0,6.0,no_signal
290,discovery,/measure,10,-2100.0,1400.0,0.0,0.0,1,5,0,6.0,no_signal
291,discovery,/measure,12,-2100.0,1400.0,0.0,0.0,1,5,0,6.0,direction
292,discovery,/measure,13,-2100.0,1400.0,0.0,0.0,1,5,0,6.0,no_signal
293,discovery,/measure,14,-2100.0,1400.0,0.0,0.0,1,5,0,6.0,no_signal
294,discovery,/measure,15,-2100.0,1400.0,0.0,0.0,1,5,0,6.0,no_signal
295,discovery,/measure,16,-2100.0,1400.0,0.0,0.0,1,5,0,6.0,no_signal
296,discovery,/measure,17,-2100.0,1400.0,0.0,0.0,1,5,0,6.0,no_signal
297,discovery,/measure,18,-2100.0,1400.0,0.0,0.0,1,5,0,6.0,no_signal
298,discovery,/measure,19,-2100.0,1400.0,0.0,0.0,1,5,0,6.0,no_signal
299,discovery,/measure,19,-1400.0,1400.0,700.0,140.0,0,5,0,145.0,no_signal
300,discovery,/measure,1,-1400.0,1400.0,0.0,0.0,1,5,0,6.0,no_signal
301,discovery,/measure,2,-1400.0,1400.0,0.0,0.0,1,5,0,6.0,no_signal
302,discovery,/measure,3,-1400.0,1400.0,0.0,0.0,1,5,0,6.0,no_signal
303,discovery,/measure,5,-1400.0,1400.0,0.0,0.0,1,5,0,6.0,no_signal
304,discovery,/measure,6,-1400.0,1400.0,0.0,0.0,1,5,0,6.0,direction
305,discovery,/measure,7,-1400.0,1400.0,0.0,0.0,1,5,0,6.0,no_signal
306,discovery,/measure,8,-1400.0,1400.0,0.0,0.0,1,5,0,6.0,no_signal
307,discovery,/measure,10,-1400.0,1400.0,0.0,0.0,1,5,0,6.0,no_signal
308,discovery,/measure,12,-1400.0,1400.0,0.0,0.0,1,5,0,6.0,direction
309,discovery,/measure,13,-1400.0,1400.0,0.0,0.0,1,5,0,6.0,no_signal
310,discovery,/measure,14,-1400.0,1400.0,0.0,0.0,1,5,0,6.0,no_signal
311,discovery,/measure,15,-1400.0,1400.0,0.0,0.0,1,5,0,6.0,no_signal
312,discovery,/measure,16,-1400.0,1400.0,0.0,0.0,1,5,0,6.0,no_signal
313,discovery,/measure,17,-1400.0,1400.0,0.0,0.0,1,5,0,6.0,no_signal
314,discovery,/measure,18,-1400.0,1400.0,0.0,0.0,1,5,0,6.0,no_signal
315,discovery,/measure,20,-1400.0,1400.0,0.0,0.0,1,5,0,6.0,no_signal
316,active_localization,/measure,6,-869.0689371610282,1613.693763392619,572.3223025535707,114.46446051071413,1,5,0,120.46446051071413,direction
317,certified_clear,/clear,6,-916.1179309444965,1545.0750028013895,83.19941178345748,16.639882356691494,0,0,5,21.639882356691494,success
318,active_localization,/measure,12,-738.6228412461938,1680.1426543418336,223.04209772968719,44.60841954593744,1,5,0,50.60841954593744,direction
319,certified_clear,/clear,12,-754.6646469724045,1632.349140789794,50.413881705403995,10.082776341080798,0,0,5,15.082776341080798,success
320,discovery,/measure,1,-1400.0,2100.0,796.9661498378053,159.39322996756107,1,5,0,165.39322996756107,no_signal
321,discovery,/measure,2,-1400.0,2100.0,0.0,0.0,1,5,0,6.0,no_signal
322,discovery,/measure,3,-1400.0,2100.0,0.0,0.0,1,5,0,6.0,no_signal
323,discovery,/measure,5,-1400.0,2100.0,0.0,0.0,1,5,0,6.0,no_signal
324,discovery,/measure,7,-1400.0,2100.0,0.0,0.0,1,5,0,6.0,no_signal
325,discovery,/measure,8,-1400.0,2100.0,0.0,0.0,1,5,0,6.0,no_signal
326,discovery,/measure,10,-1400.0,2100.0,0.0,0.0,1,5,0,6.0,no_signal
327,discovery,/measure,13,-1400.0,2100.0,0.0,0.0,1,5,0,6.0,no_signal
328,discovery,/measure,14,-1400.0,2100.0,0.0,0.0,1,5,0,6.0,no_signal
329,discovery,/measure,15,-1400.0,2100.0,0.0,0.0,1,5,0,6.0,no_signal
330,discovery,/measure,16,-1400.0,2100.0,0.0,0.0,1,5,0,6.0,no_signal
331,discovery,/measure,17,-1400.0,2100.0,0.0,0.0,1,5,0,6.0,no_signal
332,discovery,/measure,18,-1400.0,2100.0,0.0,0.0,1,5,0,6.0,no_signal
333,discovery,/measure,19,-1400.0,2100.0,0.0,0.0,1,5,0,6.0,no_signal
334,discovery,/measure,20,-1400.0,2100.0,0.0,0.0,1,5,0,6.0,no_signal
335,discovery,/measure,20,-700.0,2100.0,700.0,140.0,0,5,0,145.0,no_signal
336,discovery,/measure,1,-700.0,2100.0,0.0,0.0,1,5,0,6.0,no_signal
337,discovery,/measure,2,-700.0,2100.0,0.0,0.0,1,5,0,6.0,no_signal
338,discovery,/measure,3,-700.0,2100.0,0.0,0.0,1,5,0,6.0,no_signal
339,discovery,/measure,5,-700.0,2100.0,0.0,0.0,1,5,0,6.0,no_signal
340,discovery,/measure,7,-700.0,2100.0,0.0,0.0,1,5,0,6.0,no_signal
341,discovery,/measure,8,-700.0,2100.0,0.0,0.0,1,5,0,6.0,no_signal
342,discovery,/measure,10,-700.0,2100.0,0.0,0.0,1,5,0,6.0,no_signal
343,discovery,/measure,13,-700.0,2100.0,0.0,0.0,1,5,0,6.0,no_signal
344,discovery,/measure,14,-700.0,2100.0,0.0,0.0,1,5,0,6.0,no_signal
345,discovery,/measure,15,-700.0,2100.0,0.0,0.0,1,5,0,6.0,no_signal
346,discovery,/measure,16,-700.0,2100.0,0.0,0.0,1,5,0,6.0,no_signal
347,discovery,/measure,17,-700.0,2100.0,0.0,0.0,1,5,0,6.0,no_signal
348,discovery,/measure,18,-700.0,2100.0,0.0,0.0,1,5,0,6.0,no_signal
349,discovery,/measure,19,-700.0,2100.0,0.0,0.0,1,5,0,6.0,direction
350,discovery,/measure,19,-700.0,1400.0,700.0,140.0,0,5,0,145.0,no_signal
351,discovery,/measure,1,-700.0,1400.0,0.0,0.0,1,5,0,6.0,no_signal
352,discovery,/measure,2,-700.0,1400.0,0.0,0.0,1,5,0,6.0,no_signal
353,discovery,/measure,3,-700.0,1400.0,0.0,0.0,1,5,0,6.0,no_signal
354,discovery,/measure,5,-700.0,1400.0,0.0,0.0,1,5,0,6.0,no_signal
355,discovery,/measure,7,-700.0,1400.0,0.0,0.0,1,5,0,6.0,no_signal
356,discovery,/measure,8,-700.0,1400.0,0.0,0.0,1,5,0,6.0,no_signal
357,discovery,/measure,10,-700.0,1400.0,0.0,0.0,1,5,0,6.0,no_signal
358,discovery,/measure,13,-700.0,1400.0,0.0,0.0,1,5,0,6.0,no_signal
359,discovery,/measure,14,-700.0,1400.0,0.0,0.0,1,5,0,6.0,no_signal
360,discovery,/measure,15,-700.0,1400.0,0.0,0.0,1,5,0,6.0,no_signal
361,discovery,/measure,16,-700.0,1400.0,0.0,0.0,1,5,0,6.0,no_signal
362,discovery,/measure,17,-700.0,1400.0,0.0,0.0,1,5,0,6.0,no_signal
363,discovery,/measure,18,-700.0,1400.0,0.0,0.0,1,5,0,6.0,no_signal
364,discovery,/measure,20,-700.0,1400.0,0.0,0.0,1,5,0,6.0,no_signal
365,discovery,/measure,20,-700.0,700.0,700.0,140.0,0,5,0,145.0,no_signal
366,discovery,/measure,1,-700.0,700.0,0.0,0.0,1,5,0,6.0,no_signal
367,discovery,/measure,2,-700.0,700.0,0.0,0.0,1,5,0,6.0,no_signal
368,discovery,/measure,3,-700.0,700.0,0.0,0.0,1,5,0,6.0,no_signal
369,discovery,/measure,5,-700.0,700.0,0.0,0.0,1,5,0,6.0,no_signal
370,discovery,/measure,7,-700.0,700.0,0.0,0.0,1,5,0,6.0,no_signal
371,discovery,/measure,8,-700.0,700.0,0.0,0.0,1,5,0,6.0,no_signal
372,discovery,/measure,10,-700.0,700.0,0.0,0.0,1,5,0,6.0,no_signal
373,discovery,/measure,13,-700.0,700.0,0.0,0.0,1,5,0,6.0,no_signal
374,discovery,/measure,14,-700.0,700.0,0.0,0.0,1,5,0,6.0,no_signal
375,discovery,/measure,15,-700.0,700.0,0.0,0.0,1,5,0,6.0,no_signal
376,discovery,/measure,16,-700.0,700.0,0.0,0.0,1,5,0,6.0,no_signal
377,discovery,/measure,17,-700.0,700.0,0.0,0.0,1,5,0,6.0,no_signal
378,discovery,/measure,18,-700.0,700.0,0.0,0.0,1,5,0,6.0,no_signal
379,discovery,/measure,19,-700.0,700.0,0.0,0.0,1,5,0,6.0,no_signal
380,discovery,/measure,19,0.0,700.0,700.0,140.0,0,5,0,145.0,no_signal
381,discovery,/measure,1,0.0,700.0,0.0,0.0,1,5,0,6.0,no_signal
382,discovery,/measure,2,0.0,700.0,0.0,0.0,1,5,0,6.0,no_signal
383,discovery,/measure,3,0.0,700.0,0.0,0.0,1,5,0,6.0,no_signal
384,discovery,/measure,5,0.0,700.0,0.0,0.0,1,5,0,6.0,no_signal
385,discovery,/measure,7,0.0,700.0,0.0,0.0,1,5,0,6.0,no_signal
386,discovery,/measure,8,0.0,700.0,0.0,0.0,1,5,0,6.0,no_signal
387,discovery,/measure,10,0.0,700.0,0.0,0.0,1,5,0,6.0,no_signal
388,discovery,/measure,13,0.0,700.0,0.0,0.0,1,5,0,6.0,no_signal
389,discovery,/measure,14,0.0,700.0,0.0,0.0,1,5,0,6.0,no_signal
390,discovery,/measure,15,0.0,700.0,0.0,0.0,1,5,0,6.0,no_signal
391,discovery,/measure,16,0.0,700.0,0.0,0.0,1,5,0,6.0,no_signal
392,discovery,/measure,17,0.0,700.0,0.0,0.0,1,5,0,6.0,no_signal
393,discovery,/measure,18,0.0,700.0,0.0,0.0,1,5,0,6.0,no_signal
394,discovery,/measure,20,0.0,700.0,0.0,0.0,1,5,0,6.0,no_signal
395,discovery,/measure,20,0.0,1400.0,700.0,140.0,0,5,0,145.0,no_signal
396,discovery,/measure,1,0.0,1400.0,0.0,0.0,1,5,0,6.0,no_signal
397,discovery,/measure,2,0.0,1400.0,0.0,0.0,1,5,0,6.0,no_signal
398,discovery,/measure,3,0.0,1400.0,0.0,0.0,1,5,0,6.0,no_signal
399,discovery,/measure,5,0.0,1400.0,0.0,0.0,1,5,0,6.0,no_signal
400,discovery,/measure,7,0.0,1400.0,0.0,0.0,1,5,0,6.0,no_signal
401,discovery,/measure,8,0.0,1400.0,0.0,0.0,1,5,0,6.0,no_signal
402,discovery,/measure,10,0.0,1400.0,0.0,0.0,1,5,0,6.0,no_signal
403,discovery,/measure,13,0.0,1400.0,0.0,0.0,1,5,0,6.0,no_signal
404,discovery,/measure,14,0.0,1400.0,0.0,0.0,1,5,0,6.0,no_signal
405,discovery,/measure,15,0.0,1400.0,0.0,0.0,1,5,0,6.0,no_signal
406,discovery,/measure,16,0.0,1400.0,0.0,0.0,1,5,0,6.0,no_signal
407,discovery,/measure,17,0.0,1400.0,0.0,0.0,1,5,0,6.0,no_signal
408,discovery,/measure,18,0.0,1400.0,0.0,0.0,1,5,0,6.0,no_signal
409,discovery,/measure,19,0.0,1400.0,0.0,0.0,1,5,0,6.0,no_signal
410,diagnostic,/measure,19,67.36589833619104,1705.4103008931052,312.75168448828384,62.55033689765677,0,5,0,67.55033689765676,no_signal
411,diagnostic,/measure,19,230.44202897333162,1899.9856838529827,253.8767496986771,50.77534993973542,0,5,0,55.77534993973542,direction
412,certified_clear,/clear,19,63.71297636963521,1797.6474638673076,195.63151139824737,39.12630227964947,0,0,5,44.12630227964947,success
413,discovery,/measure,1,0.0,2100.0,308.9925556769107,61.798511135382135,1,5,0,67.79851113538214,no_signal
414,discovery,/measure,2,0.0,2100.0,0.0,0.0,1,5,0,6.0,no_signal
415,discovery,/measure,3,0.0,2100.0,0.0,0.0,1,5,0,6.0,no_signal
416,discovery,/measure,5,0.0,2100.0,0.0,0.0,1,5,0,6.0,no_signal
417,discovery,/measure,7,0.0,2100.0,0.0,0.0,1,5,0,6.0,no_signal
418,discovery,/measure,8,0.0,2100.0,0.0,0.0,1,5,0,6.0,no_signal
419,discovery,/measure,10,0.0,2100.0,0.0,0.0,1,5,0,6.0,no_signal
420,discovery,/measure,13,0.0,2100.0,0.0,0.0,1,5,0,6.0,no_signal
421,discovery,/measure,14,0.0,2100.0,0.0,0.0,1,5,0,6.0,no_signal
422,discovery,/measure,15,0.0,2100.0,0.0,0.0,1,5,0,6.0,no_signal
423,discovery,/measure,16,0.0,2100.0,0.0,0.0,1,5,0,6.0,no_signal
424,discovery,/measure,17,0.0,2100.0,0.0,0.0,1,5,0,6.0,no_signal
425,discovery,/measure,18,0.0,2100.0,0.0,0.0,1,5,0,6.0,no_signal
426,discovery,/measure,20,0.0,2100.0,0.0,0.0,1,5,0,6.0,no_signal
427,discovery,/measure,20,700.0,2100.0,700.0,140.0,0,5,0,145.0,no_signal
428,discovery,/measure,1,700.0,2100.0,0.0,0.0,1,5,0,6.0,no_signal
429,discovery,/measure,2,700.0,2100.0,0.0,0.0,1,5,0,6.0,no_signal
430,discovery,/measure,3,700.0,2100.0,0.0,0.0,1,5,0,6.0,no_signal
431,discovery,/measure,5,700.0,2100.0,0.0,0.0,1,5,0,6.0,no_signal
432,discovery,/measure,7,700.0,2100.0,0.0,0.0,1,5,0,6.0,no_signal
433,discovery,/measure,8,700.0,2100.0,0.0,0.0,1,5,0,6.0,no_signal
434,discovery,/measure,10,700.0,2100.0,0.0,0.0,1,5,0,6.0,no_signal
435,discovery,/measure,13,700.0,2100.0,0.0,0.0,1,5,0,6.0,no_signal
436,discovery,/measure,14,700.0,2100.0,0.0,0.0,1,5,0,6.0,no_signal
437,discovery,/measure,15,700.0,2100.0,0.0,0.0,1,5,0,6.0,no_signal
438,discovery,/measure,16,700.0,2100.0,0.0,0.0,1,5,0,6.0,no_signal
439,discovery,/measure,17,700.0,2100.0,0.0,0.0,1,5,0,6.0,no_signal
440,discovery,/measure,18,700.0,2100.0,0.0,0.0,1,5,0,6.0,no_signal
441,discovery,/measure,18,700.0,1400.0,700.0,140.0,0,5,0,145.0,no_signal
442,discovery,/measure,1,700.0,1400.0,0.0,0.0,1,5,0,6.0,no_signal
443,discovery,/measure,2,700.0,1400.0,0.0,0.0,1,5,0,6.0,no_signal
444,discovery,/measure,3,700.0,1400.0,0.0,0.0,1,5,0,6.0,no_signal
445,discovery,/measure,5,700.0,1400.0,0.0,0.0,1,5,0,6.0,no_signal
446,discovery,/measure,7,700.0,1400.0,0.0,0.0,1,5,0,6.0,no_signal
447,discovery,/measure,8,700.0,1400.0,0.0,0.0,1,5,0,6.0,no_signal
448,discovery,/measure,10,700.0,1400.0,0.0,0.0,1,5,0,6.0,no_signal
449,discovery,/measure,13,700.0,1400.0,0.0,0.0,1,5,0,6.0,no_signal
450,discovery,/measure,14,700.0,1400.0,0.0,0.0,1,5,0,6.0,no_signal
451,discovery,/measure,15,700.0,1400.0,0.0,0.0,1,5,0,6.0,no_signal
452,discovery,/measure,16,700.0,1400.0,0.0,0.0,1,5,0,6.0,no_signal
453,discovery,/measure,17,700.0,1400.0,0.0,0.0,1,5,0,6.0,no_signal
454,discovery,/measure,20,700.0,1400.0,0.0,0.0,1,5,0,6.0,no_signal
455,discovery,/measure,20,700.0,700.0,700.0,140.0,0,5,0,145.0,no_signal
456,discovery,/measure,1,700.0,700.0,0.0,0.0,1,5,0,6.0,no_signal
457,discovery,/measure,2,700.0,700.0,0.0,0.0,1,5,0,6.0,no_signal
458,discovery,/measure,3,700.0,700.0,0.0,0.0,1,5,0,6.0,no_signal
459,discovery,/measure,5,700.0,700.0,0.0,0.0,1,5,0,6.0,no_signal
460,discovery,/measure,7,700.0,700.0,0.0,0.0,1,5,0,6.0,no_signal
461,discovery,/measure,8,700.0,700.0,0.0,0.0,1,5,0,6.0,no_signal
462,discovery,/measure,10,700.0,700.0,0.0,0.0,1,5,0,6.0,no_signal
463,discovery,/measure,13,700.0,700.0,0.0,0.0,1,5,0,6.0,no_signal
464,discovery,/measure,14,700.0,700.0,0.0,0.0,1,5,0,6.0,no_signal
465,discovery,/measure,15,700.0,700.0,0.0,0.0,1,5,0,6.0,no_signal
466,discovery,/measure,16,700.0,700.0,0.0,0.0,1,5,0,6.0,no_signal
467,discovery,/measure,17,700.0,700.0,0.0,0.0,1,5,0,6.0,no_signal
468,discovery,/measure,18,700.0,700.0,0.0,0.0,1,5,0,6.0,no_signal
469,discovery,/measure,18,700.0,0.0,700.0,140.0,0,5,0,145.0,no_signal
470,discovery,/measure,1,700.0,0.0,0.0,0.0,1,5,0,6.0,no_signal
471,discovery,/measure,2,700.0,0.0,0.0,0.0,1,5,0,6.0,no_signal
472,discovery,/measure,3,700.0,0.0,0.0,0.0,1,5,0,6.0,no_signal
473,discovery,/measure,5,700.0,0.0,0.0,0.0,1,5,0,6.0,no_signal
474,discovery,/measure,7,700.0,0.0,0.0,0.0,1,5,0,6.0,no_signal
475,discovery,/measure,8,700.0,0.0,0.0,0.0,1,5,0,6.0,no_signal
476,discovery,/measure,10,700.0,0.0,0.0,0.0,1,5,0,6.0,no_signal
477,discovery,/measure,13,700.0,0.0,0.0,0.0,1,5,0,6.0,no_signal
478,discovery,/measure,14,700.0,0.0,0.0,0.0,1,5,0,6.0,no_signal
479,discovery,/measure,15,700.0,0.0,0.0,0.0,1,5,0,6.0,no_signal
480,discovery,/measure,16,700.0,0.0,0.0,0.0,1,5,0,6.0,no_signal
481,discovery,/measure,17,700.0,0.0,0.0,0.0,1,5,0,6.0,no_signal
482,discovery,/measure,20,700.0,0.0,0.0,0.0,1,5,0,6.0,no_signal
483,discovery,/measure,20,700.0,-700.0,700.0,140.0,0,5,0,145.0,no_signal
484,discovery,/measure,1,700.0,-700.0,0.0,0.0,1,5,0,6.0,no_signal
485,discovery,/measure,2,700.0,-700.0,0.0,0.0,1,5,0,6.0,no_signal
486,discovery,/measure,3,700.0,-700.0,0.0,0.0,1,5,0,6.0,no_signal
487,discovery,/measure,5,700.0,-700.0,0.0,0.0,1,5,0,6.0,no_signal
488,discovery,/measure,7,700.0,-700.0,0.0,0.0,1,5,0,6.0,no_signal
489,discovery,/measure,8,700.0,-700.0,0.0,0.0,1,5,0,6.0,no_signal
490,discovery,/measure,10,700.0,-700.0,0.0,0.0,1,5,0,6.0,no_signal
491,discovery,/measure,13,700.0,-700.0,0.0,0.0,1,5,0,6.0,no_signal
492,discovery,/measure,14,700.0,-700.0,0.0,0.0,1,5,0,6.0,no_signal
493,discovery,/measure,15,700.0,-700.0,0.0,0.0,1,5,0,6.0,no_signal
494,discovery,/measure,16,700.0,-700.0,0.0,0.0,1,5,0,6.0,no_signal
495,discovery,/measure,17,700.0,-700.0,0.0,0.0,1,5,0,6.0,no_signal
496,discovery,/measure,18,700.0,-700.0,0.0,0.0,1,5,0,6.0,no_signal
497,discovery,/measure,18,0.0,-700.0,700.0,140.0,0,5,0,145.0,no_signal
498,discovery,/measure,1,0.0,-700.0,0.0,0.0,1,5,0,6.0,no_signal
499,discovery,/measure,2,0.0,-700.0,0.0,0.0,1,5,0,6.0,no_signal
500,discovery,/measure,3,0.0,-700.0,0.0,0.0,1,5,0,6.0,no_signal
501,discovery,/measure,5,0.0,-700.0,0.0,0.0,1,5,0,6.0,no_signal
502,discovery,/measure,7,0.0,-700.0,0.0,0.0,1,5,0,6.0,no_signal
503,discovery,/measure,8,0.0,-700.0,0.0,0.0,1,5,0,6.0,no_signal
504,discovery,/measure,10,0.0,-700.0,0.0,0.0,1,5,0,6.0,no_signal
505,discovery,/measure,13,0.0,-700.0,0.0,0.0,1,5,0,6.0,no_signal
506,discovery,/measure,14,0.0,-700.0,0.0,0.0,1,5,0,6.0,no_signal
507,discovery,/measure,15,0.0,-700.0,0.0,0.0,1,5,0,6.0,no_signal
508,discovery,/measure,16,0.0,-700.0,0.0,0.0,1,5,0,6.0,no_signal
509,discovery,/measure,17,0.0,-700.0,0.0,0.0,1,5,0,6.0,no_signal
510,discovery,/measure,20,0.0,-700.0,0.0,0.0,1,5,0,6.0,no_signal
511,discovery,/measure,20,0.0,-1400.0,700.0,140.0,0,5,0,145.0,no_signal
512,discovery,/measure,1,0.0,-1400.0,0.0,0.0,1,5,0,6.0,no_signal
513,discovery,/measure,2,0.0,-1400.0,0.0,0.0,1,5,0,6.0,no_signal
514,discovery,/measure,3,0.0,-1400.0,0.0,0.0,1,5,0,6.0,no_signal
515,discovery,/measure,5,0.0,-1400.0,0.0,0.0,1,5,0,6.0,no_signal
516,discovery,/measure,7,0.0,-1400.0,0.0,0.0,1,5,0,6.0,no_signal
517,discovery,/measure,8,0.0,-1400.0,0.0,0.0,1,5,0,6.0,no_signal
518,discovery,/measure,10,0.0,-1400.0,0.0,0.0,1,5,0,6.0,no_signal
519,discovery,/measure,13,0.0,-1400.0,0.0,0.0,1,5,0,6.0,no_signal
520,discovery,/measure,14,0.0,-1400.0,0.0,0.0,1,5,0,6.0,no_signal
521,discovery,/measure,15,0.0,-1400.0,0.0,0.0,1,5,0,6.0,no_signal
522,discovery,/measure,16,0.0,-1400.0,0.0,0.0,1,5,0,6.0,no_signal
523,discovery,/measure,17,0.0,-1400.0,0.0,0.0,1,5,0,6.0,no_signal
524,discovery,/measure,18,0.0,-1400.0,0.0,0.0,1,5,0,6.0,no_signal
525,diagnostic,/measure,10,80.73619312846216,-1709.5256461157303,319.88194460493804,63.97638892098761,1,5,0,69.9763889209876,no_signal
526,diagnostic,/measure,10,247.61878070786855,-1903.7711520711086,256.0880993350905,51.217619867018094,0,5,0,56.217619867018094,direction
527,certified_clear,/clear,10,96.85852379925409,-1796.5517856064337,184.99904758738003,36.99980951747601,0,0,5,41.99980951747601,success
528,discovery,/measure,1,0.0,-2100.0,318.5316192330276,63.706323846605514,1,5,0,69.70632384660551,no_signal
529,discovery,/measure,2,0.0,-2100.0,0.0,0.0,1,5,0,6.0,no_signal
530,discovery,/measure,3,0.0,-2100.0,0.0,0.0,1,5,0,6.0,no_signal
531,discovery,/measure,5,0.0,-2100.0,0.0,0.0,1,5,0,6.0,direction
532,discovery,/measure,7,0.0,-2100.0,0.0,0.0,1,5,0,6.0,no_signal
533,discovery,/measure,8,0.0,-2100.0,0.0,0.0,1,5,0,6.0,no_signal
534,discovery,/measure,13,0.0,-2100.0,0.0,0.0,1,5,0,6.0,no_signal
535,discovery,/measure,14,0.0,-2100.0,0.0,0.0,1,5,0,6.0,direction
536,discovery,/measure,15,0.0,-2100.0,0.0,0.0,1,5,0,6.0,no_signal
537,discovery,/measure,16,0.0,-2100.0,0.0,0.0,1,5,0,6.0,no_signal
538,discovery,/measure,17,0.0,-2100.0,0.0,0.0,1,5,0,6.0,no_signal
539,discovery,/measure,18,0.0,-2100.0,0.0,0.0,1,5,0,6.0,no_signal
540,discovery,/measure,20,0.0,-2100.0,0.0,0.0,1,5,0,6.0,no_signal
541,discovery,/measure,20,700.0,-2100.0,700.0,140.0,0,5,0,145.0,no_signal
542,discovery,/measure,1,700.0,-2100.0,0.0,0.0,1,5,0,6.0,no_signal
543,discovery,/measure,2,700.0,-2100.0,0.0,0.0,1,5,0,6.0,no_signal
544,discovery,/measure,3,700.0,-2100.0,0.0,0.0,1,5,0,6.0,no_signal
545,discovery,/measure,5,700.0,-2100.0,0.0,0.0,1,5,0,6.0,direction
546,discovery,/measure,7,700.0,-2100.0,0.0,0.0,1,5,0,6.0,no_signal
547,discovery,/measure,8,700.0,-2100.0,0.0,0.0,1,5,0,6.0,no_signal
548,discovery,/measure,13,700.0,-2100.0,0.0,0.0,1,5,0,6.0,no_signal
549,discovery,/measure,14,700.0,-2100.0,0.0,0.0,1,5,0,6.0,direction
550,discovery,/measure,15,700.0,-2100.0,0.0,0.0,1,5,0,6.0,no_signal
551,discovery,/measure,16,700.0,-2100.0,0.0,0.0,1,5,0,6.0,no_signal
552,discovery,/measure,17,700.0,-2100.0,0.0,0.0,1,5,0,6.0,no_signal
553,discovery,/measure,18,700.0,-2100.0,0.0,0.0,1,5,0,6.0,no_signal
554,certified_clear,/clear,5,571.4059030956732,-1697.9949835108189,422.07164681023784,84.41432936204757,0,0,5,89.41432936204757,success
555,certified_clear,/clear,14,462.69442844727445,-1734.2115093659806,114.58543304123371,22.91708660824674,0,0,5,27.91708660824674,success
556,discovery,/measure,18,700.0,-1400.0,409.891775085391,81.9783550170782,0,5,0,86.9783550170782,no_signal
557,discovery,/measure,1,700.0,-1400.0,0.0,0.0,1,5,0,6.0,no_signal
558,discovery,/measure,2,700.0,-1400.0,0.0,0.0,1,5,0,6.0,no_signal
559,discovery,/measure,3,700.0,-1400.0,0.0,0.0,1,5,0,6.0,no_signal
560,discovery,/measure,7,700.0,-1400.0,0.0,0.0,1,5,0,6.0,no_signal
561,discovery,/measure,8,700.0,-1400.0,0.0,0.0,1,5,0,6.0,no_signal
562,discovery,/measure,13,700.0,-1400.0,0.0,0.0,1,5,0,6.0,no_signal
563,discovery,/measure,15,700.0,-1400.0,0.0,0.0,1,5,0,6.0,no_signal
564,discovery,/measure,16,700.0,-1400.0,0.0,0.0,1,5,0,6.0,no_signal
565,discovery,/measure,17,700.0,-1400.0,0.0,0.0,1,5,0,6.0,no_signal
566,discovery,/measure,20,700.0,-1400.0,0.0,0.0,1,5,0,6.0,no_signal
567,discovery,/measure,20,1400.0,-1400.0,700.0,140.0,0,5,0,145.0,no_signal
568,discovery,/measure,1,1400.0,-1400.0,0.0,0.0,1,5,0,6.0,no_signal
569,discovery,/measure,2,1400.0,-1400.0,0.0,0.0,1,5,0,6.0,no_signal
570,discovery,/measure,3,1400.0,-1400.0,0.0,0.0,1,5,0,6.0,no_signal
571,discovery,/measure,7,1400.0,-1400.0,0.0,0.0,1,5,0,6.0,no_signal
572,discovery,/measure,8,1400.0,-1400.0,0.0,0.0,1,5,0,6.0,no_signal
573,discovery,/measure,13,1400.0,-1400.0,0.0,0.0,1,5,0,6.0,no_signal
574,discovery,/measure,15,1400.0,-1400.0,0.0,0.0,1,5,0,6.0,no_signal
575,discovery,/measure,16,1400.0,-1400.0,0.0,0.0,1,5,0,6.0,no_signal
576,discovery,/measure,17,1400.0,-1400.0,0.0,0.0,1,5,0,6.0,no_signal
577,discovery,/measure,18,1400.0,-1400.0,0.0,0.0,1,5,0,6.0,no_signal
578,discovery,/measure,18,1400.0,-2100.0,700.0,140.0,0,5,0,145.0,no_signal
579,discovery,/measure,1,1400.0,-2100.0,0.0,0.0,1,5,0,6.0,no_signal
580,discovery,/measure,2,1400.0,-2100.0,0.0,0.0,1,5,0,6.0,no_signal
581,discovery,/measure,3,1400.0,-2100.0,0.0,0.0,1,5,0,6.0,no_signal
582,discovery,/measure,7,1400.0,-2100.0,0.0,0.0,1,5,0,6.0,no_signal
583,discovery,/measure,8,1400.0,-2100.0,0.0,0.0,1,5,0,6.0,no_signal
584,discovery,/measure,13,1400.0,-2100.0,0.0,0.0,1,5,0,6.0,no_signal
585,discovery,/measure,15,1400.0,-2100.0,0.0,0.0,1,5,0,6.0,no_signal
586,discovery,/measure,16,1400.0,-2100.0,0.0,0.0,1,5,0,6.0,no_signal
587,discovery,/measure,17,1400.0,-2100.0,0.0,0.0,1,5,0,6.0,no_signal
588,discovery,/measure,20,1400.0,-2100.0,0.0,0.0,1,5,0,6.0,no_signal
589,discovery,/measure,20,2100.0,-1400.0,989.9494936611666,197.9898987322333,0,5,0,202.9898987322333,no_signal
590,discovery,/measure,1,2100.0,-1400.0,0.0,0.0,1,5,0,6.0,no_signal
591,discovery,/measure,2,2100.0,-1400.0,0.0,0.0,1,5,0,6.0,no_signal
592,discovery,/measure,3,2100.0,-1400.0,0.0,0.0,1,5,0,6.0,no_signal
593,discovery,/measure,7,2100.0,-1400.0,0.0,0.0,1,5,0,6.0,no_signal
594,discovery,/measure,8,2100.0,-1400.0,0.0,0.0,1,5,0,6.0,no_signal
595,discovery,/measure,13,2100.0,-1400.0,0.0,0.0,1,5,0,6.0,no_signal
596,discovery,/measure,15,2100.0,-1400.0,0.0,0.0,1,5,0,6.0,no_signal
597,discovery,/measure,16,2100.0,-1400.0,0.0,0.0,1,5,0,6.0,no_signal
598,discovery,/measure,17,2100.0,-1400.0,0.0,0.0,1,5,0,6.0,no_signal
599,discovery,/measure,18,2100.0,-1400.0,0.0,0.0,1,5,0,6.0,no_signal
600,discovery,/measure,18,2100.0,-700.0,700.0,140.0,0,5,0,145.0,no_signal
601,discovery,/measure,1,2100.0,-700.0,0.0,0.0,1,5,0,6.0,no_signal
602,discovery,/measure,2,2100.0,-700.0,0.0,0.0,1,5,0,6.0,no_signal
603,discovery,/measure,3,2100.0,-700.0,0.0,0.0,1,5,0,6.0,no_signal
604,discovery,/measure,7,2100.0,-700.0,0.0,0.0,1,5,0,6.0,no_signal
605,discovery,/measure,8,2100.0,-700.0,0.0,0.0,1,5,0,6.0,no_signal
606,discovery,/measure,13,2100.0,-700.0,0.0,0.0,1,5,0,6.0,no_signal
607,discovery,/measure,15,2100.0,-700.0,0.0,0.0,1,5,0,6.0,no_signal
608,discovery,/measure,16,2100.0,-700.0,0.0,0.0,1,5,0,6.0,no_signal
609,discovery,/measure,17,2100.0,-700.0,0.0,0.0,1,5,0,6.0,no_signal
610,discovery,/measure,20,2100.0,-700.0,0.0,0.0,1,5,0,6.0,no_signal
611,discovery,/measure,20,1400.0,-700.0,700.0,140.0,0,5,0,145.0,no_signal
612,discovery,/measure,1,1400.0,-700.0,0.0,0.0,1,5,0,6.0,no_signal
613,discovery,/measure,2,1400.0,-700.0,0.0,0.0,1,5,0,6.0,no_signal
614,discovery,/measure,3,1400.0,-700.0,0.0,0.0,1,5,0,6.0,no_signal
615,discovery,/measure,7,1400.0,-700.0,0.0,0.0,1,5,0,6.0,no_signal
616,discovery,/measure,8,1400.0,-700.0,0.0,0.0,1,5,0,6.0,no_signal
617,discovery,/measure,13,1400.0,-700.0,0.0,0.0,1,5,0,6.0,no_signal
618,discovery,/measure,15,1400.0,-700.0,0.0,0.0,1,5,0,6.0,no_signal
619,discovery,/measure,16,1400.0,-700.0,0.0,0.0,1,5,0,6.0,no_signal
620,discovery,/measure,17,1400.0,-700.0,0.0,0.0,1,5,0,6.0,no_signal
621,discovery,/measure,18,1400.0,-700.0,0.0,0.0,1,5,0,6.0,no_signal
622,discovery,/measure,18,1400.0,0.0,700.0,140.0,0,5,0,145.0,no_signal
623,discovery,/measure,1,1400.0,0.0,0.0,0.0,1,5,0,6.0,no_signal
624,discovery,/measure,2,1400.0,0.0,0.0,0.0,1,5,0,6.0,no_signal
625,discovery,/measure,3,1400.0,0.0,0.0,0.0,1,5,0,6.0,no_signal
626,discovery,/measure,7,1400.0,0.0,0.0,0.0,1,5,0,6.0,no_signal
627,discovery,/measure,8,1400.0,0.0,0.0,0.0,1,5,0,6.0,no_signal
628,discovery,/measure,13,1400.0,0.0,0.0,0.0,1,5,0,6.0,no_signal
629,discovery,/measure,15,1400.0,0.0,0.0,0.0,1,5,0,6.0,no_signal
630,discovery,/measure,16,1400.0,0.0,0.0,0.0,1,5,0,6.0,no_signal
631,discovery,/measure,17,1400.0,0.0,0.0,0.0,1,5,0,6.0,no_signal
632,discovery,/measure,20,1400.0,0.0,0.0,0.0,1,5,0,6.0,no_signal
633,discovery,/measure,20,1400.0,700.0,700.0,140.0,0,5,0,145.0,no_signal
634,discovery,/measure,1,1400.0,700.0,0.0,0.0,1,5,0,6.0,no_signal
635,discovery,/measure,2,1400.0,700.0,0.0,0.0,1,5,0,6.0,no_signal
636,discovery,/measure,3,1400.0,700.0,0.0,0.0,1,5,0,6.0,no_signal
637,discovery,/measure,7,1400.0,700.0,0.0,0.0,1,5,0,6.0,no_signal
638,discovery,/measure,8,1400.0,700.0,0.0,0.0,1,5,0,6.0,no_signal
639,discovery,/measure,13,1400.0,700.0,0.0,0.0,1,5,0,6.0,no_signal
640,discovery,/measure,15,1400.0,700.0,0.0,0.0,1,5,0,6.0,no_signal
641,discovery,/measure,16,1400.0,700.0,0.0,0.0,1,5,0,6.0,no_signal
642,discovery,/measure,17,1400.0,700.0,0.0,0.0,1,5,0,6.0,no_signal
643,discovery,/measure,18,1400.0,700.0,0.0,0.0,1,5,0,6.0,no_signal
644,discovery,/measure,18,1400.0,1400.0,700.0,140.0,0,5,0,145.0,no_signal
645,discovery,/measure,1,1400.0,1400.0,0.0,0.0,1,5,0,6.0,no_signal
646,discovery,/measure,2,1400.0,1400.0,0.0,0.0,1,5,0,6.0,direction
647,discovery,/measure,3,1400.0,1400.0,0.0,0.0,1,5,0,6.0,no_signal
648,discovery,/measure,7,1400.0,1400.0,0.0,0.0,1,5,0,6.0,no_signal
649,discovery,/measure,8,1400.0,1400.0,0.0,0.0,1,5,0,6.0,no_signal
650,discovery,/measure,13,1400.0,1400.0,0.0,0.0,1,5,0,6.0,no_signal
651,discovery,/measure,15,1400.0,1400.0,0.0,0.0,1,5,0,6.0,no_signal
652,discovery,/measure,16,1400.0,1400.0,0.0,0.0,1,5,0,6.0,no_signal
653,discovery,/measure,17,1400.0,1400.0,0.0,0.0,1,5,0,6.0,no_signal
654,discovery,/measure,20,1400.0,1400.0,0.0,0.0,1,5,0,6.0,no_signal
655,discovery,/measure,20,1400.0,2100.0,700.0,140.0,0,5,0,145.0,no_signal
656,discovery,/measure,1,1400.0,2100.0,0.0,0.0,1,5,0,6.0,no_signal
657,discovery,/measure,2,1400.0,2100.0,0.0,0.0,1,5,0,6.0,no_signal
658,discovery,/measure,3,1400.0,2100.0,0.0,0.0,1,5,0,6.0,no_signal
659,discovery,/measure,7,1400.0,2100.0,0.0,0.0,1,5,0,6.0,no_signal
660,discovery,/measure,8,1400.0,2100.0,0.0,0.0,1,5,0,6.0,no_signal
661,discovery,/measure,13,1400.0,2100.0,0.0,0.0,1,5,0,6.0,no_signal
662,discovery,/measure,15,1400.0,2100.0,0.0,0.0,1,5,0,6.0,no_signal
663,discovery,/measure,16,1400.0,2100.0,0.0,0.0,1,5,0,6.0,no_signal
664,discovery,/measure,17,1400.0,2100.0,0.0,0.0,1,5,0,6.0,no_signal
665,discovery,/measure,18,1400.0,2100.0,0.0,0.0,1,5,0,6.0,no_signal
666,discovery,/measure,18,2100.0,1400.0,989.9494936611666,197.9898987322333,0,5,0,202.9898987322333,no_signal
667,discovery,/measure,1,2100.0,1400.0,0.0,0.0,1,5,0,6.0,no_signal
668,discovery,/measure,2,2100.0,1400.0,0.0,0.0,1,5,0,6.0,direction
669,discovery,/measure,3,2100.0,1400.0,0.0,0.0,1,5,0,6.0,no_signal
670,discovery,/measure,7,2100.0,1400.0,0.0,0.0,1,5,0,6.0,no_signal
671,discovery,/measure,8,2100.0,1400.0,0.0,0.0,1,5,0,6.0,no_signal
672,discovery,/measure,13,2100.0,1400.0,0.0,0.0,1,5,0,6.0,no_signal
673,discovery,/measure,15,2100.0,1400.0,0.0,0.0,1,5,0,6.0,no_signal
674,discovery,/measure,16,2100.0,1400.0,0.0,0.0,1,5,0,6.0,no_signal
675,discovery,/measure,17,2100.0,1400.0,0.0,0.0,1,5,0,6.0,no_signal
676,discovery,/measure,20,2100.0,1400.0,0.0,0.0,1,5,0,6.0,no_signal
677,certified_clear,/clear,2,1508.2288442207519,977.0978534714961,727.3508963015879,145.4701792603176,0,0,5,150.4701792603176,success
678,discovery,/measure,20,2100.0,700.0,653.4342516357847,130.68685032715695,0,5,0,135.68685032715695,no_signal
679,discovery,/measure,1,2100.0,700.0,0.0,0.0,1,5,0,6.0,no_signal
680,discovery,/measure,3,2100.0,700.0,0.0,0.0,1,5,0,6.0,no_signal
681,discovery,/measure,7,2100.0,700.0,0.0,0.0,1,5,0,6.0,no_signal
682,discovery,/measure,8,2100.0,700.0,0.0,0.0,1,5,0,6.0,no_signal
683,discovery,/measure,13,2100.0,700.0,0.0,0.0,1,5,0,6.0,no_signal
684,discovery,/measure,15,2100.0,700.0,0.0,0.0,1,5,0,6.0,no_signal
685,discovery,/measure,16,2100.0,700.0,0.0,0.0,1,5,0,6.0,no_signal
686,discovery,/measure,17,2100.0,700.0,0.0,0.0,1,5,0,6.0,no_signal
687,discovery,/measure,18,2100.0,700.0,0.0,0.0,1,5,0,6.0,no_signal
688,discovery,/measure,18,2100.0,0.0,700.0,140.0,0,5,0,145.0,no_signal
689,discovery,/measure,1,2100.0,0.0,0.0,0.0,1,5,0,6.0,no_signal
690,discovery,/measure,3,2100.0,0.0,0.0,0.0,1,5,0,6.0,no_signal
691,discovery,/measure,7,2100.0,0.0,0.0,0.0,1,5,0,6.0,no_signal
692,discovery,/measure,8,2100.0,0.0,0.0,0.0,1,5,0,6.0,no_signal
693,discovery,/measure,13,2100.0,0.0,0.0,0.0,1,5,0,6.0,no_signal
694,discovery,/measure,15,2100.0,0.0,0.0,0.0,1,5,0,6.0,no_signal
695,discovery,/measure,16,2100.0,0.0,0.0,0.0,1,5,0,6.0,no_signal
696,discovery,/measure,17,2100.0,0.0,0.0,0.0,1,5,0,6.0,no_signal
697,discovery,/measure,20,2100.0,0.0,0.0,0.0,1,5,0,6.0,no_signal
