id,step,pair,node,p,cleared,radius_mass,heading_mass,radius_relevant_mass,heading_relevant_mass
184,1,0,0,0.5089487691190357,False,0.037689017932256874,0.0,0.034161827378348775,0.0
184,1,0,1,0.09683926772708311,False,0.012871819629277402,0.0037722391298243715,0.010985700064365217,0.0037722391298243715
184,1,0,2,0.0,False,0.0,0.0,0.0,0.0
184,1,0,3,0.0,False,0.0,0.0,0.0,0.0
184,1,0,4,0.0,False,0.0,0.0030632972941113208,0.0,0.0
184,1,0,5,0.2975101274512469,False,0.034113846622916104,0.001700828607627053,0.02807814104469883,0.0
184,1,0,6,0.057366225913240934,False,0.043623559428953594,0.0,0.035568217542076085,0.0
184,1,0,7,0.4492009997489475,False,0.01699561296000232,0.00193057746899564,0.011851159299399762,0.00193057746899564
184,1,0,8,0.5667256716438971,False,0.0038790486281969445,0.0015236563262197322,0.001957771100822233,0.0015236563262197322
184,1,0,9,0.4987867700797942,False,0.01070692961577642,0.0,0.005128361180571359,0.0
184,1,0,10,0.29229462575992793,False,0.02462002956203317,0.0,0.01791542600176335,0.0
184,1,0,11,0.0,False,0.0,0.0,0.0,0.0
184,1,0,12,0.0,False,0.0,0.0,0.0,0.0
184,1,0,13,0.0,False,0.0,0.0,0.0,0.0
184,1,0,14,0.2712132530423238,False,0.015326973402698861,0.004358724195879463,0.013655022163998292,0.0
184,1,0,15,0.0,False,0.0,0.001671951238700571,0.0,0.0
184,1,0,16,0.0,False,0.0,0.0,0.0,0.0
184,1,0,17,0.0,False,0.0,0.006771260493120709,0.0,0.0
184,1,0,18,0.0,False,0.0,0.0018861195649121857,0.0,0.0
184,1,0,19,0.0,False,0.0,0.0018861195649121857,0.0,0.0
184,1,0,20,0.0,False,0.0,0.0015236563262197322,0.0,0.0
184,1,0,21,0.07671882920080227,False,0.007564832494955366,0.0017280127659361887,0.007564832494955366,0.0
184,1,0,22,0.8599140486184014,False,0.0,0.001605913026533387,0.0,0.001605913026533387
184,1,0,23,0.8283269103024732,False,0.0,0.003224484933846785,0.0,0.003224484933846785
184,1,1,0,0.47333376262537735,False,0.04105326218171707,0.0,0.037777122653275215,0.0
184,1,1,1,0.06336987663565243,False,0.00933922588857557,0.0016986255587712001,0.00933922588857557,0.0
184,1,1,2,0.0,False,0.0,0.0,0.0,0.0
184,1,1,3,0.0,False,0.0,0.0,0.0,0.0
184,1,1,4,0.0,False,0.0,0.0,0.0,0.0
184,1,1,5,0.31168839856751673,False,0.048620120471535626,0.0018851271321740782,0.03702459731593497,0.0
184,1,1,6,0.027902613851175123,False,0.02243271203282248,0.0,0.017443294139114045,0.0
184,1,1,7,0.48045322650640265,False,0.017212575789701277,0.0016050680320315886,0.013621237697965683,0.0016050680320315886
184,1,1,8,0.6386114481148475,False,0.005726995231041927,0.003127922645333489,0.005726995231041927,0.003127922645333489
184,1,1,9,0.5506064100317632,False,0.013726356477506044,0.0016050680320315886,0.0032214801720731006,0.0016050680320315886
184,1,1,10,0.2899624189112921,False,0.03140673972118705,0.0016050680320315886,0.02825127276714611,0.0
184,1,1,11,0.0,False,0.0,0.0,0.0,0.0
184,1,1,12,0.0,False,0.0,0.0,0.0,0.0
184,1,1,13,0.0,False,0.0,0.0018851271321740782,0.0,0.0
184,1,1,14,0.2526062651878847,False,0.028658353341122194,0.0019567409666937704,0.028658353341122194,0.0
184,1,1,15,0.0,False,0.0,0.0,0.0,0.0
184,1,1,16,0.0,False,0.0,0.0,0.0,0.0
184,1,1,17,0.0,False,0.0,0.0,0.0,0.0
184,1,1,18,0.0,False,0.0,0.0018851271321740782,0.0,0.0
184,1,1,19,0.0,False,0.0,0.0018851271321740782,0.0,0.0
184,1,1,20,0.0,False,0.0,0.0,0.0,0.0
184,1,1,21,0.05949286907363334,False,0.009495914587172872,0.0033321715573911533,0.009495914587172872,0.0
184,1,1,22,0.8551186653477735,False,0.0,0.005505327398228747,0.0,0.005505327398228747
184,1,1,23,0.8492304326565447,False,0.0,0.0019567409666937704,0.0,0.0019567409666937704
184,1,2,0,0.4582630619199669,False,0.028500338164351706,0.0016655308782290948,0.023284807850147037,0.0
184,1,2,1,0.08207206054688151,False,0.010993284365898498,0.0,0.010993284365898498,0.0
184,1,2,2,0.0,False,0.0,0.0036445505373937127,0.0,0.0
184,1,2,3,0.0,False,0.0,0.006572621194820832,0.0,0.0
184,1,2,4,0.0,False,0.0,0.0,0.0,0.0
184,1,2,5,0.27742352395174735,False,0.04650748559191611,0.0019138997438568868,0.036921202280614414,0.0019138997438568868
184,1,2,6,0.035191318464395556,False,0.038625034260530704,0.0,0.03365215932118108,0.0
184,1,2,7,0.44423409225218313,False,0.023785315727786305,0.0,0.01684605687058188,0.0
184,1,2,8,0.6261713216852995,False,0.019327126762571614,0.003608197100746238,0.014162995381782787,0.003608197100746238
184,1,2,9,0.5459838347633453,False,0.01241557524415722,0.0019138997438568868,0.007050951354605453,0.0019138997438568868
184,1,2,10,0.25834903717374347,False,0.024789291899549665,0.003864152924361248,0.02007222691288372,0.0
184,1,2,11,0.0,False,0.0,0.0,0.0,0.0
184,1,2,12,0.0,False,0.0,0.003544407667623227,0.0,0.0
184,1,2,13,0.0,False,0.0,0.0,0.0,0.0
184,1,2,14,0.24652114405843142,False,0.027799025130189576,0.001517805424218201,0.024559842579041768,0.0
184,1,2,15,0.0,False,0.0,0.0,0.0,0.0
184,1,2,16,0.0,False,0.0,0.0018788767893941321,0.0,0.0
184,1,2,17,0.0,False,0.0,0.001692993582117799,0.0,0.0
184,1,2,18,0.0,False,0.0,0.006292239698941125,0.0,0.0
184,1,2,19,0.0,False,0.0,0.004341986518436764,0.0,0.0
184,1,2,20,0.0,False,0.0,0.0,0.0,0.0
184,1,2,21,0.07104375322652026,False,0.0073930304495747595,0.0,0.0073930304495747595,0.0
184,1,2,22,0.8481545627043695,False,0.0,0.0016655308782290948,0.0,0.0016655308782290948
184,1,2,23,0.8345602400962772,False,0.0,0.00338729093900715,0.0,0.00338729093900715
761,2,0,0,0.8966982369168334,True,0.0,0.003460855005631738,0.0,0.003460855005631738
761,2,0,1,0.8580332118536355,True,0.0,0.00019309175652590786,0.0,0.00019309175652590786
761,2,0,2,0.7622074494050499,True,0.0,0.004534439539480671,0.0,0.004534439539480671
761,2,0,3,0.5847952974117728,True,0.042090626009861055,0.005317193767074723,0.034572117821570374,0.0051241020105488155
761,2,0,4,0.40063146690226975,True,0.0425944277634697,0.005589521969959738,0.04122599230176931,0.0017105443271254923
761,2,0,5,0.0,True,0.0,0.0,0.0,0.0
761,2,0,6,0.0,True,0.0,0.0,0.0,0.0
761,2,0,7,0.0,True,0.0,0.0,0.0,0.0
761,2,0,8,0.0,True,0.0,0.0,0.0,0.0
761,2,0,9,0.0,True,0.0,0.0,0.0,0.0
761,2,0,10,0.0,True,0.0,0.0,0.0,0.0
761,2,0,11,0.0,True,0.0,0.0,0.0,0.0
761,2,0,12,0.0,True,0.0,0.0,0.0,0.0
761,2,0,13,0.0,True,0.0,0.0,0.0,0.0
761,2,0,14,0.0,True,0.0,0.0,0.0,0.0
761,2,0,15,0.0,True,0.0,0.0,0.0,0.0
761,2,0,16,0.0,True,0.0,0.0,0.0,0.0
761,2,0,17,0.0,True,0.0,0.0,0.0,0.0
761,2,0,18,0.0,True,0.0,0.0,0.0,0.0
761,2,0,19,0.583959488882942,True,0.047546810812579325,0.0,0.047546810812579325,0.0
761,2,0,20,0.0,True,0.0,0.0,0.0,0.0
761,2,0,21,0.0,True,0.0,0.0,0.0,0.0
761,2,0,22,0.030604619179072482,True,0.03910456059903946,0.0,0.03297256169887147,0.0
761,2,1,0,0.9029669662410079,True,0.0,0.0036612380069409585,0.0,0.0036612380069409585
761,2,1,1,0.8618149742665342,True,0.0,0.008566749736331349,0.0,0.008566749736331349
761,2,1,2,0.7799341054688628,True,0.0,0.0025916346329061665,0.0,0.0025916346329061665
761,2,1,3,0.6168802445520087,True,0.06292643515077967,0.005227474775846571,0.050952322457424745,0.003752866027545351
761,2,1,4,0.4050635740150017,True,0.03963329699610905,0.004302997304690126,0.03463744933891811,0.0
761,2,1,5,0.0,True,0.0,0.0,0.0,0.0
761,2,1,6,0.0,True,0.0,0.0,0.0,0.0
761,2,1,7,0.0,True,0.0,0.0,0.0,0.0
761,2,1,8,0.0,True,0.0,0.0,0.0,0.0
761,2,1,9,0.0,True,0.0,0.0,0.0,0.0
761,2,1,10,0.0,True,0.0,0.004437468925507061,0.0,0.0
761,2,1,11,0.0,True,0.0,0.0,0.0,0.0
761,2,1,12,0.0,True,0.0,0.0,0.0,0.0
761,2,1,13,0.0,True,0.0,0.0,0.0,0.0
761,2,1,14,0.0,True,0.0,0.0,0.0,0.0
761,2,1,15,0.0,True,0.0,0.0,0.0,0.0
761,2,1,16,0.0,True,0.0,0.0,0.0,0.0
761,2,1,17,0.0,True,0.0,0.0,0.0,0.0
761,2,1,18,0.0,True,0.0,0.0,0.0,0.0
761,2,1,19,0.614921531475924,True,0.043821467660378206,0.0,0.043821467660378206,0.0
761,2,1,20,0.0,True,0.0,0.0025916346329061665,0.0,0.0
761,2,1,21,0.0,True,0.0,0.0,0.0,0.0
761,2,1,22,0.021147602976329134,True,0.037452040710998225,0.0,0.029614692227710213,0.0
761,2,2,0,0.9279476113289532,True,0.0,0.0,0.0,0.0
761,2,2,1,0.8740869033805415,True,0.0,0.006567619050536587,0.0,0.006567619050536587
761,2,2,2,0.7697504089696954,True,0.0,0.0,0.0,0.0
761,2,2,3,0.5709173431122476,True,0.04729982066766519,0.0035977915951716805,0.04380448170654197,0.0013715363886892906
761,2,2,4,0.3903457065658384,True,0.03256035670597213,0.0036314610441187537,0.02648013614501222,0.0036314610441187537
761,2,2,5,0.0,True,0.0,0.0020758388585567626,0.0,0.0
761,2,2,6,0.0,True,0.0,0.0,0.0,0.0
761,2,2,7,0.0,True,0.0,0.0,0.0,0.0
761,2,2,8,0.0,True,0.0,0.0028118900779199223,0.0,0.0
761,2,2,9,0.0,True,0.0,0.0,0.0,0.0
761,2,2,10,0.0,True,0.0,0.0032537910295123303,0.0,0.0
761,2,2,11,0.0,True,0.0,0.0,0.0,0.0
761,2,2,12,0.0,True,0.0,0.0,0.0,0.0
761,2,2,13,0.0,True,0.0,0.0,0.0,0.0
761,2,2,14,0.0,True,0.0,0.0,0.0,0.0
761,2,2,15,0.0,True,0.0,0.0,0.0,0.0
761,2,2,16,0.0,True,0.0,0.0,0.0,0.0
761,2,2,17,0.0,True,0.0,0.0,0.0,0.0
761,2,2,18,0.0,True,0.0,0.0,0.0,0.0
761,2,2,19,0.6017742213681673,True,0.03728560624190684,0.0,0.03728560624190684,0.0
761,2,2,20,0.0,True,0.0,0.0,0.0,0.0
761,2,2,21,0.0,True,0.0,0.0,0.0,0.0
761,2,2,22,0.01787089163625532,True,0.03051182941267054,0.0,0.03051182941267054,0.0
211,2,0,0,0.8869904031823737,True,0.0,0.0,0.0,0.0
211,2,0,1,0.8581508877808558,True,0.05010714428935162,0.0,0.04660392413784441,0.0
211,2,0,2,0.0,True,0.0,0.0,0.0,0.0
211,2,0,3,0.0,True,0.0,0.0,0.0,0.0
211,2,0,4,0.0,True,0.0,0.0,0.0,0.0
211,2,0,5,0.7533170602093419,True,0.028948937909697735,0.0,0.025383035886692395,0.0
211,2,0,6,0.43981727505121687,True,0.04125598996411614,0.0,0.038774267247717716,0.0
211,2,0,7,0.8070387724841046,True,0.04070281618579441,0.0,0.040608484181897456,0.0
211,2,0,8,0.9999999999999971,True,0.0,0.0,0.0,0.0
211,2,0,9,0.7786685905084527,True,0.04187061201879078,0.0,0.04187061201879078,0.0
211,2,0,10,0.0,True,0.0,0.0,0.0,0.0
211,2,0,11,0.9999999999999971,True,0.0,0.0,0.0,0.0
211,2,0,12,0.0,True,0.0,0.0,0.0,0.0
211,2,0,13,0.0,True,0.0,0.0,0.0,0.0
211,2,0,14,0.0,True,0.0,0.0,0.0,0.0
211,2,0,15,0.0,True,0.0,0.0,0.0,0.0
211,2,0,16,0.0,True,0.0,0.0,0.0,0.0
211,2,0,17,0.0,True,0.0,0.0,0.0,0.0
211,2,0,18,0.0,True,0.0,0.0,0.0,0.0
211,2,0,19,0.0,True,0.0,0.0,0.0,0.0
211,2,0,20,0.0,True,0.0,0.0,0.0,0.0
211,2,0,21,0.0,True,0.0,0.003384821060899607,0.0,0.0
211,2,0,22,0.0,True,0.0,0.0,0.0,0.0
211,2,1,0,0.9090581485749659,True,0.0,0.0,0.0,0.0
211,2,1,1,0.8898636005983711,True,0.048341527661552225,0.0,0.04056387793165392,0.0
211,2,1,2,0.0,True,0.0,0.0,0.0,0.0
211,2,1,3,0.0,True,0.0,0.0,0.0,0.0
211,2,1,4,0.0,True,0.0,0.0,0.0,0.0
211,2,1,5,0.7652567362920847,True,0.03275327911899706,0.0,0.0320920828279561,0.0
211,2,1,6,0.4521872389274222,True,0.0470422386477899,0.0,0.0470422386477899,0.0
211,2,1,7,0.8212684681543253,True,0.048867972138242115,0.0,0.04447816044732637,0.0
211,2,1,8,0.9999999999999993,True,0.0,0.0,0.0,0.0
211,2,1,9,0.7419875626742475,True,0.05828743633329465,0.0,0.05828743633329465,0.0
211,2,1,10,0.0,True,0.0,0.0,0.0,0.0
211,2,1,11,0.9999999999999993,True,0.0,0.0,0.0,0.0
211,2,1,12,0.0,True,0.0,0.0,0.0,0.0
211,2,1,13,0.0,True,0.0,0.0,0.0,0.0
211,2,1,14,0.0,True,0.0,0.0,0.0,0.0
211,2,1,15,0.0,True,0.0,0.0,0.0,0.0
211,2,1,16,0.0,True,0.0,0.0,0.0,0.0
211,2,1,17,0.0,True,0.0,0.0,0.0,0.0
211,2,1,18,0.0,True,0.0,0.0020479183003334995,0.0,0.0
211,2,1,19,0.0,True,0.0,0.0,0.0,0.0
211,2,1,20,0.0,True,0.0,0.0,0.0,0.0
211,2,1,21,0.0,True,0.0,0.002438610059982599,0.0,0.0
211,2,1,22,0.0,True,0.0,0.0,0.0,0.0
211,2,2,0,0.903506534467581,True,0.0,0.0,0.0,0.0
211,2,2,1,0.8861611042417475,True,0.04129120219710978,0.0,0.03683243772486175,0.0
211,2,2,2,0.0,True,0.0,0.0,0.0,0.0
211,2,2,3,0.0,True,0.0,0.0,0.0,0.0
211,2,2,4,0.0,True,0.0,0.0,0.0,0.0
211,2,2,5,0.7695679759783844,True,0.04348005122168677,0.0,0.04348005122168677,0.0
211,2,2,6,0.44891637254953826,True,0.0344524786722246,0.0,0.03244671640958958,0.0
211,2,2,7,0.828757846956,True,0.0324080217696091,0.0,0.0324080217696091,0.0
211,2,2,8,0.9999999999999979,True,0.0,0.0,0.0,0.0
211,2,2,9,0.7618779153499489,True,0.04877756203667315,0.0,0.04877756203667315,0.0
211,2,2,10,0.0,True,0.0,0.0,0.0,0.0
211,2,2,11,0.9999999999999979,True,0.0,0.0,0.0,0.0
211,2,2,12,0.0,True,0.0,0.0,0.0,0.0
211,2,2,13,0.0,True,0.0,0.0,0.0,0.0
211,2,2,14,0.0,True,0.0,0.0,0.0,0.0
211,2,2,15,0.0,True,0.0,0.0,0.0,0.0
211,2,2,16,0.0,True,0.0,0.0,0.0,0.0
211,2,2,17,0.0,True,0.0,0.0,0.0,0.0
211,2,2,18,0.0,True,0.0,0.0,0.0,0.0
211,2,2,19,0.0,True,0.0,0.0,0.0,0.0
211,2,2,20,0.0,True,0.0,0.0021689904343466454,0.0,0.0
211,2,2,21,0.0,True,0.0,0.0,0.0,0.0
211,2,2,22,0.0,True,0.0,0.0,0.0,0.0
890,2,0,0,1.0000000000000007,True,0.0,0.0,0.0,0.0
890,2,0,1,0.9408760269507189,True,0.010558648110264898,0.0,0.010558648110264898,0.0
890,2,0,2,0.5925807355976465,True,0.0663007779083697,0.0,0.0663007779083697,0.0
890,2,0,3,0.0,True,0.0,0.0,0.0,0.0
890,2,0,4,0.0,True,0.0,0.0,0.0,0.0
890,2,0,5,0.0,True,0.0,0.0,0.0,0.0
890,2,0,6,0.0,True,0.0,0.0,0.0,0.0
890,2,0,7,0.0,True,0.0,0.0,0.0,0.0
890,2,0,8,0.0,True,0.0,0.0,0.0,0.0
890,2,0,9,0.0,True,0.0,0.0060551050482467285,0.0,0.0
890,2,0,10,0.0,True,0.0,0.0,0.0,0.0
890,2,0,11,0.0,True,0.0,0.0028365980880768827,0.0,0.0
890,2,0,12,0.0,True,0.0,0.0021427204709489325,0.0,0.0
890,2,0,13,0.0,True,0.0,0.002146814934879627,0.0,0.0
890,2,0,14,0.0,True,0.0,0.0,0.0,0.0
890,2,0,15,0.0,True,0.0,0.0,0.0,0.0
890,2,0,16,0.0,True,0.0,0.0,0.0,0.0
890,2,0,17,0.8584416444999808,True,0.0,0.0,0.0,0.0
890,2,0,18,0.6892892645913018,True,0.03964806579274977,0.0,0.03631890582500817,0.0
890,2,0,19,0.8755359741349046,True,0.019528188245104813,0.004498053527550443,0.013643289925456515,0.004498053527550443
890,2,0,20,0.8584416444999808,True,0.0,0.0,0.0,0.0
890,2,0,21,0.0,True,0.0,0.0,0.0,0.0
890,2,0,22,0.0,True,0.0,0.0,0.0,0.0
890,2,1,0,1.0000000000000007,True,0.0,0.011894767474061492,0.0,0.011894767474061492
890,2,1,1,0.9274468114083388,True,0.0305319386677787,0.0,0.0305319386677787,0.0
890,2,1,2,0.6208602188138247,True,0.026165606697623182,0.0,0.026165606697623182,0.0
890,2,1,3,0.0,True,0.0,0.0,0.0,0.0
890,2,1,4,0.0,True,0.0,0.0,0.0,0.0
890,2,1,5,0.0,True,0.0,0.0,0.0,0.0
890,2,1,6,0.0,True,0.0,0.0,0.0,0.0
890,2,1,7,0.0,True,0.0,0.0,0.0,0.0
890,2,1,8,0.0,True,0.0,0.0,0.0,0.0
890,2,1,9,0.0,True,0.0,4.770520813969038e-05,0.0,0.0
890,2,1,10,0.0,True,0.0,0.0,0.0,0.0
890,2,1,11,0.0,True,0.0,0.0,0.0,0.0
890,2,1,12,0.0,True,0.0,0.0,0.0,0.0
890,2,1,13,0.0,True,0.0,0.0015141445143878858,0.0,0.0
890,2,1,14,0.0,True,0.0,0.0,0.0,0.0
890,2,1,15,0.0,True,0.0,0.0,0.0,0.0
890,2,1,16,0.0,True,0.0,0.0,0.0,0.0
890,2,1,17,0.8945201332409941,True,0.0,0.0,0.0,0.0
890,2,1,18,0.7141624009031075,True,0.04600605924087112,0.0,0.03850180585421804,0.0
890,2,1,19,0.8699570570354788,True,0.028246580597297406,0.0,0.028246580597297406,0.0
890,2,1,20,0.8945201332409941,True,0.0,0.0,0.0,0.0
890,2,1,21,0.0,True,0.0,0.0,0.0,0.0
890,2,1,22,0.0,True,0.0,0.0,0.0,0.0
890,2,2,0,0.9999999999999988,True,0.0,0.0030677266981820996,0.0,0.0030677266981820996
890,2,2,1,0.9353667164301603,True,0.03133215530120975,0.0,0.03133215530120975,0.0
890,2,2,2,0.6158237023902451,True,0.017569447220448835,0.0,0.017569447220448835,0.0
890,2,2,3,0.0,True,0.0,0.0,0.0,0.0
890,2,2,4,0.0,True,0.0,0.0,0.0,0.0
890,2,2,5,0.0,True,0.0,0.0,0.0,0.0
890,2,2,6,0.0,True,0.0,0.0,0.0,0.0
890,2,2,7,0.0,True,0.0,0.0,0.0,0.0
890,2,2,8,0.0,True,0.0,0.0,0.0,0.0
890,2,2,9,0.0,True,0.0,0.0,0.0,0.0
890,2,2,10,0.0,True,0.0,0.0,0.0,0.0
890,2,2,11,0.0,True,0.0,0.002483537680928968,0.0,0.0
890,2,2,12,0.0,True,0.0,0.0028938612977780953,0.0,0.0
890,2,2,13,0.0,True,0.0,0.0,0.0,0.0
890,2,2,14,0.0,True,0.0,0.0,0.0,0.0
890,2,2,15,0.0,True,0.0,0.0,0.0,0.0
890,2,2,16,0.0,True,0.0,0.0,0.0,0.0
890,2,2,17,0.8767220504913311,True,0.0,0.0,0.0,0.0
890,2,2,18,0.7068918573601394,True,0.03558092596111735,0.0,0.03558092596111735,0.0
890,2,2,19,0.8766061825947906,True,0.034022888483127005,0.010496837509967398,0.034022888483127005,0.010496837509967398
890,2,2,20,0.8767220504913311,True,0.0,0.0,0.0,0.0
890,2,2,21,0.0,True,0.0,0.0,0.0,0.0
890,2,2,22,0.0,True,0.0,0.0,0.0,0.0
169,9,0,0,0.0,True,0.0,0.0,0.0,0.0
169,9,0,1,0.0,True,0.0,0.0,0.0,0.0
169,9,0,2,0.0,True,0.0,0.0,0.0,0.0
169,9,0,3,0.0,True,0.0,0.0,0.0,0.0
169,9,0,4,0.0,True,0.0,0.0,0.0,0.0
169,9,0,5,0.0,True,0.0,0.0,0.0,0.0
169,9,0,6,0.0,True,0.0,0.0,0.0,0.0
169,9,0,7,0.0,True,0.0,0.0001563529071185655,0.0,0.0
169,9,0,8,0.0,True,0.0,0.0001563529071185655,0.0,0.0
169,9,0,9,0.0,True,0.0,0.0,0.0,0.0
169,9,0,10,0.0,True,0.0,0.0,0.0,0.0
169,9,0,11,0.0,True,0.0,0.0,0.0,0.0
169,9,0,12,0.0,True,0.0,0.0,0.0,0.0
169,9,0,13,0.0,True,0.0,0.0,0.0,0.0
169,9,0,14,0.0,True,0.0,0.0,0.0,0.0
169,9,0,15,0.0,True,0.0,0.0,0.0,0.0
169,9,1,0,0.0,True,0.0,0.0,0.0,0.0
169,9,1,1,0.0,True,0.0,0.0,0.0,0.0
169,9,1,2,0.0,True,0.0,0.0,0.0,0.0
169,9,1,3,0.0,True,0.0,0.0,0.0,0.0
169,9,1,4,0.0,True,0.0,0.0,0.0,0.0
169,9,1,5,0.0,True,0.0,0.0,0.0,0.0
169,9,1,6,0.0,True,0.0,0.0,0.0,0.0
169,9,1,7,0.0,True,0.0,0.00020863139559952498,0.0,0.0
169,9,1,8,0.0,True,0.0,0.0,0.0,0.0
169,9,1,9,0.0,True,0.0,0.0,0.0,0.0
169,9,1,10,0.0,True,0.0,0.0,0.0,0.0
169,9,1,11,0.0,True,0.0,0.0,0.0,0.0
169,9,1,12,0.0,True,0.0,0.0,0.0,0.0
169,9,1,13,0.0,True,0.0,0.0,0.0,0.0
169,9,1,14,0.0,True,0.0,0.0,0.0,0.0
169,9,1,15,0.0,True,0.0,0.0,0.0,0.0
169,9,2,0,0.0,True,0.0,0.0,0.0,0.0
169,9,2,1,0.0,True,0.0,0.0,0.0,0.0
169,9,2,2,0.0,True,0.0,0.0,0.0,0.0
169,9,2,3,0.0,True,0.0,0.0,0.0,0.0
169,9,2,4,0.0,True,0.0,0.0,0.0,0.0
169,9,2,5,0.0,True,0.0,0.0,0.0,0.0
169,9,2,6,0.0,True,0.0,0.0,0.0,0.0
169,9,2,7,0.0,True,0.0,0.0,0.0,0.0
169,9,2,8,0.0,True,0.0,0.0,0.0,0.0
169,9,2,9,0.0,True,0.0,0.0,0.0,0.0
169,9,2,10,0.0,True,0.0,0.0,0.0,0.0
169,9,2,11,0.0,True,0.0,0.0,0.0,0.0
169,9,2,12,0.0,True,0.0,0.0,0.0,0.0
169,9,2,13,0.0,True,0.0,0.0,0.0,0.0
169,9,2,14,0.0,True,0.0,0.0,0.0,0.0
169,9,2,15,0.0,True,0.0,0.0,0.0,0.0
63,8,0,0,1.0000000000000007,True,0.0,0.0,0.0,0.0
63,8,0,1,0.9229812048587097,True,0.0,0.008729871337736464,0.0,0.008729871337736464
63,8,0,2,0.8208751735606914,True,0.0,0.0,0.0,0.0
63,8,0,3,0.8208751735606914,True,0.0,0.0,0.0,0.0
63,8,0,4,0.5101387812915715,True,0.14674937706306396,0.0,0.12747593891271752,0.0
63,8,0,5,0.0,True,0.0,0.005413105981981004,0.0,0.0
63,8,0,6,0.0,True,0.0,0.0,0.0,0.0
63,8,0,7,0.0,True,0.0,0.0,0.0,0.0
63,8,0,8,0.0,True,0.0,0.006639749368193552,0.0,0.0
63,8,0,9,0.8589713555049228,True,0.0,0.0,0.0,0.0
63,8,0,10,0.0,True,0.0,0.0024604926998706795,0.0,0.0
63,8,0,11,0.0,True,0.0,0.0,0.0,0.0
63,8,0,12,0.0,True,0.0,0.0,0.0,0.0
63,8,0,13,0.0,True,0.0,0.0009089676854573019,0.0,0.0
63,8,0,14,0.0,True,0.0,0.0,0.0,0.0
63,8,0,15,0.0,True,0.0,0.0,0.0,0.0
63,8,0,16,0.0,True,0.0,0.0,0.0,0.0
63,8,1,0,1.0000000000000016,True,0.0,0.0,0.0,0.0
63,8,1,1,0.9031795303467299,True,0.0,0.0030243503436133646,0.0,0.0030243503436133646
63,8,1,2,0.8096889561916915,True,0.0,0.0,0.0,0.0
63,8,1,3,0.8096889561916915,True,0.0,0.0,0.0,0.0
63,8,1,4,0.5085956319363337,True,0.11540336551396364,0.0,0.09028960432479963,0.0
63,8,1,5,0.0,True,0.0,0.002790582511796116,0.0,0.0
63,8,1,6,0.0,True,0.0,0.0,0.0,0.0
63,8,1,7,0.0,True,0.0,0.0,0.0,0.0
63,8,1,8,0.0,True,0.0,0.002945944993843358,0.0,0.0
63,8,1,9,0.8615484577331817,True,0.0,0.008980832542411955,0.0,0.008980832542411955
63,8,1,10,0.0,True,0.0,0.0,0.0,0.0
63,8,1,11,0.0,True,0.0,0.002016233562408911,0.0,0.0
63,8,1,12,0.0,True,0.0,0.0,0.0,0.0
63,8,1,13,0.0,True,0.0,0.0,0.0,0.0
63,8,1,14,0.0,True,0.0,0.0,0.0,0.0
63,8,1,15,0.0,True,0.0,0.0,0.0,0.0
63,8,1,16,0.0,True,0.0,0.0,0.0,0.0
63,8,2,0,1.0000000000000004,True,0.0,0.0,0.0,0.0
63,8,2,1,0.9074935706374634,True,0.0,0.011746481580693116,0.0,0.011746481580693116
63,8,2,2,0.790337287043416,True,0.0,0.0,0.0,0.0
63,8,2,3,0.790337287043416,True,0.0,0.0,0.0,0.0
63,8,2,4,0.5378097851597926,True,0.10092883094877354,0.0,0.08141998115596537,0.0
63,8,2,5,0.0,True,0.0,0.0,0.0,0.0
63,8,2,6,0.0,True,0.0,0.0,0.0,0.0
63,8,2,7,0.0,True,0.0,0.0,0.0,0.0
63,8,2,8,0.0,True,0.0,0.0024149895499349064,0.0,0.0
63,8,2,9,0.8232554100129574,True,0.0,0.00171216114945764,0.0,0.00171216114945764
63,8,2,10,0.0,True,0.0,0.0,0.0,0.0
63,8,2,11,0.0,True,0.0,0.0,0.0,0.0
63,8,2,12,0.0,True,0.0,0.0,0.0,0.0
63,8,2,13,0.0,True,0.0,0.0019994244035608966,0.0,0.0
63,8,2,14,0.0,True,0.0,0.0,0.0,0.0
63,8,2,15,0.0,True,0.0,0.0,0.0,0.0
63,8,2,16,0.0,True,0.0,0.0,0.0,0.0
942,10,0,0,0.0,True,0.03555752404081135,0.0,0.0,0.0
942,10,0,1,0.47713302052529977,True,0.0,0.05875583664123194,0.0,0.05875583664123194
942,10,0,2,0.0,True,0.0,0.0,0.0,0.0
942,10,0,3,0.0,True,0.0,0.0,0.0,0.0
942,10,0,4,0.0,True,0.0,0.0,0.0,0.0
942,10,0,5,0.0,True,0.0,0.0,0.0,0.0
942,10,0,6,0.0,True,0.0,0.010131551676502681,0.0,0.0
942,10,0,7,0.0,True,0.0,0.015967560503388323,0.0,0.0
942,10,0,8,0.0,True,0.0,0.00639240806290806,0.0,0.0
942,10,0,9,0.0,True,0.0,0.0,0.0,0.0
942,10,0,10,0.0,True,0.0,0.0,0.0,0.0
942,10,0,11,0.0,True,0.0,0.0,0.0,0.0
942,10,0,12,0.0,True,0.0,0.0,0.0,0.0
942,10,0,13,0.0,True,0.0,0.010336669296231284,0.0,0.0
942,10,0,14,0.0,True,0.0,0.012290215502404755,0.0,0.0
942,10,1,0,0.0,True,0.06601166166563292,0.0,0.0,0.0
942,10,1,1,0.454018715643375,True,0.0,0.022632335603232478,0.0,0.022632335603232478
942,10,1,2,0.0,True,0.0,0.0,0.0,0.0
942,10,1,3,0.0,True,0.0,0.0,0.0,0.0
942,10,1,4,0.0,True,0.0,0.0,0.0,0.0
942,10,1,5,0.0,True,0.0,0.0,0.0,0.0
942,10,1,6,0.0,True,0.0,0.009802185471406873,0.0,0.0
942,10,1,7,0.0,True,0.0,0.004792209100021405,0.0,0.0
942,10,1,8,0.0,True,0.0,0.014972000581987499,0.0,0.0
942,10,1,9,0.0,True,0.0,0.0,0.0,0.0
942,10,1,10,0.0,True,0.0,0.0,0.0,0.0
942,10,1,11,0.0,True,0.0,0.0,0.0,0.0
942,10,1,12,0.0,True,0.0,0.0,0.0,0.0
942,10,1,13,0.0,True,0.0,0.021392886735168794,0.0,0.0
942,10,1,14,0.0,True,0.0,0.0038886426198864715,0.0,0.0
942,10,2,0,0.0,True,0.05612742763071142,0.0,0.0,0.0
942,10,2,1,0.4883480726531349,True,0.0,0.06215466948827365,0.0,0.06215466948827365
942,10,2,2,0.0,True,0.0,0.0,0.0,0.0
942,10,2,3,0.0,True,0.0,0.0,0.0,0.0
942,10,2,4,0.0,True,0.0,0.0,0.0,0.0
942,10,2,5,0.0,True,0.0,0.0,0.0,0.0
942,10,2,6,0.0,True,0.0,0.010668698469565356,0.0,0.0
942,10,2,7,0.0,True,0.0,0.024454850833573287,0.0,0.0
942,10,2,8,0.0,True,0.0,0.02307865763738536,0.0,0.0
942,10,2,9,0.0,True,0.0,0.0,0.0,0.0
942,10,2,10,0.0,True,0.0,0.0,0.0,0.0
942,10,2,11,0.0,True,0.0,0.0,0.0,0.0
942,10,2,12,0.0,True,0.0,0.0,0.0,0.0
942,10,2,13,0.0,True,0.0,0.01405688063793949,0.0,0.0
942,10,2,14,0.0,True,0.0,0.02062830230827014,0.0,0.0
751,9,0,0,0.39222040343744957,True,0.0,0.01095433366835942,0.0,0.01095433366835942
751,9,0,1,0.0,True,0.0,0.0,0.0,0.0
751,9,0,2,0.0,True,0.0,0.0,0.0,0.0
751,9,0,3,0.0,True,0.0,0.0,0.0,0.0
751,9,0,4,0.0,True,0.0,0.0,0.0,0.0
751,9,0,5,0.0,True,0.0,0.0,0.0,0.0
751,9,0,6,0.0,True,0.0,0.0,0.0,0.0
751,9,0,7,0.0,True,0.0,0.0,0.0,0.0
751,9,0,8,0.0,True,0.0,0.0,0.0,0.0
751,9,0,9,0.0,True,0.0,0.0,0.0,0.0
751,9,0,10,0.0,True,0.0,0.0,0.0,0.0
751,9,0,11,0.0,True,0.0,0.0,0.0,0.0
751,9,0,12,0.0,True,0.0,0.0,0.0,0.0
751,9,0,13,0.29321222948759357,True,0.0,0.012348617881730355,0.0,0.012348617881730355
751,9,0,14,0.3581046430047154,True,0.0,0.007251828276736866,0.0,0.007251828276736866
751,9,0,15,0.9999999999999989,True,0.0,0.0,0.0,0.0
751,9,1,0,0.41587484968479416,True,0.0,0.02692226504295862,0.0,0.02692226504295862
751,9,1,1,0.0,True,0.0,0.0,0.0,0.0
751,9,1,2,0.0,True,0.0,0.0,0.0,0.0
751,9,1,3,0.0,True,0.0,0.0,0.0,0.0
751,9,1,4,0.0,True,0.0,0.0,0.0,0.0
751,9,1,5,0.0,True,0.0,0.0,0.0,0.0
751,9,1,6,0.0,True,0.0,0.0,0.0,0.0
751,9,1,7,0.0,True,0.0,0.0,0.0,0.0
751,9,1,8,0.0,True,0.0,0.0,0.0,0.0
751,9,1,9,0.0,True,0.0,0.0,0.0,0.0
751,9,1,10,0.0,True,0.0,0.0,0.0,0.0
751,9,1,11,0.0,True,0.0,0.0,0.0,0.0
751,9,1,12,0.0,True,0.0,0.0,0.0,0.0
751,9,1,13,0.24178707432044114,True,0.0,0.02048850111167251,0.0,0.02048850111167251
751,9,1,14,0.33901700597152545,True,0.0,0.023283380064687074,0.0,0.023283380064687074
751,9,1,15,1.0000000000000002,True,0.0,0.0,0.0,0.0
751,9,2,0,0.39175179287630557,True,0.0,0.010335718394883045,0.0,0.010335718394883045
751,9,2,1,0.0,True,0.0,0.0,0.0,0.0
751,9,2,2,0.0,True,0.0,0.0,0.0,0.0
751,9,2,3,0.0,True,0.0,0.0,0.0,0.0
751,9,2,4,0.0,True,0.0,0.0,0.0,0.0
751,9,2,5,0.0,True,0.0,0.0,0.0,0.0
751,9,2,6,0.0,True,0.0,0.0,0.0,0.0
751,9,2,7,0.0,True,0.0,0.0,0.0,0.0
751,9,2,8,0.0,True,0.0,0.0,0.0,0.0
751,9,2,9,0.0,True,0.0,0.0,0.0,0.0
751,9,2,10,0.0,True,0.0,0.0,0.0,0.0
751,9,2,11,0.0,True,0.0,0.0,0.0,0.0
751,9,2,12,0.0,True,0.0,0.0,0.0,0.0
751,9,2,13,0.2976986989904625,True,0.0,0.012711870192677457,0.0,0.012711870192677457
751,9,2,14,0.3700901972974385,True,0.0,0.017209278588749405,0.0,0.017209278588749405
751,9,2,15,0.9999999999999999,True,0.0,0.0,0.0,0.0
273,19,0,0,0.0,True,0.0,0.0,0.0,0.0
273,19,0,1,0.0,True,0.0,0.0,0.0,0.0
273,19,0,2,0.6817618715432423,True,0.0,0.0,0.0,0.0
273,19,0,3,0.6817618715432423,True,0.0,0.0,0.0,0.0
273,19,0,4,0.9843783995752212,True,0.0,0.009842620676948641,0.0,0.009842620676948641
273,19,0,5,0.6817618715432423,True,0.0,0.0,0.0,0.0
273,19,1,0,0.0,True,0.0,0.0,0.0,0.0
273,19,1,1,0.0,True,0.0,0.0,0.0,0.0
273,19,1,2,0.7081729789600238,True,0.0,0.0,0.0,0.0
273,19,1,3,0.7081729789600238,True,0.0,0.0,0.0,0.0
273,19,1,4,0.9869728484568672,True,0.0,0.00247722091236281,0.0,0.00247722091236281
273,19,1,5,0.7081729789600238,True,0.0,0.0,0.0,0.0
273,19,2,0,0.0,True,0.0,0.0,0.0,0.0
273,19,2,1,0.0,True,0.0,0.0,0.0,0.0
273,19,2,2,0.6939887494508006,True,0.0,0.0,0.0,0.0
273,19,2,3,0.6939887494508006,True,0.0,0.0,0.0,0.0
273,19,2,4,0.985816039685163,True,0.0,0.0,0.0,0.0
273,19,2,5,0.6939887494508006,True,0.0,0.0,0.0,0.0
653,18,0,0,0.0,True,0.0,0.004053109291827154,0.0,0.0
653,18,0,1,0.0,True,0.0,0.0,0.0,0.0
653,18,0,2,0.0,True,0.0,0.004604743034578767,0.0,0.0
653,18,0,3,0.0,True,0.0,0.0005409093688047845,0.0,0.0
653,18,0,4,0.0,True,0.0,0.0,0.0,0.0
653,18,0,5,0.0,True,0.0,0.0023363509680076524,0.0,0.0
653,18,0,6,0.7843700735981461,True,0.0,0.008526109253857167,0.0,0.008526109253857167
653,18,1,0,0.0,True,0.0,0.0,0.0,0.0
653,18,1,1,0.0,True,0.0,0.0,0.0,0.0
653,18,1,2,0.0,True,0.0,0.0,0.0,0.0
653,18,1,3,0.0,True,0.0,0.0007914676301021301,0.0,0.0
653,18,1,4,0.0,True,0.0,0.0,0.0,0.0
653,18,1,5,0.0,True,0.0,0.0,0.0,0.0
653,18,1,6,0.8272092854775956,True,0.0,0.006675969793771723,0.0,0.006675969793771723
653,18,2,0,0.0,True,0.0,0.0016529005281753363,0.0,0.0
653,18,2,1,0.0,True,0.0,0.0,0.0,0.0
653,18,2,2,0.0,True,0.0,0.004505187094121964,0.0,0.0
653,18,2,3,0.0,True,0.0,0.0014615072370080622,0.0,0.0
653,18,2,4,0.0,True,0.0,0.002672979396036659,0.0,0.0
653,18,2,5,0.0,True,0.0,0.0,0.0,0.0
653,18,2,6,0.800380713887582,True,0.0,0.003900143738179909,0.0,0.003900143738179909
503,16,0,0,0.0,True,0.0,0.0,0.0,0.0
503,16,0,1,0.0,True,0.0,0.0021399475048604444,0.0,0.0
503,16,0,2,0.0,True,0.0,0.0051102161761723795,0.0,0.0
503,16,0,3,0.0,True,0.0,0.0,0.0,0.0
503,16,0,4,0.0,True,0.0,0.0,0.0,0.0
503,16,0,5,0.0,True,0.0,0.0,0.0,0.0
503,16,0,6,0.0,True,0.0,0.0,0.0,0.0
503,16,0,7,0.0,True,0.0,0.0,0.0,0.0
503,16,0,8,0.804292900120083,True,0.0,0.0,0.0,0.0
503,16,1,0,0.0,True,0.0,0.0,0.0,0.0
503,16,1,1,0.0,True,0.0,0.0,0.0,0.0
503,16,1,2,0.0,True,0.0,0.0,0.0,0.0
503,16,1,3,0.0,True,0.0,0.0,0.0,0.0
503,16,1,4,0.0,True,0.0,0.0,0.0,0.0
503,16,1,5,0.0,True,0.0,0.0,0.0,0.0
503,16,1,6,0.0,True,0.0,0.0,0.0,0.0
503,16,1,7,0.0,True,0.0,0.0024149318496883405,0.0,0.0
503,16,1,8,0.8197131679340051,True,0.0,0.0,0.0,0.0
503,16,2,0,0.0,True,0.0,0.0,0.0,0.0
503,16,2,1,0.0,True,0.0,0.0,0.0,0.0
503,16,2,2,0.0,True,0.0,0.0,0.0,0.0
503,16,2,3,0.0,True,0.0,0.0,0.0,0.0
503,16,2,4,0.0,True,0.0,0.0,0.0,0.0
503,16,2,5,0.0,True,0.0,0.0,0.0,0.0
503,16,2,6,0.0,True,0.0,0.0,0.0,0.0
503,16,2,7,0.0,True,0.0,0.0020479012058760605,0.0,0.0
503,16,2,8,0.8467059205783481,True,0.0,0.0,0.0,0.0
230,18,0,0,0.0,True,0.0,0.0,0.0,0.0
230,18,0,1,0.7882446672767328,True,0.0,0.0,0.0,0.0
230,18,0,2,0.7882446672767328,True,0.0,0.0,0.0,0.0
230,18,0,3,0.7917825134800321,True,0.0,0.0,0.0,0.0
230,18,0,4,0.9760704618445297,True,0.0,0.0,0.0,0.0
230,18,0,5,0.95458608342827,True,0.0,0.0,0.0,0.0
230,18,0,6,0.0,True,0.0,0.0,0.0,0.0
230,18,1,0,0.0,True,0.0,0.0,0.0,0.0
230,18,1,1,0.8020411841674003,True,0.0,0.0,0.0,0.0
230,18,1,2,0.8020411841674003,True,0.0,0.0,0.0,0.0
230,18,1,3,0.8106749393642976,True,0.0,0.004149500583931923,0.0,0.004149500583931923
230,18,1,4,0.9842516446856333,True,0.0,0.0016503896508598766,0.0,0.0016503896508598766
230,18,1,5,0.9714668871673102,True,0.0,0.0017631800969232806,0.0,0.0017631800969232806
230,18,1,6,0.0,True,0.0,0.0,0.0,0.0
230,18,2,0,0.0,True,0.0,0.0,0.0,0.0
230,18,2,1,0.8015170045778386,True,0.0,0.0,0.0,0.0
230,18,2,2,0.8015170045778386,True,0.0,0.0,0.0,0.0
230,18,2,3,0.8067019229151349,True,0.0,0.008549327570811106,0.0,0.008549327570811106
230,18,2,4,0.9770632103207402,True,0.0,0.004807411491717974,0.0,0.004807411491717974
230,18,2,5,0.9590504626995565,True,0.0,0.0021562010769566853,0.0,0.0021562010769566853
230,18,2,6,0.0,True,0.0,0.0,0.0,0.0
