id,step,max_range,count_tv,closure,min_jaccard,top3_union_size,replay_pass,top3_union,candidates
14,7,0.0008372187424031674,0.00011147789675852206,True,1.0,3,3,"[3, 7, 8]","[[0, 3, 5, 7, 8], [0, 3, 5, 7, 8], [0, 3, 5, 7, 8]]"
17,1,0.0003758261186083134,1.7984190521097565e-06,False,0.6,5,3,"[0, 1, 14, 21, 23]","[[0, 1, 14, 23], [0, 1, 14, 22], [0, 1, 14, 21]]"
19,11,0.0003616910651828009,0.00010779195155972976,True,1.0,4,3,"[6, 7, 8, 10]","[[0, 6, 7, 8, 10], [0, 6, 7, 8, 10], [0, 6, 7, 8, 10]]"
25,20,0.0002977501096022017,0.0001388098205218763,True,1.0,3,3,"[1, 2, 3]","[[0, 1, 2, 3, 4], [0, 1, 2, 3, 4], [0, 1, 2, 3, 4]]"
26,17,0.0005603431637800638,0.0002293502355908833,True,1.0,3,3,"[1, 4, 5]","[[0, 1, 4, 5, 6], [0, 1, 4, 5, 6], [0, 1, 4, 5, 6]]"
32,5,0.00030731512050685694,1.50081224186277e-05,True,0.6666666666666666,3,3,"[7, 9, 18]","[[0, 7, 9, 15, 18], [0, 4, 7, 9, 18], [0, 4, 7, 9, 18]]"
33,0,0.00017789399758472157,0.0,False,0.14285714285714285,6,3,"[0, 1, 2, 10, 11, 24]","[[0, 2, 11, 24], [0, 11, 23, 24], [0, 1, 2, 10]]"
35,3,0.000743669958995441,9.749332102525557e-05,True,0.6666666666666666,3,3,"[1, 2, 20]","[[0, 1, 2, 5, 20], [0, 1, 2, 17, 20], [0, 1, 2, 5, 20]]"
77,17,0.0006670979320184678,0.0006795987106385654,True,1.0,3,3,"[2, 3, 5]","[[0, 1, 2, 3, 5], [0, 1, 2, 3, 5], [0, 1, 2, 3, 5]]"
98,4,0.0010007399865106237,0.00030757978587325416,True,1.0,4,3,"[7, 8, 19, 20]","[[0, 7, 8, 19, 20], [0, 7, 8, 19, 20], [0, 7, 8, 19, 20]]"
126,11,0.0007472122185803176,0.00024622937563745576,True,1.0,3,3,"[4, 7, 12]","[[0, 4, 6, 7, 12], [0, 4, 6, 7, 12], [0, 4, 6, 7, 12]]"
140,18,0.0004939571918622931,8.98263163055385e-05,True,1.0,3,3,"[1, 3, 4]","[[0, 1, 2, 3, 4], [0, 1, 2, 3, 4], [0, 1, 2, 3, 4]]"
180,17,0.00024648555056727695,2.9433782623183857e-05,True,1.0,3,3,"[3, 4, 6]","[[0, 2, 3, 4, 6], [0, 2, 3, 4, 6], [0, 2, 3, 4, 6]]"
183,3,0.0005123265875782712,4.0371262240594674e-05,True,0.6666666666666666,3,3,"[6, 13, 21]","[[0, 6, 13, 14, 21], [0, 6, 13, 14, 21], [0, 6, 10, 13, 21]]"
209,14,0.0005007452733075679,0.00024586263369527975,True,1.0,3,3,"[4, 5, 6]","[[0, 3, 4, 5, 6], [0, 3, 4, 5, 6], [0, 3, 4, 5, 6]]"
211,13,0.00038469903363258506,0.00021193333095111122,True,1.0,3,3,"[4, 5, 6]","[[0, 4, 5, 6, 7], [0, 4, 5, 6, 7], [0, 4, 5, 6, 7]]"
225,13,0.0003874209482921387,0.00014659438637518174,True,1.0,3,3,"[5, 7, 8]","[[0, 5, 6, 7, 8], [0, 5, 6, 7, 8], [0, 5, 6, 7, 8]]"
274,14,0.0005133175829297176,0.0001512991997458385,True,1.0,3,3,"[4, 5, 6]","[[0, 3, 4, 5, 6], [0, 3, 4, 5, 6], [0, 3, 4, 5, 6]]"
285,3,0.0004814452376482592,6.160096068455467e-05,True,0.6666666666666666,3,3,"[8, 12, 15]","[[0, 8, 9, 12, 15], [0, 8, 12, 15, 16], [0, 8, 12, 15, 16]]"
290,8,0.0006208596990381343,8.775133254549684e-05,True,1.0,3,3,"[6, 7, 10]","[[0, 6, 7, 9, 10], [0, 6, 7, 9, 10], [0, 6, 7, 9, 10]]"
310,3,0.0005599372752572718,8.905549476478578e-05,True,0.6666666666666666,3,3,"[15, 16, 20]","[[0, 13, 15, 16, 20], [0, 15, 16, 17, 20], [0, 13, 15, 16, 20]]"
345,12,0.0004759805119335381,0.00014190175840053665,True,1.0,4,3,"[5, 6, 7, 12]","[[0, 5, 6, 7, 12], [0, 5, 6, 7, 12], [0, 5, 6, 7, 12]]"
418,10,0.00046969321671308517,9.476539743838441e-05,True,1.0,3,3,"[4, 7, 9]","[[0, 4, 6, 7, 9], [0, 4, 6, 7, 9], [0, 4, 6, 7, 9]]"
430,21,0.000394476713172498,0.0002760446758464652,True,1.0,3,3,"[0, 1, 2]","[[0, 1, 2, 3], [0, 1, 2, 3], [0, 1, 2, 3]]"
472,4,0.0005004462981871294,0.0002312895922254657,True,1.0,4,3,"[14, 15, 19, 20]","[[0, 14, 15, 19, 20], [0, 14, 15, 19, 20], [0, 14, 15, 19, 20]]"
479,21,0.00020611262280689768,0.00013254594730029157,True,1.0,3,3,"[1, 2, 3]","[[0, 1, 2, 3], [0, 1, 2, 3], [0, 1, 2, 3]]"
484,1,0.0003691230785058952,1.552040848444569e-07,False,0.5,6,3,"[0, 1, 14, 21, 22, 23]","[[0, 14, 21, 23], [0, 1, 14, 21], [0, 1, 14, 21, 22]]"
486,11,0.0003518084772594632,6.179927973731097e-05,True,1.0,3,3,"[4, 7, 9]","[[0, 4, 6, 7, 9], [0, 4, 6, 7, 9], [0, 4, 6, 7, 9]]"
499,14,0.00036750133205276647,9.796329343628174e-05,True,1.0,3,3,"[4, 5, 7]","[[0, 4, 5, 7], [0, 4, 5, 7], [0, 4, 5, 7]]"
500,16,0.0006883895880542834,0.0002430491460684303,True,1.0,3,3,"[2, 4, 8]","[[0, 2, 4, 5, 8], [0, 2, 4, 5, 8], [0, 2, 4, 5, 8]]"
527,17,0.000438227369918609,0.00017875221498134947,True,1.0,3,3,"[0, 4, 5]","[[0, 3, 4, 5], [0, 3, 4, 5], [0, 3, 4, 5]]"
547,0,0.00037975501649467613,0.0,False,0.3333333333333333,5,3,"[0, 1, 2, 10, 24]","[[0, 1, 11, 24], [0, 2, 10, 11], [0, 1, 2, 10]]"
557,22,0.00010276797154151751,3.679013658768144e-05,True,1.0,3,3,"[0, 1, 2]","[[0, 1, 2], [0, 1, 2], [0, 1, 2]]"
559,22,0.00016846046963459038,0.00017300266225297317,True,1.0,3,3,"[0, 1, 2]","[[0, 1, 2], [0, 1, 2], [0, 1, 2]]"
561,7,0.0005038150388305684,0.00012769612005768607,True,0.6666666666666666,3,3,"[6, 8, 16]","[[0, 6, 8, 13, 16], [0, 6, 8, 13, 16], [0, 3, 6, 8, 16]]"
590,20,0.0012970520283266396,0.00017386324800055782,True,1.0,3,3,"[1, 2, 4]","[[0, 1, 2, 3, 4], [0, 1, 2, 3, 4], [0, 1, 2, 3, 4]]"
592,22,0.0002836741914061802,8.495425211469929e-05,True,1.0,3,3,"[0, 1, 2]","[[0, 1, 2], [0, 1, 2], [0, 1, 2]]"
609,18,0.000513290836967828,0.00013647109262036753,True,1.0,3,3,"[0, 3, 4]","[[0, 3, 4, 5], [0, 3, 4, 5], [0, 3, 4, 5]]"
630,10,0.0006013125425687882,0.00022453482423438753,True,1.0,3,3,"[5, 6, 7]","[[0, 5, 6, 7, 8], [0, 5, 6, 7, 8], [0, 5, 6, 7, 8]]"
653,18,0.0004206560272640436,9.289851706979074e-05,True,1.0,3,3,"[0, 1, 3]","[[0, 1, 3, 4], [0, 1, 3, 4], [0, 1, 3, 4]]"
662,2,0.0010290171923236224,9.610993068686138e-05,True,0.6666666666666666,3,3,"[13, 20, 21]","[[0, 10, 13, 20, 21], [0, 10, 13, 20, 21], [0, 13, 14, 20, 21]]"
686,22,0.00016436501121541713,0.0001094349619973013,True,1.0,3,3,"[0, 1, 2]","[[0, 1, 2], [0, 1, 2], [0, 1, 2]]"
746,21,0.0005217898104058483,0.00018990248493645583,True,1.0,4,3,"[0, 1, 2, 3]","[[0, 1, 2, 3], [0, 1, 2, 3], [0, 1, 2, 3]]"
752,18,0.0004960254169117384,0.00015833901206458204,True,1.0,3,3,"[2, 4, 5]","[[0, 2, 3, 4, 5], [0, 2, 3, 4, 5], [0, 2, 3, 4, 5]]"
765,6,0.0005304324090582568,0.0001571292226444157,True,1.0,3,3,"[12, 13, 18]","[[0, 12, 13, 17, 18], [0, 12, 13, 17, 18], [0, 12, 13, 17, 18]]"
787,12,0.00048407231313829513,0.00014559048754184123,True,1.0,3,3,"[2, 3, 4]","[[0, 2, 3, 4, 5], [0, 2, 3, 4, 5], [0, 2, 3, 4, 5]]"
807,16,0.0005428375142652042,0.00037243155022542154,True,1.0,3,3,"[2, 4, 8]","[[0, 2, 4, 5, 8], [0, 2, 4, 5, 8], [0, 2, 4, 5, 8]]"
816,19,0.00043553719065259067,0.00014602815717731227,True,1.0,3,3,"[2, 3, 4]","[[0, 2, 3, 4, 5], [0, 2, 3, 4, 5], [0, 2, 3, 4, 5]]"
832,23,1.3559488492687066e-05,1.9053076856171664e-05,True,1.0,2,3,"[0, 1]","[[0, 1], [0, 1], [0, 1]]"
842,19,0.0014223033617791758,0.0005185509608425446,True,1.0,4,3,"[1, 2, 4, 5]","[[0, 1, 2, 4, 5], [0, 1, 2, 4, 5], [0, 1, 2, 4, 5]]"
867,16,0.0015366917805810232,0.00020291609823102787,True,1.0,3,3,"[1, 2, 4]","[[0, 1, 2, 3, 4], [0, 1, 2, 3, 4], [0, 1, 2, 3, 4]]"
871,10,0.0006211202123566073,0.00014593954676649784,True,1.0,3,3,"[3, 6, 9]","[[0, 3, 5, 6, 9], [0, 3, 5, 6, 9], [0, 3, 5, 6, 9]]"
908,22,0.00015516989696318095,6.392848368653907e-05,True,1.0,3,3,"[0, 1, 2]","[[0, 1, 2], [0, 1, 2], [0, 1, 2]]"
913,8,0.0006502962336467633,0.00017437019223013467,True,1.0,3,3,"[11, 14, 15]","[[0, 11, 12, 14, 15], [0, 11, 12, 14, 15], [0, 11, 12, 14, 15]]"
916,7,0.0007975509325565122,6.966213458014722e-05,True,0.6666666666666666,3,3,"[7, 15, 16]","[[0, 4, 7, 15, 16], [0, 7, 8, 15, 16], [0, 4, 7, 15, 16]]"
917,19,0.00048247845535842604,0.00041059012364326724,True,1.0,3,3,"[1, 2, 3]","[[0, 1, 2, 3, 5], [0, 1, 2, 3, 5], [0, 1, 2, 3, 5]]"
931,15,0.0006861537643076954,0.00025031678647386216,True,1.0,3,3,"[1, 3, 4]","[[0, 1, 3, 4, 5], [0, 1, 3, 4, 5], [0, 1, 3, 4, 5]]"
936,11,0.0009285841966303332,4.332727558086294e-05,True,1.0,3,3,"[4, 7, 8]","[[0, 4, 6, 7, 8], [0, 4, 6, 7, 8], [0, 4, 6, 7, 8]]"
938,23,0.0001478596368609253,9.228303722337168e-05,True,1.0,2,3,"[0, 1]","[[0, 1], [0, 1], [0, 1]]"
947,15,0.0005370006194398425,0.0002714246821552274,True,1.0,3,3,"[3, 5, 6]","[[0, 3, 4, 5, 6], [0, 3, 4, 5, 6], [0, 3, 4, 5, 6]]"
961,13,0.0010324799205156943,0.0002670616804754389,True,1.0,3,3,"[2, 3, 11]","[[0, 2, 3, 4, 11], [0, 2, 3, 4, 11], [0, 2, 3, 4, 11]]"
978,2,0.0008070477438840706,0.00010613760452713589,True,0.6666666666666666,3,3,"[1, 2, 21]","[[0, 1, 2, 3, 21], [0, 1, 2, 3, 21], [0, 1, 2, 7, 21]]"
989,9,0.00035347837937849125,0.00011199626164941877,True,1.0,3,3,"[9, 10, 13]","[[0, 6, 9, 10, 13], [0, 6, 9, 10, 13], [0, 6, 9, 10, 13]]"
1002,7,0.0004505439222756147,9.542097574281178e-05,True,1.0,3,3,"[7, 10, 17]","[[0, 7, 9, 10, 17], [0, 7, 9, 10, 17], [0, 7, 9, 10, 17]]"
