arm,metric,delta_per_scene,delta_per_source
B0,total,186.55426346874995,14.769448817668362
B0,runtime,1.9482688078120418,0.15615483868090518
B0,discovery__travel_s,200.55201283593735,16.22617655385333
B0,discovery__measure_s,-19.5703125,-1.6049412826756575
B0,discovery__switch_s,-4.125,-0.33567805892024644
B0,discovery__clear_s,0.0,0.0
B0,discovery__total_s,176.8567003359374,14.285557212257428
B0,active_localization__travel_s,-44.99251164843738,-3.0902670746142773
B0,active_localization__measure_s,-1.7578125,-0.1350422038898601
B0,active_localization__switch_s,-0.171875,-0.009673009282384279
B0,active_localization__clear_s,0.0,0.0
B0,active_localization__total_s,-46.92219914843738,-3.2349822877865213
B0,diagnostic__travel_s,48.66269656250004,3.750659650163218
B0,diagnostic__measure_s,1.328125,0.09722276421495171
B0,diagnostic__switch_s,0.1171875,0.008192328504828504
B0,diagnostic__clear_s,0.0,0.0
B0,diagnostic__total_s,50.10800906250004,3.8560747428829982
B0,optical_fallback__travel_s,-4.286635367187493,-0.4479636920069834
B0,optical_fallback__measure_s,0.0,0.0
B0,optical_fallback__switch_s,0.0,0.0
B0,optical_fallback__clear_s,-1.0859375,-0.12762192234848485
B0,optical_fallback__total_s,-5.372572867187493,-0.5755856143554683
B0,certified_clear__travel_s,11.806201085937417,0.42992122300326097
B0,certified_clear__measure_s,0.0,0.0
B0,certified_clear__switch_s,0.0,0.0
B0,certified_clear__clear_s,0.078125,0.008463541666666666
B0,certified_clear__total_s,11.884326085937415,0.4383847646699277
B0,all__travel_s,211.74176346874998,16.86852666039855
B0,all__measure_s,-20.0,-1.642760722350566
B0,all__switch_s,-4.1796875,-0.3371587396978022
B0,all__clear_s,-1.0078125,-0.11915838068181818
B0,last_source_first_seen_s,15.433596148437509,2.088334637856577
B0,post_last_seen_discovery_s,125.16699493749991,9.485952771408662
B0,post_all_cleared_discovery_s,-24.74309822656257,-1.9064645701891934
B0,discovery_nodes,0.0390625,0.00244140625
B0,detect_count,-4.0,-0.32855214447011316
B0,clear_attempts,-0.3359375,-0.039719460227272727
B0,fallback_count,-0.015625,-0.0016927083333333336
B0,diagnostic_count,0.265625,0.01944455284299034
B0,distance,1058.7088167976658,84.34263326628044
B5,total,201.35500948437496,15.79627015726477
B5,runtime,1.9369015835936807,0.15522311283084916
B5,discovery__travel_s,224.96241771093736,18.004976360599223
B5,discovery__measure_s,-21.25,-1.7388296924429736
B5,discovery__switch_s,-4.5,-0.3647770848942724
B5,discovery__clear_s,0.0,0.0
B5,discovery__total_s,199.21241771093742,15.901369583261975
B5,active_localization__travel_s,-55.594381039062384,-4.050714539227238
B5,active_localization__measure_s,-1.9921875,-0.1544632125686813
B5,active_localization__switch_s,-0.1953125,-0.012184657790126537
B5,active_localization__clear_s,0.0,0.0
B5,active_localization__total_s,-57.781881039062384,-4.217362409586045
B5,diagnostic__travel_s,51.035110164062544,4.023615678590488
B5,diagnostic__measure_s,1.0546875,0.0825331894667832
B5,diagnostic__switch_s,0.125,0.009225767721861473
B5,diagnostic__clear_s,0.0,0.0
B5,diagnostic__total_s,52.214797664062544,4.115374635779133
B5,optical_fallback__travel_s,-5.120985757812491,-0.5001105914210457
B5,optical_fallback__measure_s,0.0,0.0
B5,optical_fallback__switch_s,0.0,0.0
B5,optical_fallback__clear_s,-1.5703125,-0.15789535984848485
B5,optical_fallback__total_s,-6.691298257812491,-0.6580059512695307
B5,certified_clear__travel_s,14.283785906249925,0.6439893511625702
B5,certified_clear__measure_s,0.0,0.0
B5,certified_clear__switch_s,0.0,0.0
B5,certified_clear__clear_s,0.1171875,0.010904947916666666
B5,certified_clear__total_s,14.400973406249923,0.654894299079237
B5,all__travel_s,229.565946984375,18.121756259704
B5,all__measure_s,-22.1875,-1.8107597155448718
B5,all__switch_s,-4.5703125,-0.36773597496253746
B5,all__clear_s,-1.453125,-0.14699041193181817
B5,last_source_first_seen_s,-14.606097007812473,-0.5663610500703062
B5,post_last_seen_discovery_s,166.13002049218738,12.94570014794176
B5,post_all_cleared_discovery_s,-34.15480309375006,-2.555228650454758
B5,discovery_nodes,0.0703125,0.00439453125
B5,detect_count,-4.4375,-0.36215194310897436
B5,clear_attempts,-0.484375,-0.048996803977272727
B5,fallback_count,-0.0234375,-0.0021809895833333334
B5,diagnostic_count,0.2109375,0.016506637893356643
B5,distance,1147.8297347216442,90.6087812883
B10,total,192.479955078125,15.31295218132541
B10,runtime,1.9259361257810497,0.15443834376195614
B10,discovery__travel_s,221.39309264062484,17.851278592826695
B10,discovery__measure_s,-27.578125,-2.174063078848235
B10,discovery__switch_s,-5.75,-0.4514923227813853
B10,discovery__clear_s,0.0,0.0
B10,discovery__total_s,188.0649676406249,15.225723191197076
B10,active_localization__travel_s,-53.22481842187487,-3.8650008431266563
B10,active_localization__measure_s,-1.8359375,-0.14060191110972362
B10,active_localization__switch_s,-0.1875,-0.011656865270146517
B10,active_localization__clear_s,0.0,0.0
B10,active_localization__total_s,-55.24825592187488,-4.017259619506526
B10,diagnostic__travel_s,50.317581007812535,3.9190461882073033
B10,diagnostic__measure_s,1.0546875,0.07944074155011654
B10,diagnostic__switch_s,0.1328125,0.009388528138528139
B10,diagnostic__clear_s,0.0,0.0
B10,diagnostic__total_s,51.505081007812535,4.007875457895947
B10,optical_fallback__travel_s,-1.491267742187489,-0.2581293903793789
B10,optical_fallback__measure_s,0.0,0.0
B10,optical_fallback__switch_s,0.0,0.0
B10,optical_fallback__clear_s,-1.4140625,-0.14747869318181817
B10,optical_fallback__total_s,-2.905330242187489,-0.4056080835611971
B10,certified_clear__travel_s,10.985367593749942,0.493920454050113
B10,certified_clear__measure_s,0.0,0.0
B10,certified_clear__switch_s,0.0,0.0
B10,certified_clear__clear_s,0.078125,0.00830078125
B10,certified_clear__total_s,11.06349259374994,0.5022212353001131
B10,all__travel_s,227.97995507812502,18.14111500157808
B10,all__measure_s,-28.359375,-2.2352242484078424
B10,all__switch_s,-5.8046875,-0.45376065991300363
B10,all__clear_s,-1.3359375,-0.13917791193181817
B10,last_source_first_seen_s,-7.31152961718746,0.6419601939490551
B10,post_last_seen_discovery_s,151.9308041953124,11.473091536278295
B10,post_all_cleared_discovery_s,-0.2831956484375304,0.14648251028749582
B10,discovery_nodes,0.0234375,0.00146484375
B10,detect_count,-5.671875,-0.44704484968156843
B10,clear_attempts,-0.4453125,-0.046392637310606055
B10,fallback_count,-0.015625,-0.0016601562500000002
B10,diagnostic_count,0.2109375,0.01588814831002331
B10,distance,1139.8997750278754,90.70557498725577
B20,total,202.40364225781246,16.26806960365328
B20,runtime,1.9253802648432838,0.15454469884206504
B20,discovery__travel_s,260.1026599296873,21.09024855483262
B20,discovery__measure_s,-33.75,-2.701151387674825
B20,discovery__switch_s,-6.8984375,-0.5508749713827839
B20,discovery__clear_s,0.0,0.0
B20,discovery__total_s,219.45422242968732,17.838222195775014
B20,active_localization__travel_s,-55.89489875781239,-4.077293752885193
B20,active_localization__measure_s,-0.7421875,-0.05556894277597403
B20,active_localization__switch_s,-0.1640625,-0.011387993516899765
B20,active_localization__clear_s,0.0,0.0
B20,active_localization__total_s,-56.80114875781239,-4.144250689178068
B20,diagnostic__travel_s,40.899514453125015,3.2576576567861837
B20,diagnostic__measure_s,1.0546875,0.08826378699425574
B20,diagnostic__switch_s,0.140625,0.011398529855561106
B20,diagnostic__clear_s,0.0,0.0
B20,diagnostic__total_s,42.094826953125015,3.3573199736359998
B20,optical_fallback__travel_s,0.7175351250000155,-0.11125810011837008
B20,optical_fallback__measure_s,0.0,0.0
B20,optical_fallback__switch_s,0.0,0.0
B20,optical_fallback__clear_s,-1.0859375,-0.1218661221590909
B20,optical_fallback__total_s,-0.3684023749999845,-0.23312422227746096
B20,certified_clear__travel_s,-1.9367934921874914,-0.54996448668857
B20,certified_clear__measure_s,0.0,0.0
B20,certified_clear__switch_s,0.0,0.0
B20,certified_clear__clear_s,-0.0390625,-0.00013316761363636352
B20,certified_clear__total_s,-1.9758559921874914,-0.5500976543022063
B20,all__travel_s,243.88801725781255,19.609389871926677
B20,all__measure_s,-33.4375,-2.6684565434565437
B20,all__switch_s,-6.921875,-0.5508644350441225
B20,all__clear_s,-1.125,-0.12199928977272725
B20,last_source_first_seen_s,90.94106914062499,10.353920399140248
B20,post_last_seen_discovery_s,99.78341142968738,6.145952516303607
B20,post_all_cleared_discovery_s,-3.843654625000056,-0.6518970275858309
B20,discovery_nodes,-0.046875,-0.0029296875
B20,detect_count,-6.6875,-0.5336913086913087
B20,clear_attempts,-0.375,-0.04066642992424242
B20,fallback_count,0.0078125,2.6633522727272574e-05
B20,diagnostic_count,0.2109375,0.017652757398851148
B20,distance,1219.4400856917182,98.04694933070142
