seed,seed_hex,stress,problem,variant,run_status,engine_end_reason,total,cleared,clear_rate,error,mean_time_per_source,virtual_time_s,distance,runtime,device,fallback_count,grid_points,clear_attempts,optical_clear_attempts,diagnostic_count,detect_count,switch_count,config_hash,scene_hash,source_hash,directional_count,evidence,grid_version,stage_discovery_s,stage_active_localization_s,stage_diagnostic_s,stage_optical_fallback_s,stage_certified_clear_s,stage_sum_error_s,validation_errors,valid_full_clear
0,0000000000000000000000000000000000000000000000000000000000000000,byte_pattern,4,P4_current_grid_v1,FULL_CLEAR,user_exit,15,15,1.0,,1528.1031195333335,22921.546793,95107.73396563908,6.10218789999999,cuda,4,820,318,307,0,494,446,4aa5ed9f0476d422aa1a3133c5fdb3433f2e93a213b8abdb030decdd71bdafea,64d715059fd8d58ef3cd16ff06b767341474d33d91638db817b4118a9cf3ae66,582606f08e9038b9bbbadc596bb4fa861f331ee6bfdb70a5c71433bbcb022860,12,recovered_practice_engine_local,grid_v1,9056.161513000012,1262.8976319999929,0.0,12236.091259999997,366.39638799999966,0.0,[],True
0,0000000000000000000000000000000000000000000000000000000000000000,byte_pattern,4,P4_route_only_grid_v1,FULL_CLEAR,user_exit,15,15,1.0,,861.2874757333334,12919.312136,46086.560663656004,4.39668470000106,cuda,4,820,252,241,0,494,446,cb7424de648741445e15bb1994f8c018357a5f44b60eaa29aba3b6bc7d937271,64d715059fd8d58ef3cd16ff06b767341474d33d91638db817b4118a9cf3ae66,582606f08e9038b9bbbadc596bb4fa861f331ee6bfdb70a5c71433bbcb022860,12,recovered_practice_engine_local,grid_v1,9056.852902000002,1262.8976319999997,0.0,2233.1652139999987,366.3963879999999,0.0,[],True
0,0000000000000000000000000000000000000000000000000000000000000000,byte_pattern,4,P4_diagnostic_v1_grid_v1,FULL_CLEAR,user_exit,15,15,1.0,,755.3364340666667,11330.046511,41515.23254489037,4.678220699999656,cuda,0,0,15,0,6,500,452,dbc2410062cd54ef42aab2386c7e3f91784cf9bdb9913a67cd28fcbd825c381c,64d715059fd8d58ef3cd16ff06b767341474d33d91638db817b4118a9cf3ae66,582606f08e9038b9bbbadc596bb4fa861f331ee6bfdb70a5c71433bbcb022860,12,recovered_practice_engine_local,grid_v1,9056.785202000003,1263.5705249999987,546.735716,0.0,462.9550679999995,0.0,[],True
1,ffffffffffffffffffffffffffffffffffffffffffffffffffffffffffffffff,byte_pattern,4,P4_current_grid_v1,FULL_CLEAR,user_exit,14,14,1.0,,756.1142978571428,10585.60017,37823.00084624861,3.715563599998859,cuda,0,0,14,0,0,498,461,4aa5ed9f0476d422aa1a3133c5fdb3433f2e93a213b8abdb030decdd71bdafea,c42c26155be3407e68f839a18d92edcd9551ba42e3acc4068f96e1583f130e96,582606f08e9038b9bbbadc596bb4fa861f331ee6bfdb70a5c71433bbcb022860,4,recovered_practice_engine_local,grid_v1,8826.517917999998,1082.2049610000006,0.0,0.0,676.8772909999998,1.8189894035458565e-12,[],True
1,ffffffffffffffffffffffffffffffffffffffffffffffffffffffffffffffff,byte_pattern,4,P4_route_only_grid_v1,FULL_CLEAR,user_exit,14,14,1.0,,756.1142978571428,10585.60017,37823.00084624861,3.7920028999997157,cuda,0,0,14,0,0,498,461,cb7424de648741445e15bb1994f8c018357a5f44b60eaa29aba3b6bc7d937271,c42c26155be3407e68f839a18d92edcd9551ba42e3acc4068f96e1583f130e96,582606f08e9038b9bbbadc596bb4fa861f331ee6bfdb70a5c71433bbcb022860,4,recovered_practice_engine_local,grid_v1,8826.517917999998,1082.2049610000006,0.0,0.0,676.8772909999998,1.8189894035458565e-12,[],True
1,ffffffffffffffffffffffffffffffffffffffffffffffffffffffffffffffff,byte_pattern,4,P4_diagnostic_v1_grid_v1,FULL_CLEAR,user_exit,14,14,1.0,,756.1142978571428,10585.60017,37823.00084624861,3.8632034999991447,cuda,0,0,14,0,0,498,461,dbc2410062cd54ef42aab2386c7e3f91784cf9bdb9913a67cd28fcbd825c381c,c42c26155be3407e68f839a18d92edcd9551ba42e3acc4068f96e1583f130e96,582606f08e9038b9bbbadc596bb4fa861f331ee6bfdb70a5c71433bbcb022860,4,recovered_practice_engine_local,grid_v1,8826.517917999998,1082.2049610000006,0.0,0.0,676.8772909999998,1.8189894035458565e-12,[],True
2,000102030405060708090a0b0c0d0e0f101112131415161718191a1b1c1d1e1f,byte_pattern,4,P4_current_grid_v1,FULL_CLEAR,user_exit,13,13,1.0,,845.024532,10985.318916,39151.59458097416,3.7991130000009434,cuda,0,0,13,0,0,522,480,4aa5ed9f0476d422aa1a3133c5fdb3433f2e93a213b8abdb030decdd71bdafea,251c4c9adcfb0bbdbea393349ba9878e8d9aa180c52db877c382fae94d4545f5,582606f08e9038b9bbbadc596bb4fa861f331ee6bfdb70a5c71433bbcb022860,3,recovered_practice_engine_local,grid_v1,9153.276306,1130.2395729999994,0.0,0.0,701.8030369999999,1.8189894035458565e-12,[],True
2,000102030405060708090a0b0c0d0e0f101112131415161718191a1b1c1d1e1f,byte_pattern,4,P4_route_only_grid_v1,FULL_CLEAR,user_exit,13,13,1.0,,845.024532,10985.318916,39151.59458097416,3.9851703999993333,cuda,0,0,13,0,0,522,480,cb7424de648741445e15bb1994f8c018357a5f44b60eaa29aba3b6bc7d937271,251c4c9adcfb0bbdbea393349ba9878e8d9aa180c52db877c382fae94d4545f5,582606f08e9038b9bbbadc596bb4fa861f331ee6bfdb70a5c71433bbcb022860,3,recovered_practice_engine_local,grid_v1,9153.276306,1130.2395729999994,0.0,0.0,701.8030369999999,1.8189894035458565e-12,[],True
2,000102030405060708090a0b0c0d0e0f101112131415161718191a1b1c1d1e1f,byte_pattern,4,P4_diagnostic_v1_grid_v1,FULL_CLEAR,user_exit,13,13,1.0,,845.024532,10985.318916,39151.59458097416,3.888936299999841,cuda,0,0,13,0,0,522,480,dbc2410062cd54ef42aab2386c7e3f91784cf9bdb9913a67cd28fcbd825c381c,251c4c9adcfb0bbdbea393349ba9878e8d9aa180c52db877c382fae94d4545f5,582606f08e9038b9bbbadc596bb4fa861f331ee6bfdb70a5c71433bbcb022860,3,recovered_practice_engine_local,grid_v1,9153.276306,1130.2395729999994,0.0,0.0,701.8030369999999,1.8189894035458565e-12,[],True
3,1f1e1d1c1b1a191817161514131211100f0e0d0c0b0a09080706050403020100,byte_pattern,4,P4_current_grid_v1,FULL_CLEAR,user_exit,12,12,1.0,,1002.8143435000001,12033.772122,44363.86060129402,4.317865300001358,cuda,0,0,12,0,0,526,471,4aa5ed9f0476d422aa1a3133c5fdb3433f2e93a213b8abdb030decdd71bdafea,899a1c2ab7b84464f32ba71366100d7f16923333cf3055d22582e10e734b86fb,582606f08e9038b9bbbadc596bb4fa861f331ee6bfdb70a5c71433bbcb022860,9,recovered_practice_engine_local,grid_v1,10081.684589,1591.5029680000011,0.0,0.0,360.584564999999,0.0,[],True
3,1f1e1d1c1b1a191817161514131211100f0e0d0c0b0a09080706050403020100,byte_pattern,4,P4_route_only_grid_v1,FULL_CLEAR,user_exit,12,12,1.0,,1002.8143435000001,12033.772122,44363.86060129402,4.316701899999316,cuda,0,0,12,0,0,526,471,cb7424de648741445e15bb1994f8c018357a5f44b60eaa29aba3b6bc7d937271,899a1c2ab7b84464f32ba71366100d7f16923333cf3055d22582e10e734b86fb,582606f08e9038b9bbbadc596bb4fa861f331ee6bfdb70a5c71433bbcb022860,9,recovered_practice_engine_local,grid_v1,10081.684589,1591.5029680000011,0.0,0.0,360.584564999999,0.0,[],True
3,1f1e1d1c1b1a191817161514131211100f0e0d0c0b0a09080706050403020100,byte_pattern,4,P4_diagnostic_v1_grid_v1,FULL_CLEAR,user_exit,12,12,1.0,,1002.8143435000001,12033.772122,44363.86060129402,4.441380700000082,cuda,0,0,12,0,0,526,471,dbc2410062cd54ef42aab2386c7e3f91784cf9bdb9913a67cd28fcbd825c381c,899a1c2ab7b84464f32ba71366100d7f16923333cf3055d22582e10e734b86fb,582606f08e9038b9bbbadc596bb4fa861f331ee6bfdb70a5c71433bbcb022860,9,recovered_practice_engine_local,grid_v1,10081.684589,1591.5029680000011,0.0,0.0,360.584564999999,0.0,[],True
4,aaaaaaaaaaaaaaaaaaaaaaaaaaaaaaaaaaaaaaaaaaaaaaaaaaaaaaaaaaaaaaaa,byte_pattern,4,P4_current_grid_v1,FULL_CLEAR,user_exit,11,11,1.0,,1250.2471631818182,13752.718795,52248.59397229435,3.756129499999588,cuda,2,650,80,71,0,514,471,4aa5ed9f0476d422aa1a3133c5fdb3433f2e93a213b8abdb030decdd71bdafea,0ba3d587e9197f09f3310d3e633fd1d0ae24fe643d6b3ef24e6827e4bb58e362,582606f08e9038b9bbbadc596bb4fa861f331ee6bfdb70a5c71433bbcb022860,2,recovered_practice_engine_local,grid_v1,9279.636867000001,1046.0535809999997,0.0,3229.367764,197.66058300000003,1.8189894035458565e-12,[],True
4,aaaaaaaaaaaaaaaaaaaaaaaaaaaaaaaaaaaaaaaaaaaaaaaaaaaaaaaaaaaaaaaa,byte_pattern,4,P4_route_only_grid_v1,FULL_CLEAR,user_exit,11,11,1.0,,1170.738751818182,12878.12627,44785.63133658258,3.6146669999998267,cuda,2,650,286,277,0,514,471,cb7424de648741445e15bb1994f8c018357a5f44b60eaa29aba3b6bc7d937271,0ba3d587e9197f09f3310d3e633fd1d0ae24fe643d6b3ef24e6827e4bb58e362,582606f08e9038b9bbbadc596bb4fa861f331ee6bfdb70a5c71433bbcb022860,2,recovered_practice_engine_local,grid_v1,9279.636867000001,1046.0535809999997,0.0,2354.775239,197.66058299999912,0.0,[],True
4,aaaaaaaaaaaaaaaaaaaaaaaaaaaaaaaaaaaaaaaaaaaaaaaaaaaaaaaaaaaaaaaa,byte_pattern,4,P4_diagnostic_v1_grid_v1,FULL_CLEAR,user_exit,11,11,1.0,,1040.9426024545455,11450.368627,41581.84312948173,3.9364147999986017,cuda,1,15,15,5,5,519,472,dbc2410062cd54ef42aab2386c7e3f91784cf9bdb9913a67cd28fcbd825c381c,0ba3d587e9197f09f3310d3e633fd1d0ae24fe643d6b3ef24e6827e4bb58e362,582606f08e9038b9bbbadc596bb4fa861f331ee6bfdb70a5c71433bbcb022860,2,recovered_practice_engine_local,grid_v1,9279.636867000001,1047.7111839999993,858.3579239999999,41.66774099999975,222.99491100000085,1.8189894035458565e-12,[],True
5,5555555555555555555555555555555555555555555555555555555555555555,byte_pattern,4,P4_current_grid_v1,FULL_CLEAR,user_exit,13,13,1.0,,3217.735156230769,41830.557031,186182.78514206377,4.044085999999879,cuda,2,594,400,389,0,568,528,4aa5ed9f0476d422aa1a3133c5fdb3433f2e93a213b8abdb030decdd71bdafea,a79c8923d199554195d161b8b3dfa2a8b0ad3a9ab817f5bcf7e98c54b38c89c8,582606f08e9038b9bbbadc596bb4fa861f331ee6bfdb70a5c71433bbcb022860,5,recovered_practice_engine_local,grid_v1,9636.547293999989,1493.987410999993,0.0,30359.855911,340.16641500001634,0.0,[],True
5,5555555555555555555555555555555555555555555555555555555555555555,byte_pattern,4,P4_route_only_grid_v1,FULL_CLEAR,user_exit,13,13,1.0,,1143.7334252307692,14868.534528,50382.67265032004,4.148706600000878,cuda,2,594,466,455,0,568,528,cb7424de648741445e15bb1994f8c018357a5f44b60eaa29aba3b6bc7d937271,a79c8923d199554195d161b8b3dfa2a8b0ad3a9ab817f5bcf7e98c54b38c89c8,582606f08e9038b9bbbadc596bb4fa861f331ee6bfdb70a5c71433bbcb022860,5,recovered_practice_engine_local,grid_v1,9634.160206000004,1493.9874109999998,0.0,3400.2204960000004,340.1664149999968,0.0,[],True
5,5555555555555555555555555555555555555555555555555555555555555555,byte_pattern,4,P4_diagnostic_v1_grid_v1,FULL_CLEAR,user_exit,13,13,1.0,,916.3122949230769,11912.059834,42285.29918378449,4.351911700001438,cuda,0,0,13,0,4,572,530,dbc2410062cd54ef42aab2386c7e3f91784cf9bdb9913a67cd28fcbd825c381c,a79c8923d199554195d161b8b3dfa2a8b0ad3a9ab817f5bcf7e98c54b38c89c8,582606f08e9038b9bbbadc596bb4fa861f331ee6bfdb70a5c71433bbcb022860,5,recovered_practice_engine_local,grid_v1,9636.42021,1495.0826070000007,339.61587599999984,0.0,440.9411410000001,0.0,[],True
6,0000000000000000000000000000000000000000000000000000000000000001,one_bit,4,P4_current_grid_v1,FULL_CLEAR,user_exit,11,11,1.0,,987.966284909091,10867.629134,39363.145673125146,3.5001996000009967,cuda,0,0,11,0,0,497,455,4aa5ed9f0476d422aa1a3133c5fdb3433f2e93a213b8abdb030decdd71bdafea,ff05d590c52c9bf6f094a6d61792a77225f7e59afc9d5ca64fc41bf3960bfe31,582606f08e9038b9bbbadc596bb4fa861f331ee6bfdb70a5c71433bbcb022860,6,recovered_practice_engine_local,grid_v1,9099.458743,1230.0271849999995,0.0,0.0,538.1432060000005,1.8189894035458565e-12,[],True
6,0000000000000000000000000000000000000000000000000000000000000001,one_bit,4,P4_route_only_grid_v1,FULL_CLEAR,user_exit,11,11,1.0,,987.966284909091,10867.629134,39363.145673125146,3.421355399999811,cuda,0,0,11,0,0,497,455,cb7424de648741445e15bb1994f8c018357a5f44b60eaa29aba3b6bc7d937271,ff05d590c52c9bf6f094a6d61792a77225f7e59afc9d5ca64fc41bf3960bfe31,582606f08e9038b9bbbadc596bb4fa861f331ee6bfdb70a5c71433bbcb022860,6,recovered_practice_engine_local,grid_v1,9099.458743,1230.0271849999995,0.0,0.0,538.1432060000005,1.8189894035458565e-12,[],True
6,0000000000000000000000000000000000000000000000000000000000000001,one_bit,4,P4_diagnostic_v1_grid_v1,FULL_CLEAR,user_exit,11,11,1.0,,987.966284909091,10867.629134,39363.145673125146,3.46547129999999,cuda,0,0,11,0,0,497,455,dbc2410062cd54ef42aab2386c7e3f91784cf9bdb9913a67cd28fcbd825c381c,ff05d590c52c9bf6f094a6d61792a77225f7e59afc9d5ca64fc41bf3960bfe31,582606f08e9038b9bbbadc596bb4fa861f331ee6bfdb70a5c71433bbcb022860,6,recovered_practice_engine_local,grid_v1,9099.458743,1230.0271849999995,0.0,0.0,538.1432060000005,1.8189894035458565e-12,[],True
7,0000000000000000000000000000000000000000000000000000000000000002,one_bit,4,P4_current_grid_v1,FULL_CLEAR,user_exit,10,10,1.0,,5315.9511717000005,53159.511717,242032.55865484348,3.607616600000256,cuda,2,780,554,546,0,520,471,4aa5ed9f0476d422aa1a3133c5fdb3433f2e93a213b8abdb030decdd71bdafea,b481d5f702fe44a026fdf81caaea5c483491c929f6b20dcd90b65267e6b9c9a2,582606f08e9038b9bbbadc596bb4fa861f331ee6bfdb70a5c71433bbcb022860,10,recovered_practice_engine_local,grid_v1,9610.817986,1301.609043000003,0.0,42054.352094999995,192.73259300000313,7.275957614183426e-12,[],True
7,0000000000000000000000000000000000000000000000000000000000000002,one_bit,4,P4_route_only_grid_v1,FULL_CLEAR,user_exit,10,10,1.0,,1283.3010988,12833.010988,45560.05492827155,3.727352800000517,cuda,2,780,210,202,0,520,471,cb7424de648741445e15bb1994f8c018357a5f44b60eaa29aba3b6bc7d937271,b481d5f702fe44a026fdf81caaea5c483491c929f6b20dcd90b65267e6b9c9a2,582606f08e9038b9bbbadc596bb4fa861f331ee6bfdb70a5c71433bbcb022860,10,recovered_practice_engine_local,grid_v1,9610.821256,1307.3698980000004,0.0,1721.9805100000003,192.83932400000026,1.8189894035458565e-12,[],True
7,0000000000000000000000000000000000000000000000000000000000000002,one_bit,4,P4_diagnostic_v1_grid_v1,FULL_CLEAR,user_exit,10,10,1.0,,1203.8154547,12038.154547,44435.77272625138,3.9411927000001015,cuda,0,0,10,0,6,526,471,dbc2410062cd54ef42aab2386c7e3f91784cf9bdb9913a67cd28fcbd825c381c,b481d5f702fe44a026fdf81caaea5c483491c929f6b20dcd90b65267e6b9c9a2,582606f08e9038b9bbbadc596bb4fa861f331ee6bfdb70a5c71433bbcb022860,10,recovered_practice_engine_local,grid_v1,9610.819313,1301.054376,849.4426370000001,0.0,276.8382210000002,0.0,[],True
8,0000000000000000000000000000000000000000000000000000000000000004,one_bit,4,P4_current_grid_v1,FULL_CLEAR,user_exit,16,16,1.0,,704.05320025,11264.851204,44259.25601600824,4.289183400000184,cuda,0,0,16,0,0,396,353,4aa5ed9f0476d422aa1a3133c5fdb3433f2e93a213b8abdb030decdd71bdafea,81394eba99b59e2bf6cfa4b6879d0f8e44435c15ccdb7de1eebbd2b7688d14c3,582606f08e9038b9bbbadc596bb4fa861f331ee6bfdb70a5c71433bbcb022860,1,recovered_practice_engine_local,grid_v1,9376.929212,1038.4766219999992,0.0,0.0,849.4453700000015,1.8189894035458565e-12,[],True
8,0000000000000000000000000000000000000000000000000000000000000004,one_bit,4,P4_route_only_grid_v1,FULL_CLEAR,user_exit,16,16,1.0,,704.05320025,11264.851204,44259.25601600824,4.2419420999995054,cuda,0,0,16,0,0,396,353,cb7424de648741445e15bb1994f8c018357a5f44b60eaa29aba3b6bc7d937271,81394eba99b59e2bf6cfa4b6879d0f8e44435c15ccdb7de1eebbd2b7688d14c3,582606f08e9038b9bbbadc596bb4fa861f331ee6bfdb70a5c71433bbcb022860,1,recovered_practice_engine_local,grid_v1,9376.929212,1038.4766219999992,0.0,0.0,849.4453700000015,1.8189894035458565e-12,[],True
8,0000000000000000000000000000000000000000000000000000000000000004,one_bit,4,P4_diagnostic_v1_grid_v1,FULL_CLEAR,user_exit,16,16,1.0,,704.05320025,11264.851204,44259.25601600824,4.221227500000168,cuda,0,0,16,0,0,396,353,dbc2410062cd54ef42aab2386c7e3f91784cf9bdb9913a67cd28fcbd825c381c,81394eba99b59e2bf6cfa4b6879d0f8e44435c15ccdb7de1eebbd2b7688d14c3,582606f08e9038b9bbbadc596bb4fa861f331ee6bfdb70a5c71433bbcb022860,1,recovered_practice_engine_local,grid_v1,9376.929212,1038.4766219999992,0.0,0.0,849.4453700000015,1.8189894035458565e-12,[],True
9,0000000000000000000000000000000000000000000000000000000000000008,one_bit,4,P4_current_grid_v1,FULL_CLEAR,user_exit,16,16,1.0,,3866.05885525,61856.941684,284399.70856948756,4.064459300001545,cuda,3,1087,899,886,0,382,338,4aa5ed9f0476d422aa1a3133c5fdb3433f2e93a213b8abdb030decdd71bdafea,e15f3147c2ebb1f87a34330d86bf19343c6feacb65007199e04de3980c99859e,582606f08e9038b9bbbadc596bb4fa861f331ee6bfdb70a5c71433bbcb022860,7,recovered_practice_engine_local,grid_v1,8472.621835999998,1478.2834449999946,0.0,50992.51162699999,913.5247760000061,7.275957614183426e-12,[],True
9,0000000000000000000000000000000000000000000000000000000000000008,one_bit,4,P4_route_only_grid_v1,FULL_CLEAR,user_exit,16,16,1.0,,1087.504230125,17400.067682,62130.338408472024,3.998839099998804,cuda,3,1087,898,885,0,382,338,cb7424de648741445e15bb1994f8c018357a5f44b60eaa29aba3b6bc7d937271,e15f3147c2ebb1f87a34330d86bf19343c6feacb65007199e04de3980c99859e,582606f08e9038b9bbbadc596bb4fa861f331ee6bfdb70a5c71433bbcb022860,7,recovered_practice_engine_local,grid_v1,8472.621836000002,1478.283445,0.0,6535.637625,913.5247759999988,0.0,[],True
9,0000000000000000000000000000000000000000000000000000000000000008,one_bit,4,P4_diagnostic_v1_grid_v1,FULL_CLEAR,user_exit,16,16,1.0,,725.5668025,11609.06884,46270.34419088173,4.173651799999789,cuda,0,0,16,0,5,387,340,dbc2410062cd54ef42aab2386c7e3f91784cf9bdb9913a67cd28fcbd825c381c,e15f3147c2ebb1f87a34330d86bf19343c6feacb65007199e04de3980c99859e,582606f08e9038b9bbbadc596bb4fa861f331ee6bfdb70a5c71433bbcb022860,7,recovered_practice_engine_local,grid_v1,8470.035662999999,1477.3920820000012,582.6252350000002,0.0,1079.0158599999997,0.0,[],True
10,0000000000000000000000000000000000000000000000000000000000000010,one_bit,4,P4_current_grid_v1,FULL_CLEAR,user_exit,14,14,1.0,,2394.6430739285715,33525.003035,144970.01519170727,4.610027900000205,cuda,1,390,296,283,0,610,565,4aa5ed9f0476d422aa1a3133c5fdb3433f2e93a213b8abdb030decdd71bdafea,af38be975693c6544c62db9bf895c2c9af58fc8aaad15d8a24548881470b7858,582606f08e9038b9bbbadc596bb4fa861f331ee6bfdb70a5c71433bbcb022860,10,recovered_practice_engine_local,grid_v1,10168.299071000005,1803.3658060000002,0.0,21258.991707,294.3464509999964,0.0,[],True
10,0000000000000000000000000000000000000000000000000000000000000010,one_bit,4,P4_route_only_grid_v1,FULL_CLEAR,user_exit,14,14,1.0,,1024.7193678571427,14346.07115,49075.355759565784,4.607400400000188,cuda,1,390,296,283,0,610,565,cb7424de648741445e15bb1994f8c018357a5f44b60eaa29aba3b6bc7d937271,af38be975693c6544c62db9bf895c2c9af58fc8aaad15d8a24548881470b7858,582606f08e9038b9bbbadc596bb4fa861f331ee6bfdb70a5c71433bbcb022860,10,recovered_practice_engine_local,grid_v1,10168.299071000003,1803.3658059999984,0.0,2080.059822000001,294.34645099999824,0.0,[],True
10,0000000000000000000000000000000000000000000000000000000000000010,one_bit,4,P4_diagnostic_v1_grid_v1,FULL_CLEAR,user_exit,14,14,1.0,,889.3402905714286,12450.764068,43773.8203498133,4.706439300000056,cuda,0,0,14,0,2,612,566,dbc2410062cd54ef42aab2386c7e3f91784cf9bdb9913a67cd28fcbd825c381c,af38be975693c6544c62db9bf895c2c9af58fc8aaad15d8a24548881470b7858,582606f08e9038b9bbbadc596bb4fa861f331ee6bfdb70a5c71433bbcb022860,10,recovered_practice_engine_local,grid_v1,10168.299070999998,1804.2687640000008,156.58606700000018,0.0,321.6101660000019,0.0,[],True
11,0000000000000000000000000000000000000000000000000000000000000020,one_bit,4,P4_current_grid_v1,FULL_CLEAR,user_exit,16,16,1.0,,1318.4564358125,21095.302973,88296.51488830049,5.1731955999985075,cuda,1,264,181,166,0,486,431,4aa5ed9f0476d422aa1a3133c5fdb3433f2e93a213b8abdb030decdd71bdafea,159d1e8bd6652d79bbaaa7aaa78124b4a30e6a799dc478f68b9f150b78be1f06,582606f08e9038b9bbbadc596bb4fa861f331ee6bfdb70a5c71433bbcb022860,14,recovered_practice_engine_local,grid_v1,9334.429561,1768.455253000001,0.0,9363.266690999999,629.1514679999991,0.0,[],True
11,0000000000000000000000000000000000000000000000000000000000000020,one_bit,4,P4_route_only_grid_v1,FULL_CLEAR,user_exit,16,16,1.0,,800.582608875,12809.321742,47286.60871013543,5.1993351000000985,cuda,1,264,153,138,0,486,431,cb7424de648741445e15bb1994f8c018357a5f44b60eaa29aba3b6bc7d937271,159d1e8bd6652d79bbaaa7aaa78124b4a30e6a799dc478f68b9f150b78be1f06,582606f08e9038b9bbbadc596bb4fa861f331ee6bfdb70a5c71433bbcb022860,14,recovered_practice_engine_local,grid_v1,9333.574079,1768.455253,0.0,1078.1409420000005,629.151468,0.0,[],True
11,0000000000000000000000000000000000000000000000000000000000000020,one_bit,4,P4_diagnostic_v1_grid_v1,FULL_CLEAR,user_exit,16,16,1.0,,745.4616541875,11927.386467,44906.932335595324,5.510299999999916,cuda,0,0,16,0,1,487,431,dbc2410062cd54ef42aab2386c7e3f91784cf9bdb9913a67cd28fcbd825c381c,159d1e8bd6652d79bbaaa7aaa78124b4a30e6a799dc478f68b9f150b78be1f06,582606f08e9038b9bbbadc596bb4fa861f331ee6bfdb70a5c71433bbcb022860,14,recovered_practice_engine_local,grid_v1,9331.713929,1768.455253000002,148.18242100000043,0.0,679.0348639999979,0.0,[],True
12,0000000000000000000000000000000000000000000000000000000000000040,one_bit,4,P4_current_grid_v1,FULL_CLEAR,user_exit,15,15,1.0,,1231.7371938,18476.057907,75920.28954134078,3.919584399998712,cuda,2,413,169,156,0,467,420,4aa5ed9f0476d422aa1a3133c5fdb3433f2e93a213b8abdb030decdd71bdafea,ecc933cb78e9caf12be55ae9703292498ae62da25d9613c0c9d002116496728e,582606f08e9038b9bbbadc596bb4fa861f331ee6bfdb70a5c71433bbcb022860,4,recovered_practice_engine_local,grid_v1,9212.792667999998,1397.2112410000007,0.0,7113.133300000001,752.9206979999985,0.0,[],True
12,0000000000000000000000000000000000000000000000000000000000000040,one_bit,4,P4_route_only_grid_v1,FULL_CLEAR,user_exit,15,15,1.0,,845.0817388666667,12676.226083,47281.13041852842,3.9811938000002556,cuda,2,413,145,132,0,467,420,cb7424de648741445e15bb1994f8c018357a5f44b60eaa29aba3b6bc7d937271,ecc933cb78e9caf12be55ae9703292498ae62da25d9613c0c9d002116496728e,582606f08e9038b9bbbadc596bb4fa861f331ee6bfdb70a5c71433bbcb022860,4,recovered_practice_engine_local,grid_v1,9207.138758999998,1397.2112410000007,0.0,1318.9553850000011,752.9206979999985,1.8189894035458565e-12,[],True
12,0000000000000000000000000000000000000000000000000000000000000040,one_bit,4,P4_diagnostic_v1_grid_v1,FULL_CLEAR,user_exit,15,15,1.0,,783.1293859333333,11746.940789,44494.70394909525,4.144899900000382,cuda,0,0,15,0,3,470,423,dbc2410062cd54ef42aab2386c7e3f91784cf9bdb9913a67cd28fcbd825c381c,ecc933cb78e9caf12be55ae9703292498ae62da25d9613c0c9d002116496728e,582606f08e9038b9bbbadc596bb4fa861f331ee6bfdb70a5c71433bbcb022860,4,recovered_practice_engine_local,grid_v1,9210.642820000001,1397.2112410000007,335.91906500000186,0.0,803.167662999997,0.0,[],True
13,0000000000000000000000000000000000000000000000000000000000000080,one_bit,4,P4_current_grid_v1,FULL_CLEAR,user_exit,10,10,1.0,,1118.0162,11180.162,38460.80999979402,3.882757199999105,cuda,0,0,10,0,0,580,538,4aa5ed9f0476d422aa1a3133c5fdb3433f2e93a213b8abdb030decdd71bdafea,97bc2a78d4e988a74be938e1ec41bca45d463a9e9afede83d58b684e58770a3e,582606f08e9038b9bbbadc596bb4fa861f331ee6bfdb70a5c71433bbcb022860,3,recovered_practice_engine_local,grid_v1,9717.639429000003,1014.9527099999987,0.0,0.0,447.569861,0.0,[],True
13,0000000000000000000000000000000000000000000000000000000000000080,one_bit,4,P4_route_only_grid_v1,FULL_CLEAR,user_exit,10,10,1.0,,1118.0162,11180.162,38460.80999979402,3.854970799999137,cuda,0,0,10,0,0,580,538,cb7424de648741445e15bb1994f8c018357a5f44b60eaa29aba3b6bc7d937271,97bc2a78d4e988a74be938e1ec41bca45d463a9e9afede83d58b684e58770a3e,582606f08e9038b9bbbadc596bb4fa861f331ee6bfdb70a5c71433bbcb022860,3,recovered_practice_engine_local,grid_v1,9717.639429000003,1014.9527099999987,0.0,0.0,447.569861,0.0,[],True
13,0000000000000000000000000000000000000000000000000000000000000080,one_bit,4,P4_diagnostic_v1_grid_v1,FULL_CLEAR,user_exit,10,10,1.0,,1118.0162,11180.162,38460.80999979402,3.6477469999990717,cuda,0,0,10,0,0,580,538,dbc2410062cd54ef42aab2386c7e3f91784cf9bdb9913a67cd28fcbd825c381c,97bc2a78d4e988a74be938e1ec41bca45d463a9e9afede83d58b684e58770a3e,582606f08e9038b9bbbadc596bb4fa861f331ee6bfdb70a5c71433bbcb022860,3,recovered_practice_engine_local,grid_v1,9717.639429000003,1014.9527099999987,0.0,0.0,447.569861,0.0,[],True
14,0000000000000000000000000000000000000000000000000000000000000100,one_bit,4,P4_current_grid_v1,FULL_CLEAR,user_exit,10,10,1.0,,2224.1773515,22241.773515,90358.86761475963,3.7330851999995502,cuda,2,648,234,226,0,582,538,4aa5ed9f0476d422aa1a3133c5fdb3433f2e93a213b8abdb030decdd71bdafea,e410098dfe3a4b3620991b5ffda89df60aad46b8a812bc8c8e77c0a2e613a920,582606f08e9038b9bbbadc596bb4fa861f331ee6bfdb70a5c71433bbcb022860,9,recovered_practice_engine_local,grid_v1,9569.909509,1501.211095999999,0.0,10828.054178000002,342.59873200000163,3.637978807091713e-12,[],True
14,0000000000000000000000000000000000000000000000000000000000000100,one_bit,4,P4_route_only_grid_v1,FULL_CLEAR,user_exit,10,10,1.0,,1245.7319241,12457.319241,43131.59621071444,3.945852400000149,cuda,2,648,121,113,0,582,538,cb7424de648741445e15bb1994f8c018357a5f44b60eaa29aba3b6bc7d937271,e410098dfe3a4b3620991b5ffda89df60aad46b8a812bc8c8e77c0a2e613a920,582606f08e9038b9bbbadc596bb4fa861f331ee6bfdb70a5c71433bbcb022860,9,recovered_practice_engine_local,grid_v1,9566.639752,1501.211096000001,0.0,1046.869661,342.5987319999989,0.0,[],True
14,0000000000000000000000000000000000000000000000000000000000000100,one_bit,4,P4_diagnostic_v1_grid_v1,FULL_CLEAR,user_exit,10,10,1.0,,1175.4450309,11754.450309,41202.25154685711,4.065130799999679,cuda,0,0,10,0,3,585,539,dbc2410062cd54ef42aab2386c7e3f91784cf9bdb9913a67cd28fcbd825c381c,e410098dfe3a4b3620991b5ffda89df60aad46b8a812bc8c8e77c0a2e613a920,582606f08e9038b9bbbadc596bb4fa861f331ee6bfdb70a5c71433bbcb022860,9,recovered_practice_engine_local,grid_v1,9569.776431,1501.211095999999,259.5824789999999,0.0,423.88030300000025,0.0,[],True
15,0000000000000000000000000000000000000000000000000000000000000200,one_bit,4,P4_current_grid_v1,FULL_CLEAR,user_exit,13,13,1.0,,3161.1402996153847,41094.823895,186649.11951750139,4.072904599999674,cuda,2,417,301,290,0,481,431,4aa5ed9f0476d422aa1a3133c5fdb3433f2e93a213b8abdb030decdd71bdafea,14a8c86edc6bcac42755b63d06bea0000a2a8f37eded0f16d7574e42ca677745,582606f08e9038b9bbbadc596bb4fa861f331ee6bfdb70a5c71433bbcb022860,12,recovered_practice_engine_local,grid_v1,9351.05615,1439.8330839999942,0.0,29922.368614999996,381.5660460000113,0.0,[],True
15,0000000000000000000000000000000000000000000000000000000000000200,one_bit,4,P4_route_only_grid_v1,FULL_CLEAR,user_exit,13,13,1.0,,1073.3589236923076,13953.666008,50268.33004739611,3.9560980000005657,cuda,2,417,346,335,0,481,431,cb7424de648741445e15bb1994f8c018357a5f44b60eaa29aba3b6bc7d937271,14a8c86edc6bcac42755b63d06bea0000a2a8f37eded0f16d7574e42ca677745,582606f08e9038b9bbbadc596bb4fa861f331ee6bfdb70a5c71433bbcb022860,12,recovered_practice_engine_local,grid_v1,9351.05615,1439.8330839999987,0.0,2781.210728,381.56604600000037,1.8189894035458565e-12,[],True
15,0000000000000000000000000000000000000000000000000000000000000200,one_bit,4,P4_diagnostic_v1_grid_v1,FULL_CLEAR,user_exit,13,13,1.0,,898.4025434615385,11679.233065,43831.16533305065,4.059598499999993,cuda,0,0,13,0,2,483,433,dbc2410062cd54ef42aab2386c7e3f91784cf9bdb9913a67cd28fcbd825c381c,14a8c86edc6bcac42755b63d06bea0000a2a8f37eded0f16d7574e42ca677745,582606f08e9038b9bbbadc596bb4fa861f331ee6bfdb70a5c71433bbcb022860,12,recovered_practice_engine_local,grid_v1,9351.123603,1439.3163029999992,425.66469199999995,0.0,463.12846700000193,1.8189894035458565e-12,[],True
16,0000000000000000000000000000000000000000000000000000000000000400,one_bit,4,P4_current_grid_v1,FULL_CLEAR,user_exit,15,15,1.0,,2403.1674539333335,36047.511809,156317.55910296488,4.013863799998944,cuda,3,1092,730,718,0,435,389,4aa5ed9f0476d422aa1a3133c5fdb3433f2e93a213b8abdb030decdd71bdafea,ec29eb0fc356056d95490355b2e37fcfbc425df8e76aecdb2d1e999f8aeb668b,582606f08e9038b9bbbadc596bb4fa861f331ee6bfdb70a5c71433bbcb022860,13,recovered_practice_engine_local,grid_v1,9782.970145000003,1234.949645999998,0.0,24371.475008999998,658.1170090000011,7.275957614183426e-12,[],True
16,0000000000000000000000000000000000000000000000000000000000000400,one_bit,4,P4_route_only_grid_v1,FULL_CLEAR,user_exit,15,15,1.0,,1065.0081474,15975.122211,58205.61105862258,3.83824900000036,cuda,3,1092,580,568,0,435,389,cb7424de648741445e15bb1994f8c018357a5f44b60eaa29aba3b6bc7d937271,ec29eb0fc356056d95490355b2e37fcfbc425df8e76aecdb2d1e999f8aeb668b,582606f08e9038b9bbbadc596bb4fa861f331ee6bfdb70a5c71433bbcb022860,13,recovered_practice_engine_local,grid_v1,9782.970145000001,1234.9496459999998,0.0,4299.085411,658.1170089999993,0.0,[],True
16,0000000000000000000000000000000000000000000000000000000000000400,one_bit,4,P4_diagnostic_v1_grid_v1,FULL_CLEAR,user_exit,15,15,1.0,,868.5381130666667,13028.071696,51225.35848223034,4.401510399999097,cuda,1,60,47,33,9,444,392,dbc2410062cd54ef42aab2386c7e3f91784cf9bdb9913a67cd28fcbd825c381c,ec29eb0fc356056d95490355b2e37fcfbc425df8e76aecdb2d1e999f8aeb668b,582606f08e9038b9bbbadc596bb4fa861f331ee6bfdb70a5c71433bbcb022860,13,recovered_practice_engine_local,grid_v1,9782.314666999999,1234.949645999999,996.4441239999999,261.7763749999999,752.5868840000031,0.0,[],True
17,0000000000000000000000000000000000000000000000000000000000000800,one_bit,4,P4_current_grid_v1,FULL_CLEAR,user_exit,15,15,1.0,,691.7817629333333,10376.726444,41298.632220831336,3.847638299999744,cuda,0,0,15,0,0,348,302,4aa5ed9f0476d422aa1a3133c5fdb3433f2e93a213b8abdb030decdd71bdafea,927c3543ccebee9e15eae145180db2c925c7dc35ffd25c991195fed22cba95ef,582606f08e9038b9bbbadc596bb4fa861f331ee6bfdb70a5c71433bbcb022860,1,recovered_practice_engine_local,grid_v1,8414.874726,1177.7888589999998,0.0,0.0,784.0628590000003,0.0,[],True
17,0000000000000000000000000000000000000000000000000000000000000800,one_bit,4,P4_route_only_grid_v1,FULL_CLEAR,user_exit,15,15,1.0,,691.7817629333333,10376.726444,41298.632220831336,3.8018879999999626,cuda,0,0,15,0,0,348,302,cb7424de648741445e15bb1994f8c018357a5f44b60eaa29aba3b6bc7d937271,927c3543ccebee9e15eae145180db2c925c7dc35ffd25c991195fed22cba95ef,582606f08e9038b9bbbadc596bb4fa861f331ee6bfdb70a5c71433bbcb022860,1,recovered_practice_engine_local,grid_v1,8414.874726,1177.7888589999998,0.0,0.0,784.0628590000003,0.0,[],True
17,0000000000000000000000000000000000000000000000000000000000000800,one_bit,4,P4_diagnostic_v1_grid_v1,FULL_CLEAR,user_exit,15,15,1.0,,691.7817629333333,10376.726444,41298.632220831336,3.9602140999995754,cuda,0,0,15,0,0,348,302,dbc2410062cd54ef42aab2386c7e3f91784cf9bdb9913a67cd28fcbd825c381c,927c3543ccebee9e15eae145180db2c925c7dc35ffd25c991195fed22cba95ef,582606f08e9038b9bbbadc596bb4fa861f331ee6bfdb70a5c71433bbcb022860,1,recovered_practice_engine_local,grid_v1,8414.874726,1177.7888589999998,0.0,0.0,784.0628590000003,0.0,[],True
18,0000000000000000000000000000000000000000000000000000000000001000,one_bit,4,P4_current_grid_v1,FULL_CLEAR,user_exit,10,10,1.0,,1230.6912058,12306.912058,40809.560280923404,3.8667245999986335,cuda,0,0,10,0,0,689,650,4aa5ed9f0476d422aa1a3133c5fdb3433f2e93a213b8abdb030decdd71bdafea,e620aa7bd800e017192f35392cb628809955f1e7ab2b912b0f497101f3a1bb5e,582606f08e9038b9bbbadc596bb4fa861f331ee6bfdb70a5c71433bbcb022860,8,recovered_practice_engine_local,grid_v1,10693.993312999999,1272.2891249999989,0.0,0.0,340.629620000002,0.0,[],True
18,0000000000000000000000000000000000000000000000000000000000001000,one_bit,4,P4_route_only_grid_v1,FULL_CLEAR,user_exit,10,10,1.0,,1230.6912058,12306.912058,40809.560280923404,3.6871265999998286,cuda,0,0,10,0,0,689,650,cb7424de648741445e15bb1994f8c018357a5f44b60eaa29aba3b6bc7d937271,e620aa7bd800e017192f35392cb628809955f1e7ab2b912b0f497101f3a1bb5e,582606f08e9038b9bbbadc596bb4fa861f331ee6bfdb70a5c71433bbcb022860,8,recovered_practice_engine_local,grid_v1,10693.993312999999,1272.2891249999989,0.0,0.0,340.629620000002,0.0,[],True
18,0000000000000000000000000000000000000000000000000000000000001000,one_bit,4,P4_diagnostic_v1_grid_v1,FULL_CLEAR,user_exit,10,10,1.0,,1230.6912058,12306.912058,40809.560280923404,3.7169315999999526,cuda,0,0,10,0,0,689,650,dbc2410062cd54ef42aab2386c7e3f91784cf9bdb9913a67cd28fcbd825c381c,e620aa7bd800e017192f35392cb628809955f1e7ab2b912b0f497101f3a1bb5e,582606f08e9038b9bbbadc596bb4fa861f331ee6bfdb70a5c71433bbcb022860,8,recovered_practice_engine_local,grid_v1,10693.993312999999,1272.2891249999989,0.0,0.0,340.629620000002,0.0,[],True
19,0000000000000000000000000000000000000000000000000000000000002000,one_bit,4,P4_current_grid_v1,FULL_CLEAR,user_exit,10,10,1.0,,1146.4288651000002,11464.288651,38391.443248839685,3.3333575000015117,cuda,1,28,20,11,0,625,581,4aa5ed9f0476d422aa1a3133c5fdb3433f2e93a213b8abdb030decdd71bdafea,0e74056b5bc6b671d89cc02d67ddca9c0a54b0184516d14dc31f8b4ed476ab41,582606f08e9038b9bbbadc596bb4fa861f331ee6bfdb70a5c71433bbcb022860,9,recovered_practice_engine_local,grid_v1,9976.511855000002,1081.876208,0.0,255.44149499999912,150.459093,0.0,[],True
19,0000000000000000000000000000000000000000000000000000000000002000,one_bit,4,P4_route_only_grid_v1,FULL_CLEAR,user_exit,10,10,1.0,,1140.4847782000002,11404.847782,38109.23890434861,3.330842699999266,cuda,1,28,19,10,0,625,581,cb7424de648741445e15bb1994f8c018357a5f44b60eaa29aba3b6bc7d937271,0e74056b5bc6b671d89cc02d67ddca9c0a54b0184516d14dc31f8b4ed476ab41,582606f08e9038b9bbbadc596bb4fa861f331ee6bfdb70a5c71433bbcb022860,9,recovered_practice_engine_local,grid_v1,9973.822446000002,1081.876208,0.0,198.69003499999963,150.459093,0.0,[],True
19,0000000000000000000000000000000000000000000000000000000000002000,one_bit,4,P4_diagnostic_v1_grid_v1,FULL_CLEAR,user_exit,10,10,1.0,,1144.4633131,11444.633131,38368.16565341914,3.7282682999993995,cuda,0,0,10,0,3,628,581,dbc2410062cd54ef42aab2386c7e3f91784cf9bdb9913a67cd28fcbd825c381c,0e74056b5bc6b671d89cc02d67ddca9c0a54b0184516d14dc31f8b4ed476ab41,582606f08e9038b9bbbadc596bb4fa861f331ee6bfdb70a5c71433bbcb022860,9,recovered_practice_engine_local,grid_v1,9976.266734000003,1081.876208,209.43083800000022,0.0,177.05935099999857,0.0,[],True
