cohort,method,id,kind,time_s,remaining_nodes,remaining_targets,nearest_node_m,accepted,index,point,estimated_cost,direct_cost,estimated_value_s,travel_m
development,A1,6,release,6262.409456,4.0,4.0,189.91071665818893,,,,,,,
development,A1,13,release,2681.825171,16.0,6.0,969.9999999999999,,,,,,,
development,A1,20,release,3584.173253,12.0,6.0,969.9999999999999,,,,,,,
development,A1,27,release,5543.851238,6.0,2.0,189.91071665818893,,,,,,,
development,A1,34,release,3393.735307,16.0,6.0,969.9999999999999,,,,,,,
development,A1,41,release,5813.990562,3.0,2.0,969.9999999999999,,,,,,,
development,A1,48,release,2054.786324,19.0,7.0,969.9999999999999,,,,,,,
development,A1,55,release,6003.757314,2.0,3.0,970.0,,,,,,,
development,A1,62,release,5229.543035,7.0,4.0,969.9999999999999,,,,,,,
development,A1,69,release,4794.966702,7.0,4.0,189.91071665818893,,,,,,,
development,A1,76,release,5419.91599,6.0,2.0,189.91071665818893,,,,,,,
development,A1,83,release,5810.647029,5.0,3.0,969.9999999999999,,,,,,,
development,A1,90,release,6403.989631,3.0,2.0,969.9999999999999,,,,,,,
development,A1,97,release,4704.772047,8.0,3.0,969.9999999999999,,,,,,,
development,A1,104,release,4831.619025,10.0,4.0,969.9999999999999,,,,,,,
development,A1,111,release,4478.569037,11.0,4.0,189.91071665818913,,,,,,,
development,A1,118,release,5806.499667,5.0,4.0,189.91071665818913,,,,,,,
development,A1,125,release,5410.919115,7.0,4.0,189.91071665818893,,,,,,,
development,B-lite,6,release,6539.038527,3.0,3.0,969.9999999999999,,,,,,,
development,B-lite,13,release,4558.107966,7.0,6.0,969.9999999999999,,,,,,,
development,B-lite,20,release,4427.15646,8.0,7.0,189.91071665818893,,,,,,,
development,B-lite,27,release,4963.664841,8.0,5.0,969.9999999999999,,,,,,,
development,B-lite,34,release,5666.398725,10.0,5.0,969.9999999999999,,,,,,,
development,B-lite,41,release,5350.457641,9.0,5.0,969.9999999999999,,,,,,,
development,B-lite,48,release,5458.233649,6.0,5.0,969.9999999999999,,,,,,,
development,B-lite,55,release,6514.08707,5.0,2.0,189.91071665818893,,,,,,,
development,B-lite,62,release,4293.053461,9.0,10.0,189.91071665818893,,,,,,,
development,B-lite,69,release,5642.200327,4.0,7.0,189.91071665818893,,,,,,,
development,B-lite,76,release,5843.526433,6.0,5.0,969.9999999999999,,,,,,,
development,B-lite,83,release,5763.056847,5.0,6.0,189.91071665818913,,,,,,,
development,B-lite,90,release,5955.022586,4.0,5.0,988.4159449855241,,,,,,,
development,B-lite,97,release,5495.80046,5.0,7.0,969.9999999999999,,,,,,,
development,B-lite,104,release,4038.189675,12.0,9.0,969.9999999999999,,,,,,,
development,B-lite,111,release,5723.382001,5.0,2.0,969.9999999999999,,,,,,,
development,B-lite,118,release,6550.18121,1.0,3.0,988.4159449855243,,,,,,,
development,B-lite,125,release,4887.591141,9.0,6.0,189.91071665818893,,,,,,,
development,C1,6,release,6716.292376,2.0,2.0,988.4159449855243,,,,,,,
development,C1,13,release,5135.176046,6.0,4.0,969.9999999999999,,,,,,,
development,C1,20,release,4661.175694,8.0,5.0,189.91071665818893,,,,,,,
development,C1,27,release,5042.750071,8.0,4.0,189.91071665818893,,,,,,,
development,C1,34,release,5608.164631,10.0,5.0,969.9999999999999,,,,,,,
development,C1,41,release,5350.457641,9.0,5.0,969.9999999999999,,,,,,,
development,C1,48,release,5687.766071,5.0,2.0,969.9999999999999,,,,,,,
development,C1,55,release,6317.644211,2.0,1.0,969.9999999999999,,,,,,,
development,C1,62,release,3977.684538,12.0,7.0,189.91071665818893,,,,,,,
development,C1,69,release,4827.296225,9.0,5.0,189.91071665818893,,,,,,,
development,C1,76,release,5392.38273,6.0,3.0,969.9999999999999,,,,,,,
development,C1,83,release,6368.304452,4.0,2.0,189.91071665818913,,,,,,,
development,C1,90,release,7130.210865,2.0,2.0,969.9999999999999,,,,,,,
development,C1,97,release,2853.773806,16.0,8.0,969.9999999999999,,,,,,,
development,C1,104,release,3754.685621,15.0,8.0,969.9999999999999,,,,,,,
development,C1,111,release,4723.095137,8.0,5.0,969.9999999999999,,,,,,,
development,C1,118,release,5838.714576,2.0,2.0,988.4159449855243,,,,,,,
development,C1,125,release,6069.184223,5.0,1.0,969.9999999999999,,,,,,,
development,C2,6,release,6435.076026,3.0,4.0,969.9999999999999,,,,,,,
development,C2,13,release,4558.107966,7.0,6.0,969.9999999999999,,,,,,,
development,C2,20,release,4427.15646,8.0,7.0,189.91071665818893,,,,,,,
development,C2,27,release,4963.664841,8.0,5.0,969.9999999999999,,,,,,,
development,C2,34,release,5666.398725,10.0,5.0,969.9999999999999,,,,,,,
development,C2,41,release,5350.457641,9.0,5.0,969.9999999999999,,,,,,,
development,C2,48,release,5724.692545,6.0,3.0,969.9999999999999,,,,,,,
development,C2,55,release,6514.08707,5.0,2.0,189.91071665818893,,,,,,,
development,C2,62,release,4293.053461,9.0,10.0,189.91071665818893,,,,,,,
development,C2,69,release,5642.200327,4.0,7.0,189.91071665818893,,,,,,,
development,C2,76,release,5843.526433,6.0,5.0,969.9999999999999,,,,,,,
development,C2,83,release,5763.056847,5.0,6.0,189.91071665818913,,,,,,,
development,C2,90,release,5955.022586,4.0,5.0,988.4159449855241,,,,,,,
development,C2,97,release,5380.843682,5.0,9.0,969.9999999999999,,,,,,,
development,C2,104,release,4038.189675,12.0,9.0,969.9999999999999,,,,,,,
development,C2,111,release,5723.382001,5.0,2.0,969.9999999999999,,,,,,,
development,C2,118,release,5838.714576,2.0,2.0,988.4159449855243,,,,,,,
development,C2,125,release,5681.949008,5.0,5.0,969.9999999999999,,,,,,,
development,D,6,release,6716.292376,2.0,2.0,988.4159449855243,,,,,,,
development,D,6,support_decision,6716.292376,,,,True,0.0,"[1940.0, 0.0]",552.0069389038417,930.9317615804375,378.9248226765958,988.4159449855244
development,D,6,support_decision,7113.181298,,,,True,0.0,"[485.0, 840.0446416709054]",509.6185571932733,539.331210123132,29.712652929858677,1934.8173727334542
development,D,13,release,5135.176046,6.0,4.0,969.9999999999999,,,,,,,
development,D,13,support_decision,5135.176046,,,,False,3.0,"[485.0, 840.0446416709054]",624.2556683000848,252.15344078353183,-372.102227516553,970.0
development,D,13,support_decision,5211.463197,,,,False,3.0,"[485.0, 840.0446416709054]",633.4004895485706,165.65202491787545,-467.74846463069514,1158.6739440293904
development,D,13,support_decision,5338.516657,,,,True,0.0,"[0.0, 1680.0892833418109]",849.9729197851092,964.3080485297053,114.33512874459609,1879.319288515402
development,D,13,support_decision,5821.870453,,,,False,0.0,"[0.0, 1870.0]",747.4945656523223,540.1965631148831,-207.29800253743917,631.2186668889291
development,D,13,support_decision,5898.832177,,,,False,2.0,"[485.0, 840.0446416709054]",248.6189037552493,135.30193404721496,-113.31696970803435,689.176420067989
development,D,13,support_decision,5999.523557,,,,True,4.0,"[1619.4675050769001, 935.0]",525.5119307223536,792.36087998664,266.8489492642865,1245.2915388509468
development,D,20,release,4661.175694,8.0,5.0,189.91071665818893,,,,,,,
development,D,20,support_decision,4661.175694,,,,False,0.0,"[1619.4675050769001, 935.0]",130.81462332168022,93.60041792352494,-37.21420539815527,189.91071665818893
development,D,20,support_decision,4685.563418,,,,False,0.0,"[1619.4675050769001, 935.0]",115.87113891364763,64.12000006436077,-51.75113884928686,241.84376108378078
development,D,20,support_decision,4728.813823,,,,False,4.0,"[485.0, 840.0446416709054]",367.1809357476503,245.36295944065526,-121.81797630699506,916.3660636258668
development,D,20,support_decision,4941.071191,,,,True,1.0,"[970.0, 1680.0892833418109]",638.423417452462,856.3948675454112,217.97145009294923,569.4912558025069
development,D,20,support_decision,5175.412103,,,,False,3.0,"[485.0, 840.0446416709054]",572.0073118824803,317.3845858732626,-254.62272600921767,531.1868091245849
development,D,20,support_decision,5196.270591,,,,False,3.0,"[485.0, 840.0446416709054]",291.4835243207301,90.888514599638,-200.5950097210921,475.7150002713672
development,D,20,support_decision,5272.836688,,,,True,4.0,"[970.0, 0.0]",785.4809313910516,1045.2193869511286,259.738455560077,1449.4955015044138
development,D,20,support_decision,5568.735788,,,,False,3.0,"[485.0, 840.0446416709054]",348.10155175823104,231.5637866945628,-116.53776506366825,969.9999999999999
development,D,27,release,5042.750071,8.0,4.0,189.91071665818893,,,,,,,
development,D,27,support_decision,5042.750071,,,,False,0.0,"[1619.4675050769001, 935.0]",248.0101528083814,154.9075687449714,-93.10258406341,189.91071665818893
development,D,27,support_decision,5072.827557,,,,False,0.0,"[1619.4675050769001, 935.0]",137.54245165416003,71.55063190028612,-65.99181975387391,276.54427927433875
development,D,27,support_decision,5125.14968,,,,False,1.0,"[1940.0, 0.0]",296.64740529466656,213.86996596089517,-82.77743933377138,683.7258543705104
development,D,27,support_decision,5300.255947,,,,False,5.0,"[970.0, 0.0]",553.6582821164255,444.28851882628317,-109.36976329014237,559.8175330492215
development,D,27,support_decision,5743.807837,,,,False,6.0,"[-485.0, 840.0446416709054]",765.1661715951702,622.8098722178866,-142.35629937728368,1088.2214108277176
development,D,34,release,5608.164631,10.0,5.0,969.9999999999999,,,,,,,
development,D,34,support_decision,5608.164631,,,,False,3.0,"[485.0, -840.0446416709054]",321.8474449304955,157.28890138803098,-164.55854354246452,969.9999999999999
development,D,34,support_decision,5746.185291,,,,False,0.0,"[1455.0, -840.0446416709054]",591.4579016329861,359.61848428069084,-231.8394173522953,550.9148497829414
development,D,34,support_decision,5864.434412,,,,False,3.0,"[485.0, -840.0446416709054]",409.94754797786,353.7073428403353,-56.2402051375247,207.1651313049619
development,D,34,support_decision,6024.152779,,,,True,3.0,"[485.0, -840.0446416709054]",488.3956253997428,581.6253344344382,93.22970903469536,487.72726886476573
development,D,34,support_decision,6127.698233,,,,False,3.0,"[0.0, -1680.0892833418109]",634.3285556265284,208.88376560832882,-425.4447900181996,969.9999999999999
development,D,34,support_decision,6301.764861,,,,True,6.0,"[-1455.0, -840.0446416709054]",762.47601205001,1227.6258766731335,465.14986462312345,1559.496183718478
development,D,34,support_decision,6619.664098,,,,False,6.0,"[-1619.4675050769001, -935.0]",266.616999232671,163.3762972029164,-103.2407020297546,189.91071665818893
development,D,34,support_decision,6733.16625,,,,False,6.0,"[-1619.4675050769001, -935.0]",349.25538384218675,107.05768180720787,-242.19770203497887,668.3074300829653
development,D,41,release,5350.457641,9.0,5.0,969.9999999999999,,,,,,,
development,D,41,support_decision,5350.457641,,,,False,0.0,"[0.0, 1680.0892833418109]",274.1011790541842,228.15299045183616,-45.94818860234801,969.9999999999999
development,D,41,support_decision,5431.86511,,,,False,0.0,"[0.0, 1680.0892833418109]",203.88133841876493,169.53770742401798,-34.343630994746945,592.9996491104213
development,D,41,support_decision,5563.342582,,,,False,2.0,"[970.0, 1680.0892833418109]",518.2886628830747,492.29325904888555,-25.995403834189176,1008.1476317614865
development,D,41,support_decision,5656.607512,,,,False,3.0,"[1455.0, 840.0446416709054]",787.644449471963,684.1166854227026,-103.52776404926033,1448.22493953061
development,D,41,support_decision,5837.127913,,,,False,3.0,"[1455.0, 840.0446416709054]",187.96969269974758,178.64529765449362,-9.324395045253965,579.1341749432228
development,D,41,support_decision,5974.439625,,,,False,3.0,"[1455.0, 840.0446416709054]",123.93684518423295,91.48164486863946,-32.45520031559349,261.6864325943547
development,D,41,support_decision,6003.696203,,,,False,3.0,"[1455.0, 840.0446416709054]",558.6457534442357,429.46810816134047,-129.17764528289518,239.75358290208885
development,D,41,support_decision,6017.241765,,,,False,3.0,"[1455.0, 840.0446416709054]",196.83052732804782,86.17524319453449,-110.65528413351333,261.81486445692843
development,D,41,support_decision,6101.879911,,,,False,6.0,"[970.0, 0.0]",481.384740133558,437.661389977221,-43.723350156337006,641.2766049165157
development,D,48,release,5687.766071,5.0,2.0,969.9999999999999,,,,,,,
development,D,48,support_decision,5687.766071,,,,False,0.0,"[0.0, -1680.0892833418109]",917.364086629321,407.442669309188,-509.92141732013306,969.9999999999999
development,D,48,support_decision,5860.841109,,,,False,0.0,"[0.0, -1680.0892833418109]",2714.8664164228235,571.0357385133792,-2143.830677909444,1058.6315529380931
development,D,55,release,6317.644211,2.0,1.0,969.9999999999999,,,,,,,
development,D,55,support_decision,6317.644211,,,,False,1.0,"[-1619.4675050769001, 935.0]",928.2512024357409,379.6274082920843,-548.6237941436566,988.4159449855244
development,D,55,support_decision,6463.973706,,,,False,0.0,"[-1455.0, 840.0446416709054]",2220.8364135207107,985.2340250662289,-1235.6023884544818,336.18274475700343
development,D,55,support_decision,6496.955572,,,,False,1.0,"[-1619.4675050769001, 935.0]",235.20732482775725,98.18435224360067,-137.02297258415658,215.6783457742372
development,D,62,release,3977.684538,12.0,7.0,189.91071665818893,,,,,,,
development,D,62,support_decision,4092.103146,,,,False,2.0,"[970.0, 0.0]",218.80921511387334,88.05255626598779,-130.75665884788555,520.5560338406783
development,D,62,support_decision,4175.27997,,,,False,1.0,"[1940.0, 0.0]",716.155221371649,669.2814020054849,-46.87381936616407,704.8784193918608
development,D,62,support_decision,4241.809046,,,,True,2.0,"[970.0, 0.0]",878.1438397745779,896.9593476485198,18.815507873941897,584.8796143821742
development,D,62,support_decision,4364.784969,,,,False,7.0,"[485.0, -840.0446416709054]",342.5806701965324,102.59094993197733,-239.9897202645551,969.9999999999999
development,D,62,support_decision,4461.071451,,,,False,7.0,"[485.0, -840.0446416709054]",740.0761344434801,613.5841330330361,-126.492001410444,616.7825575771714
development,D,62,support_decision,4630.500065,,,,False,7.0,"[485.0, -840.0446416709054]",529.8902359583103,517.0809151027569,-12.809320855553437,571.8815907818417
development,D,62,support_decision,4952.595993,,,,True,6.0,"[0.0, -1680.0892833418109]",491.23160050909786,511.0613474161879,19.829746907090055,556.8360778365055
development,D,62,support_decision,5069.963209,,,,False,5.0,"[0.0, -1870.0]",251.81220141041354,184.96230277567457,-66.84989863473896,189.91071665818913
development,D,69,release,4827.296225,9.0,5.0,189.91071665818893,,,,,,,
development,D,69,support_decision,4827.296225,,,,False,1.0,"[970.0, -1680.0892833418109]",534.9434739400854,470.4926122716173,-64.45086166846806,969.9999999999999
development,D,69,support_decision,4984.147018,,,,False,1.0,"[970.0, -1680.0892833418109]",701.9021381996613,495.7337334360835,-206.16840476357777,596.5539734023483
development,D,69,support_decision,5049.134903,,,,True,2.0,"[485.0, -840.0446416709054]",295.96091691747023,398.0444629680087,102.08354605053847,481.7385018655001
development,D,69,support_decision,5150.482603,,,,False,1.0,"[970.0, -1680.0892833418109]",493.6962941141277,99.88481354270152,-393.81148057142616,969.9999999999999
development,D,69,support_decision,5247.076771,,,,False,0.0,"[1619.4675050769001, -935.0]",1432.9682226923221,704.9281109290182,-728.0401117633039,1519.111063505062
development,D,69,support_decision,5526.749645,,,,True,0.0,"[1619.4675050769001, -935.0]",914.2527882943731,1182.1825391872285,267.9297508928554,766.082294751514
development,D,69,support_decision,5685.966104,,,,False,1.0,"[970.0, 0.0]",445.00396836805754,147.99363946327074,-297.0103289047868,1138.4344689751858
development,D,69,support_decision,5724.194382,,,,False,1.0,"[970.0, 0.0]",427.0981136994582,101.10504996307014,-325.9930637363881,988.2417780318327
development,D,69,support_decision,5791.520727,,,,False,2.0,"[-485.0, 840.0446416709054]",932.6176295772735,840.2007909373701,-92.4168386399034,2393.704053846852
development,D,76,release,5392.38273,6.0,3.0,969.9999999999999,,,,,,,
development,D,76,support_decision,5392.38273,,,,False,1.0,"[1619.4675050769001, -935.0]",703.1819911601174,275.2650802050454,-427.91691095507196,988.4159449855241
development,D,76,support_decision,5579.827275,,,,False,0.0,"[1455.0, -840.0446416709054]",451.0443637984107,450.4425235092166,-0.601840289194115,399.03264369127305
development,D,83,release,6368.304452,4.0,2.0,189.91071665818913,,,,,,,
development,D,83,support_decision,6368.304452,,,,False,0.0,"[0.0, 1870.0]",302.63939424397256,161.35099252873042,-141.28840171524214,189.91071665818913
development,D,83,support_decision,6417.116215,,,,False,0.0,"[0.0, 1870.0]",325.2156470732024,148.69455675777377,-176.5210903154286,205.89991925580955
development,D,83,support_decision,6530.267555,,,,True,1.0,"[-970.0, 1680.0892833418109]",687.805803129622,1306.9939858472194,619.1881827175974,1634.2366536450354
development,D,90,release,7130.210865,2.0,2.0,969.9999999999999,,,,,,,
development,D,90,support_decision,7130.210865,,,,False,0.0,"[1455.0, 840.0446416709054]",306.8795561968933,167.97691154753818,-138.90264464935512,969.9999999999999
development,D,90,support_decision,7267.192459,,,,True,1.0,"[1619.4675050769001, 935.0]",417.0841854946468,576.8842016832243,159.8000161885775,537.9027816828993
development,D,97,release,2853.773806,16.0,8.0,969.9999999999999,,,,,,,
development,D,97,support_decision,2853.773806,,,,False,0.0,"[970.0, 0.0]",331.1149965242473,254.1604149081349,-76.95458161611242,969.9999999999999
development,D,97,support_decision,3073.444947,,,,False,0.0,"[970.0, 0.0]",511.65390742317044,427.79963206863846,-83.85427535453198,211.36150558017016
development,D,97,support_decision,3098.413167,,,,False,1.0,"[1455.0, 840.0446416709054]",289.2418266668411,179.200518726318,-110.04130794052313,840.820883560711
development,D,97,support_decision,3241.821541,,,,True,1.0,"[1455.0, 840.0446416709054]",503.05544035904086,552.7226758950761,49.667235536035264,447.9328174239821
development,D,97,support_decision,3387.909052,,,,True,0.0,"[970.0, 0.0]",699.7226629398563,824.797180158013,125.07451721815676,805.0949998591111
development,D,97,support_decision,3998.545919,,,,False,8.0,"[-1455.0, -840.0446416709054]",168.96690793579364,84.38599427610376,-84.58091365968988,399.4698684196833
development,D,97,support_decision,4076.95089,,,,False,8.0,"[-1455.0, -840.0446416709054]",498.2640311882316,436.49007431033294,-61.773956877898684,309.6536277383796
development,D,97,support_decision,4290.525911,,,,False,10.0,"[-1940.0, 0.0]",406.6959675151911,254.23443490776515,-152.46153260742597,511.78642072559103
development,D,104,release,3754.685621,15.0,8.0,969.9999999999999,,,,,,,
development,D,104,support_decision,3821.188047,,,,False,7.0,"[-485.0, 840.0446416709054]",221.6883004068032,102.63534328618464,-119.05295712061856,669.8650926344095
development,D,104,support_decision,3908.477989,,,,False,4.0,"[0.0, 1680.0892833418109]",761.4291700216917,553.4257645445721,-208.0034054771196,849.6740667866591
development,D,104,support_decision,3938.247614,,,,True,4.0,"[0.0, 1680.0892833418109]",512.6325624191475,1142.0706040065945,629.4380415874471,805.3137924175578
development,D,104,support_decision,4292.271785,,,,False,6.0,"[-485.0, 840.0446416709054]",611.7681636466529,438.80710619979936,-172.9610574468535,511.03418390198965
development,D,104,support_decision,4329.094759,,,,True,3.0,"[970.0, 1680.0892833418109]",585.8172105510832,771.7178463258269,185.9006357747437,1282.6320522859262
development,D,104,support_decision,4763.102882,,,,False,2.0,"[1455.0, 840.0446416709054]",786.6240446178255,457.8934128091441,-328.7306318086814,1238.8533547409777
development,D,104,support_decision,4921.908435,,,,False,2.0,"[1455.0, 840.0446416709054]",211.13135770773067,112.91404243509935,-98.21731527263132,479.42438162911697
development,D,104,support_decision,5004.331157,,,,True,0.0,"[1940.0, 0.0]",606.013057645555,646.4619240813789,40.4488664358239,1035.2560626750442
development,D,104,support_decision,5217.38237,,,,False,1.0,"[1455.0, 840.0446416709054]",305.37849322496174,181.7368453105696,-123.64164791439214,969.9999999999999
development,D,104,support_decision,5371.769162,,,,False,1.0,"[1455.0, 840.0446416709054]",209.27082481843172,85.56647962082594,-123.70434519760578,225.67706204607924
development,D,104,support_decision,5393.593654,,,,False,9.0,"[-1455.0, -840.0446416709054]",1134.4224632777316,841.9458274437558,-292.4766358339758,3337.7315847478376
development,D,104,support_decision,6069.058516,,,,False,9.0,"[-1455.0, -840.0446416709054]",482.9703272178576,335.1681937903831,-147.80213342747447,286.49101222337464
development,D,111,release,4723.095137,8.0,5.0,969.9999999999999,,,,,,,
development,D,111,support_decision,4723.095137,,,,False,4.0,"[-1455.0, 840.0446416709054]",758.7041950723525,659.0067413624636,-99.69745370988892,969.9999999999999
development,D,111,support_decision,4738.43563,,,,False,4.0,"[-1455.0, 840.0446416709054]",373.32010115355786,194.57702339957558,-178.74307775398228,988.8110758733176
development,D,111,support_decision,4891.856987,,,,False,2.0,"[-1455.0, -840.0446416709054]",642.6283766714637,559.0405139024243,-83.58786276903936,968.9186513542224
development,D,111,support_decision,5139.319394,,,,False,0.0,"[-970.0, -1680.0892833418109]",503.7672467782843,243.8002526559486,-259.9669941223357,987.8389117484137
development,D,111,support_decision,5290.641466,,,,False,2.0,"[-1455.0, -840.0446416709054]",626.1350469883911,385.9992393939874,-240.13580759440367,840.4078474637358
development,D,111,support_decision,5583.87341,,,,False,4.0,"[-1455.0, 840.0446416709054]",1136.5222000933095,369.06574684791855,-767.456453245391,1427.0702714635536
development,D,111,support_decision,5873.712447,,,,True,4.0,"[-1455.0, 840.0446416709054]",659.1994667204202,1793.9358102723672,1134.736343551947,925.5827429736138
development,D,111,support_decision,6063.828996,,,,False,4.0,"[-1619.4675050769001, 935.0]",334.4575331266411,230.8071548797634,-103.65037824687772,189.91071665818893
development,D,118,release,5838.714576,2.0,2.0,988.4159449855243,,,,,,,
development,D,118,support_decision,5838.714576,,,,True,1.0,"[-485.0, 840.0446416709054]",281.1567462473555,337.0504971509135,55.89375090355799,1138.4344689751856
development,D,118,support_decision,6119.401911,,,,False,0.0,"[-1940.0, 0.0]",650.7052016822872,561.8137757115946,-88.89142597069258,1889.8618281605272
development,D,118,support_decision,6480.847068,,,,False,0.0,"[-1940.0, 0.0]",178.84339285138282,98.7273424305725,-80.11605042081031,130.88606074019415
development,D,125,release,6069.184223,5.0,1.0,969.9999999999999,,,,,,,
development,D,125,support_decision,6069.184223,,,,False,0.0,"[1455.0, 840.0446416709054]",553.6035656369404,273.0778717779571,-280.5256938589833,969.9999999999999
development,E-H2,6,release,4873.854114,8.0,9.0,969.9999999999999,,,,,,,
development,E-H2,13,release,5733.504888,4.0,7.0,189.91071665818893,,,,,,,
development,E-H2,20,release,4462.882576,8.0,7.0,969.9999999999999,,,,,,,
development,E-H2,27,release,5706.736549,4.0,9.0,969.9999999999999,,,,,,,
development,E-H2,34,release,3651.348623,13.0,9.0,969.9999999999999,,,,,,,
development,E-H2,41,release,5393.935141,5.0,8.0,969.9999999999999,,,,,,,
development,E-H2,48,release,4342.449199,12.0,3.0,969.9999999999999,,,,,,,
development,E-H2,55,release,6205.643032,3.0,5.0,969.9999999999999,,,,,,,
development,E-H2,62,release,5859.920598,3.0,8.0,969.9999999999999,,,,,,,
development,E-H2,69,release,5036.889907,6.0,8.0,969.9999999999999,,,,,,,
development,E-H2,76,release,4551.277681,8.0,9.0,969.9999999999999,,,,,,,
development,E-H2,83,release,5929.094235,3.0,7.0,189.91071665818913,,,,,,,
development,E-H2,90,release,4896.548795,9.0,6.0,988.4159449855241,,,,,,,
development,E-H2,97,release,5361.354693,5.0,6.0,189.91071665818893,,,,,,,
development,E-H2,104,release,4603.456695,9.0,9.0,969.9999999999999,,,,,,,
development,E-H2,111,release,5942.137946,5.0,7.0,969.9999999999999,,,,,,,
development,E-H2,118,release,5882.542452,6.0,5.0,969.9999999999999,,,,,,,
development,E-H2,125,release,4062.502334,11.0,10.0,969.9999999999999,,,,,,,
development,R12,6,release,6716.292376,2.0,2.0,988.4159449855243,,,,,,,
development,R12,13,release,5135.176046,6.0,4.0,969.9999999999999,,,,,,,
development,R12,20,release,4661.175694,8.0,5.0,189.91071665818893,,,,,,,
development,R12,27,release,5042.750071,8.0,4.0,189.91071665818893,,,,,,,
development,R12,34,release,5608.164631,10.0,5.0,969.9999999999999,,,,,,,
development,R12,41,release,5350.457641,9.0,5.0,969.9999999999999,,,,,,,
development,R12,48,release,5687.766071,5.0,2.0,969.9999999999999,,,,,,,
development,R12,55,release,6317.644211,2.0,1.0,969.9999999999999,,,,,,,
development,R12,62,release,3977.684538,12.0,7.0,189.91071665818893,,,,,,,
development,R12,69,release,4827.296225,9.0,5.0,189.91071665818893,,,,,,,
development,R12,76,release,5392.38273,6.0,3.0,969.9999999999999,,,,,,,
development,R12,83,release,6368.304452,4.0,2.0,189.91071665818913,,,,,,,
development,R12,90,release,7130.210865,2.0,2.0,969.9999999999999,,,,,,,
development,R12,97,release,2853.773806,16.0,8.0,969.9999999999999,,,,,,,
development,R12,104,release,3754.685621,15.0,8.0,969.9999999999999,,,,,,,
development,R12,111,release,4723.095137,8.0,5.0,969.9999999999999,,,,,,,
development,R12,118,release,5838.714576,2.0,2.0,988.4159449855243,,,,,,,
development,R12,125,release,6069.184223,5.0,1.0,969.9999999999999,,,,,,,
