case_id,action_count,cost_sum_s,end_time_s,ledger_error_s
0,316,7021.036918,7021.036918,0.0
1,238,5729.552984,5729.552984,0.0
2,244,6071.460186,6071.460186,0.0
3,339,7292.212827,7292.212827,0.0
4,260,6510.523076,6510.523076,0.0
5,304,6664.40537,6664.40537,0.0
6,246,5891.227715,5891.227715,0.0
7,299,6106.459207,6106.459207,0.0
8,317,6602.595162,6602.595162,0.0
9,187,4847.167035,4847.167035,0.0
10,260,6235.479351,6235.479351,0.0
11,343,6731.594269,6731.594269,0.0
12,289,6810.467105,6810.467105,0.0
13,212,5068.470559,5068.470559,0.0
14,295,6556.213722,6556.213722,0.0
15,251,6328.061479,6328.061479,0.0
16,295,6777.983244,6777.983244,0.0
17,333,8010.886161,8010.886161,0.0
18,250,6736.635245,6736.635245,0.0
19,261,6364.043862,6364.043862,0.0
20,167,4095.408657,4095.408657,0.0
21,298,6879.235383,6879.235383,0.0
22,327,8131.006419,8131.006419,0.0
23,314,7749.449278,7749.449278,0.0
24,283,6468.859854,6468.859854,0.0
25,281,7143.9974,7143.9974,0.0
26,290,7057.878738,7057.878738,0.0
27,266,6582.462336,6582.462336,0.0
28,291,7252.893809,7252.893809,0.0
29,228,5970.023553,5970.023553,0.0
30,303,7097.29693,7097.29693,0.0
31,273,6848.060487,6848.060487,0.0
32,315,5936.01154,5936.01154,0.0
33,367,7820.298454,7820.298454,0.0
34,276,6573.298304,6573.298304,0.0
35,249,5756.879659,5756.879659,0.0
36,244,5999.766151,5999.766151,0.0
37,259,6308.522396,6308.522396,0.0
38,311,6410.205534,6410.205534,0.0
39,328,7495.689128,7495.689128,0.0
40,244,5814.27003,5814.27003,0.0
41,269,6489.550022,6489.550022,0.0
42,340,6832.920874,6832.920874,0.0
43,264,7319.495068,7319.495068,0.0
44,319,6354.293807,6354.293807,0.0
45,305,6753.553541,6753.553541,0.0
46,302,6834.73543,6834.73543,0.0
47,326,6631.565704,6631.565704,0.0
48,260,5870.843937,5870.843937,0.0
49,334,7131.686925,7131.686925,0.0
50,238,6561.60266,6561.60266,0.0
51,297,6595.096624,6595.096624,0.0
52,339,6521.715107,6521.715107,0.0
53,283,6442.665075,6442.665075,0.0
54,299,6395.482102,6395.482102,0.0
55,275,6161.661108,6161.661108,0.0
56,252,6460.242708,6460.242708,0.0
57,290,6342.326602,6342.326602,0.0
58,242,6101.739137,6101.739137,0.0
59,296,6655.253013,6655.253013,0.0
60,330,7018.692418,7018.692418,0.0
61,243,5825.992985,5825.992985,0.0
62,318,7332.886476,7332.886476,0.0
63,246,6073.515279,6073.515279,0.0
64,284,6890.11249,6890.11249,0.0
65,302,6904.262404,6904.262404,0.0
66,254,6171.425726,6171.425726,0.0
67,290,6579.760316,6579.760316,0.0
68,320,6387.413617,6387.413617,0.0
69,280,6815.16633,6815.16633,0.0
70,297,7727.07894,7727.07894,0.0
71,303,7169.596461,7169.596461,0.0
72,260,6808.407432,6808.407432,0.0
73,310,6975.943304,6975.943304,0.0
74,276,6869.924421,6869.924421,0.0
75,297,7040.928216,7040.928216,0.0
76,286,6472.219796,6472.219796,0.0
77,276,6271.18973,6271.18973,0.0
78,349,6729.20947,6729.20947,0.0
79,341,7503.215406,7503.215406,0.0
80,156,4227.811617,4227.811617,0.0
81,321,6716.943165,6716.943165,0.0
82,208,5406.934295,5406.934295,0.0
83,320,7310.889836,7310.889836,0.0
84,304,6157.71807,6157.71807,0.0
85,318,6661.376216,6661.376216,0.0
86,317,6370.160756,6370.160756,0.0
87,304,6511.054736,6511.054736,0.0
88,290,7465.583618,7465.583618,0.0
89,243,5451.173977,5451.173977,0.0
90,349,8147.679409,8147.679409,0.0
91,264,6651.214551,6651.214551,0.0
92,327,6972.454944,6972.454944,0.0
93,294,6078.309789,6078.309789,0.0
94,276,7275.787388,7275.787388,0.0
95,206,5586.127758,5586.127758,0.0
96,287,7296.376112,7296.376112,0.0
97,327,6555.793778,6555.793778,0.0
98,191,5457.641637,5457.641637,0.0
99,333,8487.090892,8487.090892,0.0
100,310,6248.981689,6248.981689,0.0
101,320,6398.611557,6398.611557,0.0
102,182,4991.470446,4991.470446,0.0
103,286,6339.448291,6339.448291,0.0
104,265,6603.133143,6603.133143,0.0
105,286,6649.955102,6649.955102,0.0
106,250,6466.499502,6466.499502,0.0
107,327,7068.412347,7068.412347,0.0
108,233,6113.448368,6113.448368,0.0
109,296,6998.003903,6998.003903,0.0
110,275,7134.963077,7134.963077,0.0
111,305,6476.186742,6476.186742,0.0
112,318,6881.970093,6881.970093,0.0
113,261,6673.572315,6673.572315,0.0
114,323,6918.852723,6918.852723,0.0
115,275,6110.241609,6110.241609,0.0
116,264,6005.776667,6005.776667,0.0
117,295,6503.453943,6503.453943,0.0
118,314,7472.050937,7472.050937,0.0
119,226,5963.852039,5963.852039,0.0
120,315,7261.193278,7261.193278,0.0
121,301,6366.271022,6366.271022,0.0
122,278,6318.014399,6318.014399,0.0
123,304,6059.735655,6059.735655,0.0
124,270,6291.245309,6291.245309,0.0
125,314,7050.191605,7050.191605,0.0
126,325,7667.513214,7667.513214,0.0
127,298,6603.790207,6603.790207,0.0
128,289,6369.310279,6369.310279,0.0
129,274,6709.540251,6709.540251,0.0
130,265,6710.652543,6710.652543,0.0
131,307,6169.137488,6169.137488,0.0
132,268,6120.426876,6120.426876,0.0
133,336,7298.282417,7298.282417,0.0
134,261,7239.40217,7239.40217,0.0
135,293,6650.848199,6650.848199,0.0
136,260,7351.473599,7351.473599,0.0
137,295,6228.273476,6228.273476,0.0
138,236,6098.602043,6098.602043,0.0
139,311,7048.161903,7048.161903,0.0
140,318,6793.033505,6793.033505,0.0
141,271,6267.979468,6267.979468,0.0
142,290,8170.00669,8170.00669,0.0
143,308,7021.732563,7021.732563,0.0
144,277,6217.221691,6217.221691,0.0
145,297,6678.506114,6678.506114,0.0
146,282,6356.743686,6356.743686,0.0
147,275,7315.525476,7315.525476,0.0
148,306,6539.783544,6539.783544,0.0
149,313,6936.056036,6936.056036,0.0
150,272,7432.648474,7432.648474,0.0
151,192,5625.168507,5625.168507,0.0
152,280,7585.622526,7585.622526,0.0
153,332,6688.757172,6688.757172,0.0
154,296,6437.93316,6437.93316,0.0
155,330,6377.475232,6377.475232,0.0
156,183,5145.490656,5145.490656,0.0
157,287,6511.409167,6511.409167,0.0
158,264,6433.088431,6433.088431,0.0
159,279,6710.051729,6710.051729,0.0
160,288,7680.951188,7680.951188,0.0
161,274,6445.287132,6445.287132,0.0
162,317,6543.545392,6543.545392,0.0
163,329,7875.893726,7875.893726,0.0
164,271,6061.620005,6061.620005,0.0
165,301,6371.022103,6371.022103,0.0
166,284,6855.671786,6855.671786,0.0
167,313,7039.613949,7039.613949,0.0
168,277,6576.530571,6576.530571,0.0
169,262,6497.281264,6497.281264,0.0
170,278,6515.286939,6515.286939,0.0
171,289,6511.548206,6511.548206,0.0
172,216,5057.941664,5057.941664,0.0
173,327,6966.453506,6966.453506,0.0
174,288,6434.888769,6434.888769,0.0
175,310,6848.795775,6848.795775,0.0
176,271,6115.347093,6115.347093,0.0
177,271,6277.684605,6277.684605,0.0
178,357,6509.90068,6509.90068,0.0
179,289,6507.54076,6507.54076,0.0
180,286,7074.788803,7074.788803,0.0
181,290,6970.72203,6970.72203,0.0
182,312,6767.222308,6767.222308,0.0
183,273,6472.71033,6472.71033,0.0
184,338,6456.546372,6456.546372,0.0
185,265,6616.888367,6616.888367,0.0
186,322,6580.012163,6580.012163,0.0
187,353,6949.482372,6949.482372,0.0
188,296,6789.76681,6789.76681,0.0
189,241,6086.960471,6086.960471,0.0
190,346,7455.792691,7455.792691,0.0
191,318,7070.356194,7070.356194,0.0
192,234,6572.756386,6572.756386,0.0
193,256,7026.878594,7026.878594,0.0
194,300,6262.554461,6262.554461,0.0
195,262,6194.542703,6194.542703,0.0
196,302,7061.381108,7061.381108,0.0
197,253,6381.135338,6381.135338,0.0
198,284,6797.376433,6797.376433,0.0
199,265,6639.491949,6639.491949,0.0
200,301,6342.334555,6342.334555,0.0
201,338,6495.50598,6495.50598,0.0
202,301,6773.91217,6773.91217,0.0
203,296,6861.197972,6861.197972,0.0
204,226,6115.06977,6115.06977,0.0
205,282,7066.632111,7066.632111,0.0
206,273,6458.543842,6458.543842,0.0
207,306,6755.771916,6755.771916,0.0
208,288,6169.94808,6169.94808,0.0
209,146,3698.962606,3698.962606,0.0
210,351,7829.559525,7829.559525,0.0
211,197,5372.086191,5372.086191,0.0
212,309,6959.688016,6959.688016,0.0
213,265,6489.64787,6489.64787,0.0
214,194,5116.431366,5116.431366,0.0
215,264,7095.050318,7095.050318,0.0
216,332,7064.303931,7064.303931,0.0
217,288,6043.918832,6043.918832,0.0
218,223,5645.810282,5645.810282,0.0
219,321,6183.737189,6183.737189,0.0
220,268,6777.624179,6777.624179,0.0
221,152,4378.096122,4378.096122,0.0
222,265,6799.958434,6799.958434,0.0
223,301,6926.455126,6926.455126,0.0
224,332,7136.995256,7136.995256,0.0
225,277,6414.877172,6414.877172,0.0
226,320,7437.618839,7437.618839,0.0
227,257,6558.161371,6558.161371,0.0
228,259,6599.893034,6599.893034,0.0
229,260,6570.972447,6570.972447,0.0
230,291,5916.437279,5916.437279,0.0
231,328,6914.115522,6914.115522,0.0
232,299,6920.140756,6920.140756,0.0
233,331,6542.449385,6542.449385,0.0
234,219,5519.392575,5519.392575,0.0
235,308,6262.699593,6262.699593,0.0
236,314,7384.355598,7384.355598,0.0
237,271,6454.095989,6454.095989,0.0
238,302,6662.375313,6662.375313,0.0
239,289,6135.735546,6135.735546,0.0
240,333,6671.374079,6671.374079,0.0
241,159,4342.52072,4342.52072,0.0
242,307,6601.241246,6601.241246,0.0
243,272,6382.722981,6382.722981,0.0
244,330,7105.00111,7105.00111,0.0
245,301,6569.869663,6569.869663,0.0
246,316,7102.021882,7102.021882,0.0
247,285,6867.393464,6867.393464,0.0
248,274,6195.598575,6195.598575,0.0
249,304,6678.226599,6678.226599,0.0
250,310,7201.957924,7201.957924,0.0
251,297,6180.837125,6180.837125,0.0
252,353,7152.928217,7152.928217,0.0
253,185,4685.178081,4685.178081,0.0
254,321,7699.367026,7699.367026,0.0
255,280,5888.153513,5888.153513,0.0
256,327,6606.991239,6606.991239,0.0
257,289,6302.394789,6302.394789,0.0
258,274,7923.172003,7923.172003,0.0
259,251,7099.809097,7099.809097,0.0
260,261,6977.344283,6977.344283,0.0
261,284,6738.311391,6738.311391,0.0
262,274,6170.727558,6170.727558,0.0
263,295,6986.533695,6986.533695,0.0
264,316,7337.270142,7337.270142,0.0
265,219,6133.352283,6133.352283,0.0
266,316,6332.663668,6332.663668,0.0
267,300,6737.295514,6737.295514,0.0
268,291,6840.847727,6840.847727,0.0
269,275,6611.266966,6611.266966,0.0
270,363,7299.659914,7299.659914,0.0
271,327,6597.422868,6597.422868,0.0
272,307,6063.85943,6063.85943,0.0
273,279,6345.185411,6345.185411,0.0
274,229,6095.29297,6095.29297,0.0
275,292,6783.524679,6783.524679,0.0
276,306,6375.490313,6375.490313,0.0
277,330,7007.852319,7007.852319,0.0
278,280,6304.355082,6304.355082,0.0
279,229,6227.404516,6227.404516,0.0
280,264,6294.399595,6294.399595,0.0
281,329,7064.900822,7064.900822,0.0
282,277,6591.600452,6591.600452,0.0
283,288,6522.285999,6522.285999,0.0
284,328,7000.191825,7000.191825,0.0
285,336,6837.7658,6837.7658,0.0
286,306,6631.029583,6631.029583,0.0
287,292,6878.989514,6878.989514,0.0
288,254,6410.242953,6410.242953,0.0
289,317,7602.743844,7602.743844,0.0
290,272,6851.308124,6851.308124,0.0
291,250,6250.344804,6250.344804,0.0
292,307,7122.845782,7122.845782,0.0
293,235,6826.041416,6826.041416,0.0
294,297,7340.125552,7340.125552,0.0
295,311,6902.83123,6902.83123,0.0
296,263,6296.642201,6296.642201,0.0
297,279,6477.555978,6477.555978,0.0
298,215,5640.961887,5640.961887,0.0
299,320,6880.982086,6880.982086,0.0
300,284,6286.567973,6286.567973,0.0
301,280,6453.464258,6453.464258,0.0
302,323,7440.575361,7440.575361,0.0
303,279,6346.465557,6346.465557,0.0
304,342,6612.153286,6612.153286,0.0
305,288,6661.437222,6661.437222,0.0
306,257,6733.226122,6733.226122,0.0
307,294,6695.784256,6695.784256,0.0
308,277,5971.516943,5971.516943,0.0
309,233,6621.500923,6621.500923,0.0
310,292,7425.737232,7425.737232,0.0
311,283,7312.010112,7312.010112,0.0
312,306,6645.687,6645.687,0.0
313,155,3915.128204,3915.128204,0.0
314,338,6813.389067,6813.389067,0.0
315,323,6551.855529,6551.855529,0.0
316,253,5643.506612,5643.506612,0.0
317,265,6168.447509,6168.447509,0.0
318,335,6582.867122,6582.867122,0.0
319,330,7291.660353,7291.660353,0.0
320,307,6461.198847,6461.198847,0.0
321,312,6706.741678,6706.741678,0.0
322,287,6745.966678,6745.966678,0.0
323,308,6334.626994,6334.626994,0.0
324,286,7485.304321,7485.304321,0.0
325,324,6420.716288,6420.716288,0.0
326,278,6537.083189,6537.083189,0.0
327,309,6646.327457,6646.327457,0.0
328,322,6576.408076,6576.408076,0.0
329,259,6471.611761,6471.611761,0.0
330,239,6527.395693,6527.395693,0.0
331,334,7420.709397,7420.709397,0.0
332,302,7494.504331,7494.504331,0.0
333,306,6479.014045,6479.014045,0.0
334,313,6133.547626,6133.547626,0.0
335,285,6686.038949,6686.038949,0.0
336,288,6401.656932,6401.656932,0.0
337,342,7732.412564,7732.412564,0.0
338,244,5754.436785,5754.436785,0.0
339,318,7305.52601,7305.52601,0.0
340,180,4904.512451,4904.512451,0.0
341,318,7105.706834,7105.706834,0.0
342,314,6307.342265,6307.342265,0.0
343,316,7626.749524,7626.749524,0.0
344,295,6769.49655,6769.49655,0.0
345,315,7418.654809,7418.654809,0.0
346,280,6794.984821,6794.984821,0.0
347,268,5717.733769,5717.733769,0.0
348,352,7256.023065,7256.023065,0.0
349,280,6160.150572,6160.150572,0.0
350,227,6611.738334,6611.738334,0.0
351,266,6711.01705,6711.01705,0.0
352,233,5870.052743,5870.052743,0.0
353,272,5844.984344,5844.984344,0.0
354,256,6339.986776,6339.986776,0.0
355,297,7238.769445,7238.769445,0.0
356,259,6081.88028,6081.88028,0.0
357,260,6205.378063,6205.378063,0.0
358,350,7701.274901,7701.274901,0.0
359,294,6862.801706,6862.801706,0.0
360,318,6525.809038,6525.809038,0.0
361,325,6642.929965,6642.929965,0.0
362,338,6775.915253,6775.915253,0.0
363,248,6104.542605,6104.542605,0.0
364,322,6824.615722,6824.615722,0.0
365,338,6828.811063,6828.811063,0.0
366,124,3331.553775,3331.553775,0.0
367,323,6494.996901,6494.996901,0.0
368,220,5683.282283,5683.282283,0.0
369,206,5419.970672,5419.970672,0.0
370,142,4434.283789,4434.283789,0.0
371,315,7173.641541,7173.641541,0.0
372,301,6493.453623,6493.453623,0.0
373,261,7294.017596,7294.017596,0.0
374,267,6100.662749,6100.662749,0.0
375,301,6825.690699,6825.690699,0.0
376,296,6272.964702,6272.964702,0.0
377,255,6314.225096,6314.225096,0.0
378,224,5870.36758,5870.36758,0.0
379,264,7311.458483,7311.458483,0.0
380,288,6925.096153,6925.096153,0.0
381,242,6493.491255,6493.491255,0.0
382,278,7288.025242,7288.025242,0.0
383,326,6797.735188,6797.735188,0.0
384,290,6447.688119,6447.688119,0.0
385,320,6989.554891,6989.554891,0.0
386,272,6165.53823,6165.53823,0.0
387,301,6843.929331,6843.929331,0.0
388,353,6882.932812,6882.932812,0.0
389,342,7368.703944,7368.703944,0.0
390,175,4501.127132,4501.127132,0.0
391,353,7367.234786,7367.234786,0.0
392,317,6726.886688,6726.886688,0.0
393,305,6320.551858,6320.551858,0.0
394,236,6306.470297,6306.470297,0.0
395,280,6562.73071,6562.73071,0.0
396,285,6020.822626,6020.822626,0.0
397,287,6372.999081,6372.999081,0.0
398,265,7204.658186,7204.658186,0.0
399,293,6556.933853,6556.933853,0.0
400,300,7180.255527,7180.255527,0.0
401,259,6453.555877,6453.555877,0.0
402,270,6523.226282,6523.226282,0.0
403,355,7391.418432,7391.418432,0.0
404,247,5742.80415,5742.80415,0.0
405,298,6767.734955,6767.734955,0.0
406,159,4113.597568,4113.597568,0.0
407,236,6725.250094,6725.250094,0.0
408,278,6499.556405,6499.556405,0.0
409,288,6380.762619,6380.762619,0.0
410,217,4845.09183,4845.09183,0.0
411,307,6480.815964,6480.815964,0.0
412,256,6036.902036,6036.902036,0.0
413,295,6217.267795,6217.267795,0.0
414,320,6643.402829,6643.402829,0.0
415,314,7078.010787,7078.010787,0.0
416,273,6592.329771,6592.329771,0.0
417,277,6050.080231,6050.080231,0.0
418,285,7884.002818,7884.002818,0.0
419,318,6926.775855,6926.775855,0.0
420,290,7321.616186,7321.616186,0.0
421,362,7077.984661,7077.984661,0.0
422,276,6155.485047,6155.485047,0.0
423,298,7493.651519,7493.651519,0.0
424,280,6193.290596,6193.290596,0.0
425,309,6477.662229,6477.662229,0.0
426,326,6298.381116,6298.381116,0.0
427,296,7101.043052,7101.043052,0.0
428,235,6135.08829,6135.08829,0.0
429,284,6663.943875,6663.943875,0.0
430,257,6884.724284,6884.724284,0.0
431,329,6935.993505,6935.993505,0.0
432,308,6606.183346,6606.183346,0.0
433,290,6643.226312,6643.226312,0.0
434,330,7050.113315,7050.113315,0.0
435,181,4693.249637,4693.249637,0.0
436,310,7008.301559,7008.301559,0.0
437,226,5519.032784,5519.032784,0.0
438,316,6278.651784,6278.651784,0.0
439,302,6528.272412,6528.272412,0.0
440,300,6609.685363,6609.685363,0.0
441,326,6970.835956,6970.835956,0.0
442,312,6168.433755,6168.433755,0.0
443,305,7253.253543,7253.253543,0.0
444,237,6006.400759,6006.400759,0.0
445,271,6629.442474,6629.442474,0.0
446,298,7256.180941,7256.180941,0.0
447,346,7481.652397,7481.652397,0.0
448,297,6579.271077,6579.271077,0.0
449,286,5907.171968,5907.171968,0.0
450,308,6145.685601,6145.685601,0.0
451,290,7219.910333,7219.910333,0.0
452,277,6959.707998,6959.707998,0.0
453,275,6304.452071,6304.452071,0.0
454,268,6751.849386,6751.849386,0.0
455,289,7093.561895,7093.561895,0.0
456,321,6547.976495,6547.976495,0.0
457,302,6157.410425,6157.410425,0.0
458,308,6475.831365,6475.831365,0.0
459,269,6743.405152,6743.405152,0.0
460,267,6305.87262,6305.87262,0.0
461,339,6816.165821,6816.165821,0.0
462,208,5559.424246,5559.424246,0.0
463,216,5302.231321,5302.231321,0.0
464,307,6322.206434,6322.206434,0.0
465,209,5105.752028,5105.752028,0.0
466,315,6657.292112,6657.292112,0.0
467,150,3963.823662,3963.823662,0.0
468,279,5985.43184,5985.43184,0.0
469,320,7713.045747,7713.045747,0.0
470,245,6226.776506,6226.776506,0.0
471,279,6453.049891,6453.049891,0.0
472,347,6905.95823,6905.95823,0.0
473,308,6539.747613,6539.747613,0.0
474,292,6256.59561,6256.59561,0.0
475,343,6775.492393,6775.492393,0.0
476,304,7108.698335,7108.698335,0.0
477,307,7442.439912,7442.439912,0.0
478,278,6448.559612,6448.559612,0.0
479,283,6906.479016,6906.479016,0.0
480,323,6417.528742,6417.528742,0.0
481,196,4758.364008,4758.364008,0.0
482,273,6794.901035,6794.901035,0.0
483,284,6643.439945,6643.439945,0.0
484,268,6401.818508,6401.818508,0.0
485,282,5884.184374,5884.184374,0.0
486,301,7160.033563,7160.033563,0.0
487,307,6860.5341,6860.5341,0.0
488,291,7048.905213,7048.905213,0.0
489,299,6914.949307,6914.949307,0.0
490,290,6756.223823,6756.223823,0.0
491,284,7159.181091,7159.181091,0.0
492,263,7454.459518,7454.459518,0.0
493,205,4299.638229,4299.638229,0.0
494,320,7192.087575,7192.087575,0.0
495,309,6395.402037,6395.402037,0.0
496,289,6763.964366,6763.964366,0.0
497,254,6083.907166,6083.907166,0.0
498,294,6766.162386,6766.162386,0.0
499,301,6159.475717,6159.475717,0.0
500,307,7614.899883,7614.899883,0.0
501,256,6573.666812,6573.666812,0.0
502,268,6710.056949,6710.056949,0.0
503,319,6625.555735,6625.555735,0.0
504,337,7514.491819,7514.491819,0.0
505,254,6224.056224,6224.056224,0.0
506,327,6960.354564,6960.354564,0.0
507,271,6700.874671,6700.874671,0.0
508,249,6311.251407,6311.251407,0.0
509,174,4242.720015,4242.720015,0.0
510,318,7145.459932,7145.459932,0.0
511,338,7632.125137,7632.125137,0.0
512,305,6876.684237,6876.684237,0.0
513,356,6834.214562,6834.214562,0.0
514,249,6140.162099,6140.162099,0.0
515,310,6600.870339,6600.870339,0.0
516,277,6492.078248,6492.078248,0.0
517,263,6385.712026,6385.712026,0.0
518,262,5982.795199,5982.795199,0.0
519,295,6612.004972,6612.004972,0.0
520,309,7074.300396,7074.300396,0.0
521,316,6650.135437,6650.135437,0.0
522,297,6436.452096,6436.452096,0.0
523,285,6094.354291,6094.354291,0.0
524,270,7349.481621,7349.481621,0.0
525,290,6807.573709,6807.573709,0.0
526,316,6603.58411,6603.58411,0.0
527,277,7105.663136,7105.663136,0.0
528,296,6151.072856,6151.072856,0.0
529,242,5688.760286,5688.760286,0.0
530,316,6724.234465,6724.234465,0.0
531,309,7289.409104,7289.409104,0.0
532,295,6910.007771,6910.007771,0.0
533,305,6868.486381,6868.486381,0.0
534,348,6783.857996,6783.857996,0.0
535,300,6194.085745,6194.085745,0.0
536,334,7636.203806,7636.203806,0.0
537,147,4435.896143,4435.896143,0.0
538,332,6780.122065,6780.122065,0.0
539,280,6807.012114,6807.012114,0.0
540,255,6216.674698,6216.674698,0.0
541,273,6400.427373,6400.427373,0.0
542,152,4218.747092,4218.747092,0.0
543,261,6993.418338,6993.418338,0.0
544,291,6888.858209,6888.858209,0.0
545,329,6809.20576,6809.20576,0.0
546,288,6047.478884,6047.478884,0.0
547,266,6087.050519,6087.050519,0.0
548,165,3759.789817,3759.789817,0.0
549,293,6646.116707,6646.116707,0.0
550,318,5829.240935,5829.240935,0.0
551,277,6155.306163,6155.306163,0.0
552,269,6806.175024,6806.175024,0.0
553,264,6411.481603,6411.481603,0.0
554,297,6941.943156,6941.943156,0.0
555,256,6348.233367,6348.233367,0.0
556,291,7243.478114,7243.478114,0.0
557,286,6182.580173,6182.580173,0.0
558,255,6417.520935,6417.520935,0.0
559,323,6540.443262,6540.443262,0.0
560,284,6949.565192,6949.565192,0.0
561,312,7343.426001,7343.426001,0.0
562,274,6098.148317,6098.148317,0.0
563,311,6870.773886,6870.773886,0.0
564,315,7249.711961,7249.711961,0.0
565,269,6654.428533,6654.428533,0.0
566,238,6512.832645,6512.832645,0.0
567,275,6588.917471,6588.917471,0.0
568,275,7110.027992,7110.027992,0.0
569,299,6613.537169,6613.537169,0.0
570,296,7102.137406,7102.137406,0.0
571,294,6477.603365,6477.603365,0.0
572,262,6972.402538,6972.402538,0.0
573,253,6287.843734,6287.843734,0.0
574,194,5621.559279,5621.559279,0.0
575,266,6629.268855,6629.268855,0.0
576,327,6368.643965,6368.643965,0.0
577,302,7091.186953,7091.186953,0.0
578,319,7525.177493,7525.177493,0.0
579,356,7204.854537,7204.854537,0.0
580,251,5601.739941,5601.739941,0.0
581,204,5472.516767,5472.516767,0.0
582,267,6752.687772,6752.687772,0.0
583,286,7153.214687,7153.214687,0.0
584,252,6612.526803,6612.526803,0.0
585,298,6675.805722,6675.805722,0.0
586,249,5645.716598,5645.716598,0.0
587,261,6613.092841,6613.092841,0.0
588,295,6443.518204,6443.518204,0.0
589,305,6887.973279,6887.973279,0.0
590,289,6376.760884,6376.760884,0.0
591,259,7055.949166,7055.949166,0.0
592,272,6243.364521,6243.364521,0.0
593,275,7087.130996,7087.130996,0.0
594,291,6415.297049,6415.297049,0.0
595,337,7627.818793,7627.818793,0.0
596,314,6770.995167,6770.995167,0.0
597,259,6310.966146,6310.966146,0.0
598,305,6453.695291,6453.695291,0.0
599,230,6147.442519,6147.442519,0.0
600,282,6673.859687,6673.859687,0.0
601,315,6438.956561,6438.956561,0.0
602,302,6398.281717,6398.281717,0.0
603,323,6175.703942,6175.703942,0.0
604,289,6503.942005,6503.942005,0.0
605,212,5143.402639,5143.402639,0.0
606,186,4775.471375,4775.471375,0.0
607,304,7082.446734,7082.446734,0.0
608,287,7241.259741,7241.259741,0.0
609,273,6673.370393,6673.370393,0.0
610,263,6505.398683,6505.398683,0.0
611,292,7534.852508,7534.852508,0.0
612,246,7151.981024,7151.981024,0.0
613,260,6215.656825,6215.656825,0.0
614,269,6214.697031,6214.697031,0.0
615,298,7782.873161,7782.873161,0.0
616,312,7337.660534,7337.660534,0.0
617,327,6716.347358,6716.347358,0.0
618,325,6432.886474,6432.886474,0.0
619,309,6583.676004,6583.676004,0.0
620,322,6766.125924,6766.125924,0.0
621,336,8106.072441,8106.072441,0.0
622,237,5747.057739,5747.057739,0.0
623,290,7084.929384,7084.929384,0.0
624,294,6271.73021,6271.73021,0.0
625,314,6230.232099,6230.232099,0.0
626,303,7657.78218,7657.78218,0.0
627,315,6795.114278,6795.114278,0.0
628,336,6977.954432,6977.954432,0.0
629,172,4877.195431,4877.195431,0.0
630,329,7191.398223,7191.398223,0.0
631,298,6600.134935,6600.134935,0.0
632,280,6200.183761,6200.183761,0.0
633,323,6547.50463,6547.50463,0.0
634,302,6453.406894,6453.406894,0.0
635,191,5444.018637,5444.018637,0.0
636,296,7734.010869,7734.010869,0.0
637,319,6102.365615,6102.365615,0.0
638,331,6626.539,6626.539,0.0
639,312,6607.444511,6607.444511,0.0
640,238,6446.368582,6446.368582,0.0
641,297,6611.846494,6611.846494,0.0
642,248,6449.51122,6449.51122,0.0
643,289,6685.300592,6685.300592,0.0
644,310,8284.561112,8284.561112,0.0
645,302,7042.3569,7042.3569,0.0
646,302,6527.696655,6527.696655,0.0
647,269,6775.128848,6775.128848,0.0
648,326,6666.554293,6666.554293,0.0
649,339,7683.804766,7683.804766,0.0
650,344,6829.716601,6829.716601,0.0
651,339,6557.808402,6557.808402,0.0
652,342,7171.574039,7171.574039,0.0
653,268,6127.988855,6127.988855,0.0
654,308,6101.265351,6101.265351,0.0
655,293,6791.77532,6791.77532,0.0
656,252,7043.272958,7043.272958,0.0
657,344,7495.160873,7495.160873,0.0
658,295,8000.865245,8000.865245,0.0
659,309,7043.155301,7043.155301,0.0
660,307,6233.143234,6233.143234,0.0
661,323,6701.507117,6701.507117,0.0
662,259,6584.004453,6584.004453,0.0
663,330,6507.641724,6507.641724,0.0
664,298,6489.170718,6489.170718,0.0
665,268,6488.675859,6488.675859,0.0
666,282,6952.496716,6952.496716,0.0
667,317,8789.321842,8789.321842,0.0
668,285,6674.219841,6674.219841,0.0
669,309,7373.026212,7373.026212,0.0
670,216,5463.026252,5463.026252,0.0
671,300,6713.139642,6713.139642,0.0
672,234,5645.754906,5645.754906,0.0
673,288,6527.433455,6527.433455,0.0
674,322,5995.733928,5995.733928,0.0
675,299,6129.572361,6129.572361,0.0
676,253,6348.560828,6348.560828,0.0
677,267,6718.421238,6718.421238,0.0
678,265,7037.672137,7037.672137,0.0
679,221,5173.652422,5173.652422,0.0
680,307,6542.503087,6542.503087,0.0
681,353,7069.151051,7069.151051,0.0
682,281,6020.136629,6020.136629,0.0
683,304,6281.820733,6281.820733,0.0
684,262,6530.199945,6530.199945,0.0
685,262,6048.209115,6048.209115,0.0
686,270,6399.024135,6399.024135,0.0
687,276,6191.480794,6191.480794,0.0
688,284,6948.515925,6948.515925,0.0
689,287,6548.233409,6548.233409,0.0
690,332,6375.475244,6375.475244,0.0
691,272,7078.125528,7078.125528,0.0
692,208,5025.663801,5025.663801,0.0
693,229,5849.350664,5849.350664,0.0
694,271,6013.374439,6013.374439,0.0
695,300,6207.589122,6207.589122,0.0
696,294,7256.608578,7256.608578,0.0
697,310,6548.845527,6548.845527,0.0
698,325,6384.984328,6384.984328,0.0
699,336,7242.067394,7242.067394,0.0
700,277,6323.422526,6323.422526,0.0
701,283,6555.467924,6555.467924,0.0
702,277,6923.331739,6923.331739,0.0
703,292,6727.988035,6727.988035,0.0
704,253,6139.373153,6139.373153,0.0
705,300,6766.248922,6766.248922,0.0
706,330,6741.3648,6741.3648,0.0
707,303,7023.126137,7023.126137,0.0
708,277,6735.14169,6735.14169,0.0
709,216,5545.573545,5545.573545,0.0
710,326,6751.149488,6751.149488,0.0
711,294,7271.97539,7271.97539,0.0
712,337,6605.721734,6605.721734,0.0
713,290,6430.376077,6430.376077,0.0
714,302,6628.493685,6628.493685,0.0
715,275,6348.468913,6348.468913,0.0
716,267,6071.670039,6071.670039,0.0
717,343,6668.970906,6668.970906,0.0
718,288,6975.092276,6975.092276,0.0
719,279,6648.436998,6648.436998,0.0
720,354,6580.937613,6580.937613,0.0
721,308,6988.630572,6988.630572,0.0
722,355,7337.70288,7337.70288,0.0
723,291,7083.950459,7083.950459,0.0
724,298,6347.498719,6347.498719,0.0
725,313,7226.22453,7226.22453,0.0
726,294,6312.041802,6312.041802,0.0
727,283,6949.429502,6949.429502,0.0
728,335,6747.056887,6747.056887,0.0
729,305,6095.647951,6095.647951,0.0
730,318,6747.266004,6747.266004,0.0
731,321,6612.627385,6612.627385,0.0
732,310,6815.143393,6815.143393,0.0
733,302,6010.916997,6010.916997,0.0
734,305,6898.034961,6898.034961,0.0
735,305,6632.07566,6632.07566,0.0
736,321,7167.590446,7167.590446,0.0
737,302,6638.747052,6638.747052,0.0
738,299,6124.902289,6124.902289,0.0
739,340,6570.21094,6570.21094,0.0
740,330,7050.591975,7050.591975,0.0
741,315,6557.650187,6557.650187,0.0
742,295,6552.027227,6552.027227,0.0
743,277,6483.250569,6483.250569,0.0
744,319,6878.134728,6878.134728,0.0
745,267,6569.148363,6569.148363,0.0
746,272,6909.268584,6909.268584,0.0
747,293,7995.759224,7995.759224,0.0
748,304,6323.526134,6323.526134,0.0
749,193,4782.724753,4782.724753,0.0
750,280,6733.420862,6733.420862,0.0
751,317,7513.966962,7513.966962,0.0
752,297,6656.688546,6656.688546,0.0
753,269,6215.416404,6215.416404,0.0
754,297,6932.660501,6932.660501,0.0
755,269,6438.521499,6438.521499,0.0
756,328,7725.753676,7725.753676,0.0
757,254,6085.633678,6085.633678,0.0
758,275,6710.198634,6710.198634,0.0
759,317,7123.709412,7123.709412,0.0
760,327,6389.155249,6389.155249,0.0
761,285,7142.145815,7142.145815,0.0
762,315,6504.93933,6504.93933,0.0
763,264,6591.918444,6591.918444,0.0
764,292,6634.567291,6634.567291,0.0
765,330,6636.257943,6636.257943,0.0
766,218,4715.470558,4715.470558,0.0
767,290,7323.618724,7323.618724,0.0
768,305,6631.059143,6631.059143,0.0
769,352,7504.660723,7504.660723,0.0
770,255,6444.170211,6444.170211,0.0
771,305,6788.112168,6788.112168,0.0
772,271,6458.449968,6458.449968,0.0
773,297,6552.861646,6552.861646,0.0
774,267,7453.577276,7453.577276,0.0
775,325,7370.560427,7370.560427,0.0
776,253,6140.659853,6140.659853,0.0
777,295,6677.520855,6677.520855,0.0
778,319,6140.986809,6140.986809,0.0
779,333,7397.600631,7397.600631,0.0
780,307,6525.795365,6525.795365,0.0
781,283,7029.69072,7029.69072,0.0
782,231,6479.6556,6479.6556,0.0
783,315,7267.9904,7267.9904,0.0
784,306,6537.768926,6537.768926,0.0
785,336,6680.530378,6680.530378,0.0
786,164,3627.351993,3627.351993,0.0
787,306,7260.158343,7260.158343,0.0
788,302,6497.647091,6497.647091,0.0
789,320,6548.133141,6548.133141,0.0
790,270,6411.875379,6411.875379,0.0
791,237,6457.291211,6457.291211,0.0
792,279,6531.547189,6531.547189,0.0
793,297,6843.121956,6843.121956,0.0
794,285,5858.401821,5858.401821,0.0
795,272,6661.773437,6661.773437,0.0
796,287,6451.552337,6451.552337,0.0
797,257,5928.960118,5928.960118,0.0
798,300,7377.858162,7377.858162,0.0
799,294,6696.059989,6696.059989,0.0
800,314,7124.816424,7124.816424,0.0
801,273,6293.813021,6293.813021,0.0
802,272,7563.831482,7563.831482,0.0
803,327,7318.327897,7318.327897,0.0
804,180,4482.609997,4482.609997,0.0
805,332,6585.511983,6585.511983,0.0
806,375,6459.078643,6459.078643,0.0
807,292,6585.946146,6585.946146,0.0
808,206,4863.014231,4863.014231,0.0
809,276,6466.559287,6466.559287,0.0
810,331,6917.764597,6917.764597,0.0
811,299,6550.391643,6550.391643,0.0
812,265,6964.708636,6964.708636,0.0
813,279,6153.256222,6153.256222,0.0
814,303,6590.495169,6590.495169,0.0
815,230,6207.326613,6207.326613,0.0
816,282,6475.936695,6475.936695,0.0
817,317,6452.168717,6452.168717,0.0
818,294,6789.462881,6789.462881,0.0
819,282,6672.207173,6672.207173,0.0
820,301,6267.398683,6267.398683,0.0
821,282,7616.100791,7616.100791,0.0
822,317,7431.94305,7431.94305,0.0
823,278,6539.944043,6539.944043,0.0
824,251,6431.643271,6431.643271,0.0
825,276,6236.066771,6236.066771,0.0
826,290,7272.50534,7272.50534,0.0
827,287,6729.52403,6729.52403,0.0
828,287,5916.473993,5916.473993,0.0
829,307,6729.097338,6729.097338,0.0
830,263,7041.310327,7041.310327,0.0
831,170,5121.301499,5121.301499,0.0
832,322,6092.874783,6092.874783,0.0
833,302,7052.530264,7052.530264,0.0
834,270,6400.045551,6400.045551,0.0
835,351,6639.323273,6639.323273,0.0
836,330,6583.68403,6583.68403,0.0
837,269,6690.396641,6690.396641,0.0
838,303,7630.142426,7630.142426,0.0
839,286,6136.575351,6136.575351,0.0
840,306,6509.951793,6509.951793,0.0
841,316,6838.465765,6838.465765,0.0
842,313,6563.457684,6563.457684,0.0
843,302,6475.573594,6475.573594,0.0
844,306,7082.185329,7082.185329,0.0
845,306,6437.308141,6437.308141,0.0
846,318,6957.048651,6957.048651,0.0
847,287,6987.869296,6987.869296,0.0
848,299,6361.040588,6361.040588,0.0
849,290,6020.01689,6020.01689,0.0
850,203,4857.392856,4857.392856,0.0
851,248,6829.086617,6829.086617,0.0
852,301,6464.021215,6464.021215,0.0
853,325,7038.070863,7038.070863,0.0
854,281,6219.042657,6219.042657,0.0
855,270,6976.738928,6976.738928,0.0
856,277,6568.39509,6568.39509,0.0
857,270,6401.815332,6401.815332,0.0
858,283,7219.210711,7219.210711,0.0
859,365,7495.404159,7495.404159,0.0
860,204,4696.617539,4696.617539,0.0
861,291,6598.09279,6598.09279,0.0
862,260,6730.990762,6730.990762,0.0
863,310,6716.816525,6716.816525,0.0
864,300,7057.851702,7057.851702,0.0
865,269,7095.722283,7095.722283,0.0
866,271,6391.269013,6391.269013,0.0
867,263,6458.715719,6458.715719,0.0
868,335,7219.712082,7219.712082,0.0
869,316,7061.969807,7061.969807,0.0
870,325,7351.455512,7351.455512,0.0
871,324,8186.610008,8186.610008,0.0
872,253,6398.302477,6398.302477,0.0
873,328,6919.314977,6919.314977,0.0
874,342,6591.465855,6591.465855,0.0
875,238,6207.446555,6207.446555,0.0
876,337,6466.074405,6466.074405,0.0
877,339,6431.329845,6431.329845,0.0
878,312,6633.88286,6633.88286,0.0
879,296,7401.359907,7401.359907,0.0
880,280,7241.506009,7241.506009,0.0
881,312,7419.000308,7419.000308,0.0
882,253,6331.182845,6331.182845,0.0
883,191,5378.084687,5378.084687,0.0
884,276,6327.353585,6327.353585,0.0
885,293,8464.373729,8464.373729,0.0
886,246,7518.27474,7518.27474,0.0
887,174,4290.430457,4290.430457,0.0
888,294,6741.474027,6741.474027,0.0
889,215,5201.856022,5201.856022,0.0
890,327,7552.725858,7552.725858,0.0
891,280,6558.901287,6558.901287,0.0
892,311,7663.512556,7663.512556,0.0
893,282,6820.813795,6820.813795,0.0
894,303,6449.819602,6449.819602,0.0
895,298,6387.479444,6387.479444,0.0
896,311,7202.668806,7202.668806,0.0
897,296,7168.591141,7168.591141,0.0
898,288,6176.913487,6176.913487,0.0
899,265,6619.744821,6619.744821,0.0
900,299,6646.546884,6646.546884,0.0
901,297,6690.03815,6690.03815,0.0
902,273,6913.766234,6913.766234,0.0
903,324,6105.492692,6105.492692,0.0
904,268,6620.402328,6620.402328,0.0
905,306,7819.845845,7819.845845,0.0
906,269,6536.580734,6536.580734,0.0
907,240,6571.468277,6571.468277,0.0
908,280,6942.851822,6942.851822,0.0
909,317,6645.544732,6645.544732,0.0
910,317,6907.415028,6907.415028,0.0
911,313,7763.96031,7763.96031,0.0
912,293,6813.071061,6813.071061,0.0
913,299,6088.22149,6088.22149,0.0
914,178,4544.918229,4544.918229,0.0
915,266,6424.557338,6424.557338,0.0
916,281,6549.287745,6549.287745,0.0
917,209,5137.211355,5137.211355,0.0
918,219,4988.803397,4988.803397,0.0
919,283,6382.94025,6382.94025,0.0
920,261,6832.130775,6832.130775,0.0
921,306,6345.758027,6345.758027,0.0
922,305,6706.958605,6706.958605,0.0
923,306,6704.97963,6704.97963,0.0
924,318,7264.667308,7264.667308,0.0
925,312,7069.675,7069.675,0.0
926,287,7326.170641,7326.170641,0.0
927,302,6445.044162,6445.044162,0.0
928,309,7220.875182,7220.875182,0.0
929,311,6631.836779,6631.836779,0.0
930,346,6530.865695,6530.865695,0.0
931,326,6857.906204,6857.906204,0.0
932,264,6561.12625,6561.12625,0.0
933,307,6610.354957,6610.354957,0.0
934,219,4762.131168,4762.131168,0.0
935,293,7358.128204,7358.128204,0.0
936,250,5759.666373,5759.666373,0.0
937,268,6699.921764,6699.921764,0.0
938,295,6163.813608,6163.813608,0.0
939,323,6178.463676,6178.463676,0.0
940,286,7173.664613,7173.664613,0.0
941,229,6456.597929,6456.597929,0.0
942,333,6261.252671,6261.252671,0.0
943,281,6627.238144,6627.238144,0.0
944,243,5926.843331,5926.843331,0.0
945,183,5601.463644,5601.463644,0.0
946,328,6460.833517,6460.833517,0.0
947,319,7158.011355,7158.011355,0.0
948,298,7236.25126,7236.25126,0.0
949,306,7568.532666,7568.532666,0.0
950,297,6840.674717,6840.674717,0.0
951,284,6288.178774,6288.178774,0.0
952,289,6796.13336,6796.13336,0.0
953,304,6362.215921,6362.215921,0.0
954,265,6428.723133,6428.723133,0.0
955,335,6800.186655,6800.186655,0.0
956,325,6527.478761,6527.478761,0.0
957,255,6879.891984,6879.891984,0.0
958,290,6191.662932,6191.662932,0.0
959,278,6580.789579,6580.789579,0.0
960,280,6399.5958,6399.5958,0.0
961,242,5917.365351,5917.365351,0.0
962,323,7361.905954,7361.905954,0.0
963,304,6700.900791,6700.900791,0.0
964,279,6708.286542,6708.286542,0.0
965,309,6746.263371,6746.263371,0.0
966,303,6656.400426,6656.400426,0.0
967,304,6972.433047,6972.433047,0.0
968,213,6072.120216,6072.120216,0.0
969,361,7186.42817,7186.42817,0.0
970,355,6761.398352,6761.398352,0.0
971,282,7264.263653,7264.263653,0.0
972,291,7548.642389,7548.642389,0.0
973,236,5926.814122,5926.814122,0.0
974,250,6207.895073,6207.895073,0.0
975,310,6912.883631,6912.883631,0.0
976,270,7033.48893,7033.48893,0.0
977,321,7035.022616,7035.022616,0.0
978,222,5733.407392,5733.407392,0.0
979,115,3221.141252,3221.141252,0.0
980,337,6941.923657,6941.923657,0.0
981,275,6101.548013,6101.548013,0.0
982,278,6657.301763,6657.301763,0.0
983,294,6735.474239,6735.474239,0.0
984,263,6568.877785,6568.877785,0.0
985,293,6842.201092,6842.201092,0.0
986,273,6755.432251,6755.432251,0.0
987,261,7099.573924,7099.573924,0.0
988,283,6395.292824,6395.292824,0.0
989,291,6951.591149,6951.591149,0.0
990,318,6689.411917,6689.411917,0.0
991,328,7224.360854,7224.360854,0.0
992,265,7081.184154,7081.184154,0.0
993,208,5983.739112,5983.739112,0.0
994,258,6387.665509,6387.665509,0.0
995,294,6247.865316,6247.865316,0.0
996,311,6356.20846,6356.20846,0.0
997,263,6392.147812,6392.147812,0.0
998,278,6545.321465,6545.321465,0.0
999,309,6525.026486,6525.026486,0.0
