mode,region,level,step_m,key,x,y,parent,rank_cumulative,in_Csafe,in_Q0,in_Qvis_Q5,squared_slack_lower_m2,boundary_distance_m,D_lower_m,D_upper_m,inner_gap_m,T_s,J_lower_m,J_upper_m,near_possible,near_upper_m,score_elapsed_s,safety_status
M3,Q5,1,20,"228e647c73d7697911cbbf0da871677bf5344cc5a9adc2c0bbe41f28aa545d8c|0x1.cc9588c83e1aap+8,0x1.be25ce50ef7d7p+9",460.58411838070117,892.2953587693581,"228e647c73d7697911cbbf0da871677bf5344cc5a9adc2c0bbe41f28aa545d8c|0x1.cc9583509fbc6p+8,0x1.be25cfb7b5465p+9",1,False,False,True,1378709150733136209611401119/19807040628566084398385987584,3.4803512562575634e-05,111.50961177962219,111.5172435043315,0.007631724709312948,205.8311467263846,152.6758411248991,152.68347284960842,False,0.0,0.024329199994099326,SAFE
M3,Q5,1,20,"228e647c73d7697911cbbf0da871677bf5344cc5a9adc2c0bbe41f28aa545d8c|0x1.cc9583509fbc6p+8,0x1.be25cfb7b5465p+9",460.58403495693017,892.2954015383845,"228e647c73d7697911cbbf0da871677bf5344cc5a9adc2c0bbe41f28aa545d8c|0x1.cc9583509fbc6p+8,0x1.be25cfb7b5465p+9",2,False,False,True,1378704229730632598057899103/19807040628566084398385987584,3.480338841654884e-05,111.5096191503195,111.51725087642305,0.007631726103554115,205.83114667438946,152.67584848519738,152.68348021130095,False,0.0,0.028313899994827807,SAFE
M3,Q5,1,20,"228e647c73d7697911cbbf0da871677bf5344cc5a9adc2c0bbe41f28aa545d8c|0x1.c1e019b125317p+8,0x1.c0da2e71191d9p+9",449.8753920284084,897.7045422909388,"228e647c73d7697911cbbf0da871677bf5344cc5a9adc2c0bbe41f28aa545d8c|0x1.9c13d34cb33e3p+8,0x1.c7930c6308f7dp+9",3,False,False,True,957521750286897933909848415/19807040628566084398385987584,2.4171247446247435e-05,111.51694551181264,111.52601702593459,0.00907151412195617,205.82443213936875,152.6818319396864,152.69090345380835,False,0.0,0.024765399997704662,SAFE
M3,Q5,1,20,"228e647c73d7697911cbbf0da871677bf5344cc5a9adc2c0bbe41f28aa545d8c|0x1.d5998d00ebea2p+8,0x1.bbcec180aab3bp+9",469.59980779418595,887.6152802308565,"228e647c73d7697911cbbf0da871677bf5344cc5a9adc2c0bbe41f28aa545d8c|0x1.f67adc8b1d2dep+8,0x1.b04b5fb818ef7p+9",4,False,False,True,2232744675372576451147747871/19807040628566084398385987584,5.636240121020819e-05,111.53331600066221,111.54308576434917,0.009769763686961142,205.83673619929579,152.70066324052138,152.71043300420834,False,0.0,0.021401799996965565,SAFE
M3,Q5,1,20,"228e647c73d7697911cbbf0da871677bf5344cc5a9adc2c0bbe41f28aa545d8c|0x1.bab2571fe8402p+8,0x1.c29ed96526996p+9",442.69664191646746,901.2410093725655,"228e647c73d7697911cbbf0da871677bf5344cc5a9adc2c0bbe41f28aa545d8c|0x1.cc9583509fbc6p+8,0x1.be25cfb7b5465p+9",5,False,False,True,808903981962566759833327487/19807040628566084398385987584,2.041960760834627e-05,111.54208533831601,111.55130574354396,0.009220405227949868,205.81988683783263,152.70606270588254,152.7152831111105,False,0.0,0.022290199995040894,SAFE
M3,Q5,1,20,"228e647c73d7697911cbbf0da871677bf5344cc5a9adc2c0bbe41f28aa545d8c|0x1.de49fe16f9eadp+8,0x1.b97f339225eaep+9",478.28903335191245,882.9937613186974,"228e647c73d7697911cbbf0da871677bf5344cc5a9adc2c0bbe41f28aa545d8c|0x1.cc9583509fbc6p+8,0x1.be25cfb7b5465p+9",6,False,False,True,3867645865427621757527084159/19807040628566084398385987584,9.76331126594232e-05,111.58260280357254,111.5921663368948,0.009563533322264561,205.84206550943927,152.7510159054604,152.76057943878266,False,0.0,0.021802800009027123,SAFE
M3,Q5,1,20,"228e647c73d7697911cbbf0da871677bf5344cc5a9adc2c0bbe41f28aa545d8c|0x1.d128cfb9e5fdfp+8,0x1.bc9d6c89501f6p+9",465.1594196497444,889.2298747674201,"228e647c73d7697911cbbf0da871677bf5344cc5a9adc2c0bbe41f28aa545d8c|0x1.f67adc8b1d2dep+8,0x1.b04b5fb818ef7p+9",7,False,False,True,24776827681940899038702961024767/19807040628566084398385987584,0.6256507822885169,111.62178954724482,111.63003419794845,0.008244650703630896,205.70904871158837,152.76359928956248,152.77184394026614,False,0.0,0.02588419998937752,SAFE
M3,Q5,1,20,"228e647c73d7697911cbbf0da871677bf5344cc5a9adc2c0bbe41f28aa545d8c|0x1.afe1c29231fbcp+8,0x1.c537ac4bc27e4p+9",431.88187516899393,906.4349455547022,"228e647c73d7697911cbbf0da871677bf5344cc5a9adc2c0bbe41f28aa545d8c|0x1.9c13d34cb33e3p+8,0x1.c7930c6308f7dp+9",8,False,False,True,674182193391982482192132543/19807040628566084398385987584,1.701875146409293e-05,111.61010581369469,111.62006892982316,0.00996311612847478,205.81297414482384,152.77270064265946,152.78266375878792,False,0.0,0.020277399991755374,SAFE
M3,Q5,1,20,"228e647c73d7697911cbbf0da871677bf5344cc5a9adc2c0bbe41f28aa545d8c|0x1.e735931553816p+8,0x1.b711341d2a08cp+9",487.20927556313234,878.1344028907056,"228e647c73d7697911cbbf0da871677bf5344cc5a9adc2c0bbe41f28aa545d8c|0x1.f67adc8b1d2dep+8,0x1.b04b5fb818ef7p+9",9,False,False,True,2704166345859221712761458495/19807040628566084398385987584,6.82627579635664e-05,111.6660747733885,111.67606577420776,0.009991000819255191,205.8474951534092,152.83557380407035,152.8455648048896,False,0.0,0.025031400000443682,SAFE
M3,Q5,1,20,"228e647c73d7697911cbbf0da871677bf5344cc5a9adc2c0bbe41f28aa545d8c|0x1.a8a242fb13efap+8,0x1.c6e9dfa97d941p+9",424.6338345454857,909.8271381247688,"228e647c73d7697911cbbf0da871677bf5344cc5a9adc2c0bbe41f28aa545d8c|0x1.cc9583509fbc6p+8,0x1.be25cfb7b5465p+9",10,False,False,True,617573247768885370406455007/19807040628566084398385987584,1.5589740769428317e-05,111.6743564888543,111.68396352706306,0.00960703820875608,205.80829810633924,152.83601611012216,152.8456231483309,False,0.0,0.02138310000009369,SAFE
M3,Q5,1,20,"228e647c73d7697911cbbf0da871677bf5344cc5a9adc2c0bbe41f28aa545d8c|0x1.efcdedde84f2ep+8,0x1.b4ab879ee12d5p+9",495.8044108461935,873.3400763129708,"228e647c73d7697911cbbf0da871677bf5344cc5a9adc2c0bbe41f28aa545d8c|0x1.cc9583509fbc6p+8,0x1.be25cfb7b5465p+9",12,False,False,True,1589270215047125260751519839/19807040628566084398385987584,4.011882140275702e-05,111.7747250943388,111.78462873325533,0.009903638916526347,205.85267264429288,152.9452596231974,152.9551632621139,False,0.0,0.02498849999392405,SAFE
M3,Q5,1,20,"228e647c73d7697911cbbf0da871677bf5344cc5a9adc2c0bbe41f28aa545d8c|0x1.9db7a4bfc5419p+8,0x1.c966e161299f4p+9",413.71735762182067,914.803753037761,"228e647c73d7697911cbbf0da871677bf5344cc5a9adc2c0bbe41f28aa545d8c|0x1.9c13d34cb33e3p+8,0x1.c7930c6308f7dp+9",13,False,False,True,561564291487021310898064959/19807040628566084398385987584,1.417587589003233e-05,111.79725074969896,111.80549736456878,0.008246614869818814,205.80119108905248,152.95748896750945,152.9657355823793,False,0.0,0.024315299990121275,SAFE
M3,Q5,1,20,"228e647c73d7697911cbbf0da871677bf5344cc5a9adc2c0bbe41f28aa545d8c|0x1.f53f5303cde56p+9,-0x1.c9f52d4302b49p+5",1002.49472091249,-57.24471523620611,"228e647c73d7697911cbbf0da871677bf5344cc5a9adc2c0bbe41f28aa545d8c|0x1.f1a7f284bf561p+9,-0x1.82dbdd6ab5287p+6",14,False,False,True,4300115421445585348935887775/39614081257132168796771975168,5.427508858701913e-05,111.79511664735402,111.80286638792585,0.007749740571824759,205.82555842122144,152.96022833159833,152.96797807217013,False,0.0,0.019299699997645803,SAFE
M3,Q5,1,20,"228e647c73d7697911cbbf0da871677bf5344cc5a9adc2c0bbe41f28aa545d8c|0x1.f585703baf5adp+9,-0x1.7a29448f5061bp+5",1003.042487583754,-47.27015029872947,"228e647c73d7697911cbbf0da871677bf5344cc5a9adc2c0bbe41f28aa545d8c|0x1.f5857018745dfp+9,-0x1.7a2970addde7bp+5",15,False,False,True,4267283856556825554743606419/39614081257132168796771975168,5.386069597079768e-05,111.79277000894353,111.80276273513286,0.00999272618932423,205.83114290442802,152.95899858982915,152.96899131601847,False,0.0,0.019192200008546934,SAFE
M3,Q5,1,20,"228e647c73d7697911cbbf0da871677bf5344cc5a9adc2c0bbe41f28aa545d8c|0x1.f5857018745dfp+9,-0x1.7a2970addde7bp+5",1003.0424833839605,-47.270234449705605,"228e647c73d7697911cbbf0da871677bf5344cc5a9adc2c0bbe41f28aa545d8c|0x1.f5857018745dfp+9,-0x1.7a2970addde7bp+5",16,False,False,True,4267284134297606920983341715/39614081257132168796771975168,5.386069949508965e-05,111.79277665944198,111.80276938765294,0.009992728210960422,205.83114285767462,152.9590052309769,152.96899795918787,False,0.0,0.025729100001626648,SAFE
M3,Q5,1,20,"228e647c73d7697911cbbf0da871677bf5344cc5a9adc2c0bbe41f28aa545d8c|0x1.f4ec4642986bcp+9,-0x1.0cef9a8191612p+6",1001.8458941692584,-67.2339878315909,"228e647c73d7697911cbbf0da871677bf5344cc5a9adc2c0bbe41f28aa545d8c|0x1.f5857018745dfp+9,-0x1.7a2970addde7bp+5",17,False,False,True,4332917554510648840680394359/39614081257132168796771975168,5.468910978834174e-05,111.82209663574808,111.83191646298009,0.009819827232007583,205.8198799704391,152.98607262983592,152.9958924570679,False,0.0,0.019816600004560314,SAFE
M3,Q5,1,20,"228e647c73d7697911cbbf0da871677bf5344cc5a9adc2c0bbe41f28aa545d8c|0x1.f48ca422eb4b8p+9,-0x1.34c84c3c4755ap+6",1001.0987590454961,-77.19560331521407,"228e647c73d7697911cbbf0da871677bf5344cc5a9adc2c0bbe41f28aa545d8c|0x1.f1a7f284bf561p+9,-0x1.82dbdd6ab5287p+6",18,False,False,True,4365553360780610120710408983/39614081257132168796771975168,5.5101031534832146e-05,111.87474230604765,111.88270950463752,0.007967198589867053,205.8141316275956,153.03756863156678,153.04553583015664,False,0.0,0.024923300006776117,SAFE
M3,Q5,1,20,"228e647c73d7697911cbbf0da871677bf5344cc5a9adc2c0bbe41f28aa545d8c|0x1.f5eb77bc634a7p+9,-0x1.b494fe13a89e2p+4",1003.8395915493792,-27.286375119010593,"228e647c73d7697911cbbf0da871677bf5344cc5a9adc2c0bbe41f28aa545d8c|0x1.f5857018745dfp+9,-0x1.7a2970addde7bp+5",19,False,False,True,4201264594292377944603501487/39614081257132168796771975168,5.302741567447811e-05,111.87348278469557,111.88249583957682,0.009013054881251037,205.84207445942792,153.04189767658116,153.0509107314624,False,0.0,0.020188800001051277,SAFE
M3,Q5,1,20,"228e647c73d7697911cbbf0da871677bf5344cc5a9adc2c0bbe41f28aa545d8c|0x1.f8a031bee93b9p+8,0x1.b226d07cd16edp+9",504.6257590598503,868.3032375357267,"228e647c73d7697911cbbf0da871677bf5344cc5a9adc2c0bbe41f28aa545d8c|0x1.f67adc8b1d2dep+8,0x1.b04b5fb818ef7p+9",21,False,False,True,1102697946218675391937964895/19807040628566084398385987584,2.783600996281166e-05,111.92168561472016,111.93150186365271,0.00981624893255173,205.85792680616365,153.0932709759529,153.10308722488543,False,0.0,0.020732400007545948,SAFE
M3,Q5,1,20,"228e647c73d7697911cbbf0da871677bf5344cc5a9adc2c0bbe41f28aa545d8c|0x1.f420098016bc8p+9,-0x1.5cadfae850d9ep+6",1000.2502899275796,-87.16990244859196,"228e647c73d7697911cbbf0da871677bf5344cc5a9adc2c0bbe41f28aa545d8c|0x1.f5857018745dfp+9,-0x1.7a2970addde7bp+5",22,False,False,True,4398157236877490727942353959/39614081257132168796771975168,5.551255037516967e-05,111.94976364934456,111.95950089528955,0.009737245944990036,205.80829010706745,153.11142167075806,153.12115891670305,False,0.0,0.0210642000020016,SAFE
M3,Q5,1,20,"228e647c73d7697911cbbf0da871677bf5344cc5a9adc2c0bbe41f28aa545d8c|0x1.f3a6ec4381082p+9,-0x1.8475557fb7a3bp+6",999.304085195545,-97.11458396490427,"228e647c73d7697911cbbf0da871677bf5344cc5a9adc2c0bbe41f28aa545d8c|0x1.f1a7f284bf561p+9,-0x1.82dbdd6ab5287p+6",67,False,False,True,4430593116226454962758797299/39614081257132168796771975168,5.5921948728610005e-05,112.04839905801094,112.05677542608339,0.008376368072447349,205.80238017585165,153.2088750931813,153.21725146125374,False,0.0,0.019352400006027892,SAFE
M3,Q5,1,20,"228e647c73d7697911cbbf0da871677bf5344cc5a9adc2c0bbe41f28aa545d8c|0x1.8b639c82f5966p+8,0x1.cd676012083acp+9",395.38910692687784,922.8076193370994,"228e647c73d7697911cbbf0da871677bf5344cc5a9adc2c0bbe41f28aa545d8c|0x1.9c13d34cb33e3p+8,0x1.c7930c6308f7dp+9",75,False,False,True,512938285527634548936306495/19807040628566084398385987584,1.2948382845934248e-05,112.0728979046139,112.08127615924334,0.008378254629448634,205.78908816796186,153.23071553820625,153.23909379283572,False,0.0,0.021094499999890104,SAFE
M3,Q5,1,20,"228e647c73d7697911cbbf0da871677bf5344cc5a9adc2c0bbe41f28aa545d8c|0x1.f61e5252275e6p+9,-0x1.d29a19ada1c8dp+2",1004.2368872349005,-7.290655536234351,"228e647c73d7697911cbbf0da871677bf5344cc5a9adc2c0bbe41f28aa545d8c|0x1.f5857018745dfp+9,-0x1.7a2970addde7bp+5",76,False,False,True,132315788300302176561629469471/1267650600228229401496703205376,5.2189377583999885e-05,112.07135599941881,112.08128921966433,0.009933220245514462,205.85267031746332,153.24189006291147,153.251823283157,False,0.0,0.020300200005294755,SAFE
M3,Q5,1,20,"228e647c73d7697911cbbf0da871677bf5344cc5a9adc2c0bbe41f28aa545d8c|0x1.b143767f688c7p+8,0x1.c1ced62050de4p+9",433.2635268812414,899.6159096140732,"228e647c73d7697911cbbf0da871677bf5344cc5a9adc2c0bbe41f28aa545d8c|0x1.cc9583509fbc6p+8,0x1.be25cfb7b5465p+9",117,True,True,True,219843508594366711071033713519807/19807040628566084398385987584,5.56511563028414,112.46284935425149,112.47148333610554,0.008633981854046624,204.7023854195366,153.4033264381588,153.41196042001286,False,0.0,0.02370060000976082,SAFE
M3,Q5,1,20,"228e647c73d7697911cbbf0da871677bf5344cc5a9adc2c0bbe41f28aa545d8c|0x1.9c13d34cb33e3p+8,0x1.c7930c6308f7dp+9",412.07744292617843,911.1488155168332,"228e647c73d7697911cbbf0da871677bf5344cc5a9adc2c0bbe41f28aa545d8c|0x1.9c13d34cb33e3p+8,0x1.c7930c6308f7dp+9",118,True,True,True,158375978265832903756299079024863/19807040628566084398385987584,4.00599576359059,112.40991493043485,112.41830260163077,0.00838767119591921,204.9999982986306,153.40991459016098,153.4183022613569,False,0.0,0.03788100001111161,SAFE
M3,Q5,1,20,"228e647c73d7697911cbbf0da871677bf5344cc5a9adc2c0bbe41f28aa545d8c|0x1.f28e42eb4969dp+9,-0x1.d3f989d591625p+6",997.111417208525,-116.99368985843519,"228e647c73d7697911cbbf0da871677bf5344cc5a9adc2c0bbe41f28aa545d8c|0x1.f1a7f284bf561p+9,-0x1.82dbdd6ab5287p+6",155,False,False,True,4495226472350240994242350779/39614081257132168796771975168,5.6737736372269865e-05,112.3104386004382,112.31971050524449,0.00927190480628326,205.7903087097866,153.46850034239552,153.4777722472018,False,0.0,0.02237020000757184,SAFE
M3,Q5,1,20,"228e647c73d7697911cbbf0da871677bf5344cc5a9adc2c0bbe41f28aa545d8c|0x1.04ebcba1b4273p+9,0x1.ad1016c3f2df2p+9",521.8421518449453,858.1256947456261,"228e647c73d7697911cbbf0da871677bf5344cc5a9adc2c0bbe41f28aa545d8c|0x1.f67adc8b1d2dep+8,0x1.b04b5fb818ef7p+9",173,False,False,True,724502928805992209016753663/19807040628566084398385987584,1.8289025319973007e-05,112.31406353675052,112.3237154857879,0.00965194903737654,205.86801033761714,153.48766560427396,153.49731755331135,False,0.0,0.020401700006914325,SAFE
M3,Q5,1,20,"228e647c73d7697911cbbf0da871677bf5344cc5a9adc2c0bbe41f28aa545d8c|0x1.f1e79021d6ec5p+8,0x1.b1d3c2e67e166p+9",497.90454303261896,867.6543853870069,"228e647c73d7697911cbbf0da871677bf5344cc5a9adc2c0bbe41f28aa545d8c|0x1.cc9583509fbc6p+8,0x1.be25cfb7b5465p+9",214,False,False,True,154548893351623560607418990758271/19807040628566084398385987584,3.9090027082149845,112.5241024223102,112.53403894384186,0.009936521531670905,205.07329321564393,153.538761065439,153.54869758697066,False,0.0,0.01846300000033807,SAFE
M3,Q5,1,20,"228e647c73d7697911cbbf0da871677bf5344cc5a9adc2c0bbe41f28aa545d8c|0x1.78e78a57c1488p+8,0x1.d138bf7c4b2d0p+9",376.904454693497,930.4433436743802,"228e647c73d7697911cbbf0da871677bf5344cc5a9adc2c0bbe41f28aa545d8c|0x1.9c13d34cb33e3p+8,0x1.c7930c6308f7dp+9",246,False,False,True,494998568448959813893948479/19807040628566084398385987584,1.2495520763877721e-05,112.42838460159776,112.43764294176215,0.00925834016439353,205.77667033355874,153.5837186683095,153.5929770084739,False,0.0,0.02064109999628272,SAFE
M3,Q5,1,20,"228e647c73d7697911cbbf0da871677bf5344cc5a9adc2c0bbe41f28aa545d8c|0x1.f1a7f284bf561p+9,-0x1.82dbdd6ab5287p+6",995.3120885786303,-96.71471182566357,"228e647c73d7697911cbbf0da871677bf5344cc5a9adc2c0bbe41f28aa545d8c|0x1.f1a7f284bf561p+9,-0x1.82dbdd6ab5287p+6",297,True,True,True,317228108647929614112107471226243/39614081257132168796771975168,4.012029838907097,112.66514058939603,112.67467835293039,0.009537763534353871,204.9999889154273,153.6651383724815,153.67467613601585,False,0.0,0.03553290000127163,SAFE
M3,Q5,1,20,"228e647c73d7697911cbbf0da871677bf5344cc5a9adc2c0bbe41f28aa545d8c|0x1.f67adc8b1d2dep+8,0x1.b04b5fb818ef7p+9",502.4799277254332,864.5888586160426,"228e647c73d7697911cbbf0da871677bf5344cc5a9adc2c0bbe41f28aa545d8c|0x1.f67adc8b1d2dep+8,0x1.b04b5fb818ef7p+9",309,True,True,True,169567656517263193078766071840415/19807040628566084398385987584,4.28969016136557,112.68149930122344,112.69139649708508,0.009897195861640284,204.99999722099477,153.6814987454224,153.69139594128404,False,0.0,0.025751299996045418,SAFE
M3,Q5,1,20,"228e647c73d7697911cbbf0da871677bf5344cc5a9adc2c0bbe41f28aa545d8c|0x1.f1dc69afd8c60p+9,-0x1.2a5ceb9bcbb38p+6",995.7219753082718,-74.59074252539438,"228e647c73d7697911cbbf0da871677bf5344cc5a9adc2c0bbe41f28aa545d8c|0x1.f5857018745dfp+9,-0x1.7a2970addde7bp+5",310,True,True,True,439688497285379223016675251874863/39614081257132168796771975168,5.565134416276578,112.74316937399826,112.75100727832026,0.007837904322002487,204.7023816565337,153.683645705305,153.691483609627,False,0.0,0.027314500010106713,SAFE
M3,Q5,1,20,"228e647c73d7697911cbbf0da871677bf5344cc5a9adc2c0bbe41f28aa545d8c|0x1.f142c4d765b67p+9,-0x1.11a6626af5edcp+7",994.5216321226734,-136.8249696183401,"228e647c73d7697911cbbf0da871677bf5344cc5a9adc2c0bbe41f28aa545d8c|0x1.f1a7f284bf561p+9,-0x1.82dbdd6ab5287p+6",394,False,False,True,4559445377515497396234381135/39614081257132168796771975168,5.754829294346564e-05,112.65555171103343,112.6647304988275,0.009178787794070331,205.77792200050342,153.81113611113412,153.8203148989282,False,0.0,0.021515799991902895,SAFE
M3,Q5,1,20,"228e647c73d7697911cbbf0da871677bf5344cc5a9adc2c0bbe41f28aa545d8c|0x1.f42e76810ff5ep+9,-0x1.508a39a6ae900p+1",1000.3629914596493,-2.6292182983280554,"228e647c73d7697911cbbf0da871677bf5344cc5a9adc2c0bbe41f28aa545d8c|0x1.f5857018745dfp+9,-0x1.7a2970addde7bp+5",419,False,False,True,309099322609597292286663103004847/39614081257132168796771975168,3.9090221701555947,112.82260467880114,112.83257090779608,0.009966228994940707,205.07328931878524,153.8372625425582,153.84722877155315,False,0.0,0.029947200004244223,SAFE
M3,Q5,1,20,"228e647c73d7697911cbbf0da871677bf5344cc5a9adc2c0bbe41f28aa545d8c|0x1.c165e01dea6e2p+8,0x1.bb40ff91d1c7ep+9",449.3979510018672,886.5077993654556,"228e647c73d7697911cbbf0da871677bf5344cc5a9adc2c0bbe41f28aa545d8c|0x1.9c13d34cb33e3p+8,0x1.c7930c6308f7dp+9",477,True,True,True,403039900115981574996982141785215/19807040628566084398385987584,10.226447569204652,113.1840560816582,113.19253615428237,0.008480072624166723,203.78174933332883,153.94040594832398,153.94888602094812,False,0.0,0.034018999998806976,SAFE
M3,Q5,1,20,"228e647c73d7697911cbbf0da871677bf5344cc5a9adc2c0bbe41f28aa545d8c|0x1.0d6d0000b203bp+9,0x1.a7cd8d5c64905p+9",538.8515625828944,847.6058764925989,"228e647c73d7697911cbbf0da871677bf5344cc5a9adc2c0bbe41f28aa545d8c|0x1.f67adc8b1d2dep+8,0x1.b04b5fb818ef7p+9",512,False,False,True,582974789182274278385249375/19807040628566084398385987584,1.4716352779942099e-05,112.85626814670537,112.86576647165404,0.009498324948665982,205.87774673794146,154.03181749429368,154.04131581924233,False,0.0,0.01994010001362767,SAFE
M3,Q5,1,20,"228e647c73d7697911cbbf0da871677bf5344cc5a9adc2c0bbe41f28aa545d8c|0x1.d69583509fbc6p+8,0x1.b57cc94f19ae6p+9",470.58403495693017,874.9748934626957,"228e647c73d7697911cbbf0da871677bf5344cc5a9adc2c0bbe41f28aa545d8c|0x1.cc9583509fbc6p+8,0x1.be25cfb7b5465p+9",547,True,True,True,421927920750315238461450785448063/19807040628566084398385987584,10.70829188558912,113.38320307239829,113.392834151869,0.00963107947070796,203.6988070569525,154.1229644837888,154.13259556325949,False,0.0,0.023359300001175143,SAFE
M3,Q5,1,20,"228e647c73d7697911cbbf0da871677bf5344cc5a9adc2c0bbe41f28aa545d8c|0x1.95f169ae315c9p+8,0x1.c577dc88ec764p+9",405.94301880555264,906.936417689762,"228e647c73d7697911cbbf0da871677bf5344cc5a9adc2c0bbe41f28aa545d8c|0x1.cc9583509fbc6p+8,0x1.be25cfb7b5465p+9",559,True,True,True,407994373478792958311147122599999/19807040628566084398385987584,10.352816348373608,113.43293746172094,113.44088537009281,0.0079479083718752,203.72829695329287,154.1785968523795,154.1865447607514,False,0.0,0.023760800002492033,SAFE
M3,Q5,1,20,"228e647c73d7697911cbbf0da871677bf5344cc5a9adc2c0bbe41f28aa545d8c|0x1.f050f8ed5aee0p+9,-0x1.a096edc1f7523p+5",992.6325966543191,-52.07369567428602,"228e647c73d7697911cbbf0da871677bf5344cc5a9adc2c0bbe41f28aa545d8c|0x1.f1a7f284bf561p+9,-0x1.82dbdd6ab5287p+6",578,True,True,True,799558566454720118896718310259555/39614081257132168796771975168,10.143291089231411,113.46151671073174,113.4714653789061,0.00994866817435991,203.79951123902435,154.22141895853662,154.23136762671098,False,0.0,0.020071199993253686,SAFE
M3,Q5,1,20,"228e647c73d7697911cbbf0da871677bf5344cc5a9adc2c0bbe41f28aa545d8c|0x1.80c1c67b7c0e4p+8,0x1.cb3c12cba48fcp+9",384.75693485048964,918.469323592522,"228e647c73d7697911cbbf0da871677bf5344cc5a9adc2c0bbe41f28aa545d8c|0x1.9c13d34cb33e3p+8,0x1.c7930c6308f7dp+9",586,True,True,True,320253148058937578316324193090239/19807040628566084398385987584,8.117271069694425,113.41186857030324,113.42040193374642,0.008533363443177677,204.16061832561667,154.24399223542656,154.25252559886974,False,0.0,0.025812099993345328,SAFE
M3,Q5,1,20,"228e647c73d7697911cbbf0da871677bf5344cc5a9adc2c0bbe41f28aa545d8c|0x1.db28cfb9e5fdfp+8,0x1.b3f46620b4876p+9",475.1594196497444,871.9093666917313,"228e647c73d7697911cbbf0da871677bf5344cc5a9adc2c0bbe41f28aa545d8c|0x1.f67adc8b1d2dep+8,0x1.b04b5fb818ef7p+9",587,True,True,True,442787504797556016590897827950335/19807040628566084398385987584,11.240704781355703,113.52643681395743,113.53638345101182,0.0099466370543837,203.59530888786452,154.24549859153035,154.25544522858473,False,0.0,0.021400900004664436,SAFE
M3,Q5,1,20,"228e647c73d7697911cbbf0da871677bf5344cc5a9adc2c0bbe41f28aa545d8c|0x1.f0857018745dfp+9,-0x1.df32144848d0bp+4",993.0424833839605,-29.94972637401683,"228e647c73d7697911cbbf0da871677bf5344cc5a9adc2c0bbe41f28aa545d8c|0x1.f5857018745dfp+9,-0x1.7a2970addde7bp+5",617,True,True,True,1687714695255918800789881265458907/79228162514264337593543950336,10.708311101356799,113.67759113337839,113.68516959959173,0.007578466213345791,203.69880320880264,154.4173517751389,154.42493024135226,False,0.0,0.022773000004235655,SAFE
M3,Q5,1,20,"228e647c73d7697911cbbf0da871677bf5344cc5a9adc2c0bbe41f28aa545d8c|0x1.ee3363473d2e0p+9,-0x1.97a51ee0a8732p+6",988.401467232583,-101.91125060108314,"228e647c73d7697911cbbf0da871677bf5344cc5a9adc2c0bbe41f28aa545d8c|0x1.f5857018745dfp+9,-0x1.7a2970addde7bp+5",622,True,True,True,815990197275221652894474547397239/39614081257132168796771975168,10.352834845452662,113.71083787274877,113.71947466373533,0.00863679098655723,203.72829324749907,154.45649652224859,154.46513331323513,False,0.0,0.02187150000827387,SAFE
M3,Q5,1,20,"228e647c73d7697911cbbf0da871677bf5344cc5a9adc2c0bbe41f28aa545d8c|0x1.edfeec1c23be2p+9,-0x1.f02410af91e82p+6",987.9915805029416,-124.03521990135235,"228e647c73d7697911cbbf0da871677bf5344cc5a9adc2c0bbe41f28aa545d8c|0x1.f1a7f284bf561p+9,-0x1.82dbdd6ab5287p+6",630,True,True,True,645403559682745314429186151752055/39614081257132168796771975168,8.179591035944782,113.66181064969916,113.67034049762455,0.008529847925387912,204.1494010958283,154.49169086886482,154.5002207167902,False,0.0,0.02160790000925772,SAFE
M3,Q5,1,20,"228e647c73d7697911cbbf0da871677bf5344cc5a9adc2c0bbe41f28aa545d8c|0x1.a613d34cb33e3p+8,0x1.beea05fa6d5fep+9",422.07744292617843,893.8283074411445,"228e647c73d7697911cbbf0da871677bf5344cc5a9adc2c0bbe41f28aa545d8c|0x1.9c13d34cb33e3p+8,0x1.c7930c6308f7dp+9",652,True,True,True,612453967417640862064375226916095/19807040628566084398385987584,15.581909671083963,114.10897091319264,114.11779384482112,0.008822931628486685,202.69455339085115,154.64788159136288,154.65670452299136,False,0.0,0.03032119999988936,SAFE
M3,Q5,1,20,"228e647c73d7697911cbbf0da871677bf5344cc5a9adc2c0bbe41f28aa545d8c|0x1.bb43767f688c7p+8,0x1.b925cfb7b5465p+9",443.2635268812414,882.2954015383845,"228e647c73d7697911cbbf0da871677bf5344cc5a9adc2c0bbe41f28aa545d8c|0x1.cc9583509fbc6p+8,0x1.be25cfb7b5465p+9",669,True,True,True,657615683143305057587788355697375/19807040628566084398385987584,16.740678863345693,114.26590402047638,114.27449391695679,0.008589896480401649,202.47685736196797,154.76127549286997,154.7698653893504,False,0.0,0.03155980000155978,SAFE
M3,Q5,1,20,"228e647c73d7697911cbbf0da871677bf5344cc5a9adc2c0bbe41f28aa545d8c|0x1.bfd6c2e8aece1p+8,0x1.b79d6c89501f6p+9",447.83891157405566,879.2298747674201,"228e647c73d7697911cbbf0da871677bf5344cc5a9adc2c0bbe41f28aa545d8c|0x1.f67adc8b1d2dep+8,0x1.b04b5fb818ef7p+9",681,True,True,True,684316088072138137342720188011135/19807040628566084398385987584,17.426406499955306,114.39558272825857,114.40533480659583,0.00975207833725733,202.3428350260904,154.86414973347667,154.8739018118139,False,0.0,0.0345651999959955,SAFE
M3,Q5,1,20,"228e647c73d7697911cbbf0da871677bf5344cc5a9adc2c0bbe41f28aa545d8c|0x1.eca7f284bf561p+9,-0x1.3d93aa25d868cp+6",985.3120885786303,-79.39420374997479,"228e647c73d7697911cbbf0da871677bf5344cc5a9adc2c0bbe41f28aa545d8c|0x1.f1a7f284bf561p+9,-0x1.82dbdd6ab5287p+6",686,True,True,True,1222807812506653082342910819311071/39614081257132168796771975168,15.554983197299407,114.3798703334182,114.38869272629077,0.008822392872573914,202.7011230608744,154.92009494559306,154.92891733846565,False,0.0,0.02674420000403188,SAFE
M3,Q5,1,20,"228e647c73d7697911cbbf0da871677bf5344cc5a9adc2c0bbe41f28aa545d8c|0x1.ecdc69afd8c60p+9,-0x1.ca2970addde7bp+5",985.7219753082718,-57.270234449705605,"228e647c73d7697911cbbf0da871677bf5344cc5a9adc2c0bbe41f28aa545d8c|0x1.f5857018745dfp+9,-0x1.7a2970addde7bp+5",711,True,True,True,1315232842634910074642736816138355/39614081257132168796771975168,16.740697814740315,114.5553226259942,114.56479248605315,0.00946986005895667,202.4768535661398,155.05069333922216,155.0601631992811,False,0.0,0.02954160000081174,SAFE
M3,Q5,1,20,"228e647c73d7697911cbbf0da871677bf5344cc5a9adc2c0bbe41f28aa545d8c|0x1.0de674ae2a2eep+9,0x1.a3f952e6e1bf8p+9",539.8004358011219,839.947842464665,"228e647c73d7697911cbbf0da871677bf5344cc5a9adc2c0bbe41f28aa545d8c|0x1.f67adc8b1d2dep+8,0x1.b04b5fb818ef7p+9",714,True,True,True,235130322838322221920843707433023/19807040628566084398385987584,5.953244377522083,114.15659852183968,114.16592976302643,0.009331241186743,204.68944774846034,155.09448807153177,155.10381931271849,False,0.0,0.02144820000103209,SAFE
M3,Q5,1,20,"228e647c73d7697911cbbf0da871677bf5344cc5a9adc2c0bbe41f28aa545d8c|0x1.656fb9aa44de6p+8,0x1.cee519344027cp+9",357.4364267748009,925.7898316682108,"228e647c73d7697911cbbf0da871677bf5344cc5a9adc2c0bbe41f28aa545d8c|0x1.9c13d34cb33e3p+8,0x1.c7930c6308f7dp+9",718,True,True,True,450439052846331543996933789964607/19807040628566084398385987584,11.436072160437448,114.42918665846634,114.4379667836666,0.008780125200260613,203.4789773860992,155.12498213568617,155.13376226088644,False,0.0,0.028518999999505468,SAFE
M3,Q5,1,20,"228e647c73d7697911cbbf0da871677bf5344cc5a9adc2c0bbe41f28aa545d8c|0x1.ea55e5b388262p+9,-0x1.2eb621fa3753ep+7",980.6710724272527,-151.3557279770411,"228e647c73d7697911cbbf0da871677bf5344cc5a9adc2c0bbe41f28aa545d8c|0x1.f1a7f284bf561p+9,-0x1.82dbdd6ab5287p+6",741,True,True,True,910196480706158533315326128092031/39614081257132168796771975168,11.555054355763673,114.67345382524877,114.68287975832287,0.009425933074098225,203.4564746927727,155.3647487638033,155.37417469687742,False,0.0,0.03543609999178443,SAFE
M3,Q5,1,20,"228e647c73d7697911cbbf0da871677bf5344cc5a9adc2c0bbe41f28aa545d8c|0x1.8ac1c67b7c0e4p+8,0x1.c2930c6308f7dp+9",394.75693485048964,901.1488155168332,"228e647c73d7697911cbbf0da871677bf5344cc5a9adc2c0bbe41f28aa545d8c|0x1.9c13d34cb33e3p+8,0x1.c7930c6308f7dp+9",746,True,True,True,790176769713598375312302255610079/19807040628566084398385987584,20.1498747042059,115.0533282296121,115.06202075363534,0.00869252402323184,201.764044003974,155.4061370304069,155.41482955443013,False,0.0,0.02481160000024829,SAFE
M3,Q5,1,20,"228e647c73d7697911cbbf0da871677bf5344cc5a9adc2c0bbe41f28aa545d8c|0x1.9ff169ae315c9p+8,0x1.bcced62050de4p+9",415.94301880555264,889.6159096140732,"228e647c73d7697911cbbf0da871677bf5344cc5a9adc2c0bbe41f28aa545d8c|0x1.cc9583509fbc6p+8,0x1.be25cfb7b5465p+9",751,True,True,True,861612180530588194561094903953471/19807040628566084398385987584,21.99197270150171,115.17117268124828,115.17940024931163,0.008227568063347235,201.41029112870348,155.45323090698898,155.46145847505232,False,0.0,0.026160300010815263,SAFE
M3,Q5,1,20,"228e647c73d7697911cbbf0da871677bf5344cc5a9adc2c0bbe41f28aa545d8c|0x1.003d6e458e96fp+9,0x1.a7a2594f7d578p+9",512.4799277254332,847.2683505403538,"228e647c73d7697911cbbf0da871677bf5344cc5a9adc2c0bbe41f28aa545d8c|0x1.f67adc8b1d2dep+8,0x1.b04b5fb818ef7p+9",754,True,True,True,555887068627168661953045992040127/19807040628566084398385987584,14.132425157467992,114.87208345601199,114.88203072626561,0.009947270253618967,203.04033267482026,155.48014999097603,155.49009726122966,False,0.0,0.027072899989434518,SAFE
M3,Q5,1,20,"228e647c73d7697911cbbf0da871677bf5344cc5a9adc2c0bbe41f28aa545d8c|0x1.e8feec1c23be2p+9,-0x1.aadbdd6ab5287p+6",977.9915805029416,-106.71471182566357,"228e647c73d7697911cbbf0da871677bf5344cc5a9adc2c0bbe41f28aa545d8c|0x1.f1a7f284bf561p+9,-0x1.82dbdd6ab5287p+6",767,True,True,True,1582674528547174565783744833977187/39614081257132168796771975168,20.179772591073174,115.31735854672108,115.32581999127005,0.008461444548970576,201.75930079715937,155.66921870615295,155.67768015070192,False,0.0,0.03137709999282379,SAFE
M3,Q5,1,20,"228e647c73d7697911cbbf0da871677bf5344cc5a9adc2c0bbe41f28aa545d8c|0x1.e93363473d2e0p+9,-0x1.525ceb9bcbb38p+6",978.401467232583,-84.59074252539438,"228e647c73d7697911cbbf0da871677bf5344cc5a9adc2c0bbe41f28aa545d8c|0x1.f5857018745dfp+9,-0x1.7a2970addde7bp+5",771,True,True,True,1723225807630458113620793311206447/39614081257132168796771975168,21.9919913703377,115.45685346681316,115.46509861533985,0.008245148526697221,201.4102873888095,155.73891094457505,155.74715609310175,False,0.0,0.02183899999363348,SAFE
M3,Q5,1,20,"228e647c73d7697911cbbf0da871677bf5344cc5a9adc2c0bbe41f28aa545d8c|0x1.e09583509fbc6p+8,0x1.acd3c2e67e166p+9",480.58403495693017,857.6543853870069,"228e647c73d7697911cbbf0da871677bf5344cc5a9adc2c0bbe41f28aa545d8c|0x1.cc9583509fbc6p+8,0x1.be25cfb7b5465p+9",779,True,True,True,828008830293551781737146781872255/19807040628566084398385987584,21.125014573039266,115.44402669142973,115.45223256612115,0.008205874691427084,201.62472473512057,155.76897163845385,155.77717751314526,False,0.0,0.02711940000881441,SAFE
M3,Q5,1,20,"228e647c73d7697911cbbf0da871677bf5344cc5a9adc2c0bbe41f28aa545d8c|0x1.e528cfb9e5fdfp+8,0x1.ab4b5fb818ef7p+9",485.1594196497444,854.5888586160426,"228e647c73d7697911cbbf0da871677bf5344cc5a9adc2c0bbe41f28aa545d8c|0x1.f67adc8b1d2dep+8,0x1.b04b5fb818ef7p+9",786,True,True,True,844952549410314324153079662778655/19807040628566084398385987584,21.562062321673807,115.62374418983757,115.63287801111404,0.009133821276478216,201.5402533574786,155.9317948613333,155.94092868260975,False,0.0,0.025354800003697164,SAFE
M3,Q5,1,20,"228e647c73d7697911cbbf0da871677bf5344cc5a9adc2c0bbe41f28aa545d8c|0x1.b013d34cb33e3p+8,0x1.b640ff91d1c7ep+9",432.07744292617843,876.5077993654556,"228e647c73d7697911cbbf0da871677bf5344cc5a9adc2c0bbe41f28aa545d8c|0x1.9c13d34cb33e3p+8,0x1.c7930c6308f7dp+9",801,True,True,True,1050686324066599940727522811686143/19807040628566084398385987584,26.884438178700748,115.96914869701764,115.97792971621463,0.008781019196987927,200.44378619276682,156.057905935571,156.066686954768,False,0.0,0.021628300004522316,SAFE
M3,Q5,1,20,"228e647c73d7697911cbbf0da871677bf5344cc5a9adc2c0bbe41f28aa545d8c|0x1.eb857018745dfp+9,-0x1.94228e69aba40p+3",983.0424833839605,-12.629218298328055,"228e647c73d7697911cbbf0da871677bf5344cc5a9adc2c0bbe41f28aa545d8c|0x1.f5857018745dfp+9,-0x1.7a2970addde7bp+5",802,True,True,True,1656019162966078763586781367698063/39614081257132168796771975168,21.125033944960023,115.74858931230501,115.75806273740304,0.009473425098022403,201.62472085600336,156.07353348350568,156.08300690860372,False,0.0,0.021268500000587665,SAFE
M3,Q5,1,20,"228e647c73d7697911cbbf0da871677bf5344cc5a9adc2c0bbe41f28aa545d8c|0x1.6f6fb9aa44de6p+8,0x1.c63c12cba48fcp+9",367.4364267748009,908.469323592522,"228e647c73d7697911cbbf0da871677bf5344cc5a9adc2c0bbe41f28aa545d8c|0x1.9c13d34cb33e3p+8,0x1.c7930c6308f7dp+9",814,True,True,True,936208307003849315634333159663935/19807040628566084398385987584,23.919286371492376,116.01444617730846,116.02395760712012,0.009511429811666972,200.99245287813386,156.21293675293524,156.22244818274692,False,0.0,0.020983399997930974,SAFE
M3,Q5,1,20,"228e647c73d7697911cbbf0da871677bf5344cc5a9adc2c0bbe41f28aa545d8c|0x1.c543767f688c7p+8,0x1.b07cc94f19ae6p+9",453.2635268812414,864.9748934626957,"228e647c73d7697911cbbf0da871677bf5344cc5a9adc2c0bbe41f28aa545d8c|0x1.cc9583509fbc6p+8,0x1.be25cfb7b5465p+9",822,True,True,True,1079542225189390587934639220098815/19807040628566084398385987584,27.633275994690052,116.24302997179564,116.25288519482186,0.009855223026221438,200.30789959667516,156.30460989113067,156.3144651141569,False,0.0,0.023138500007917173,SAFE
M3,Q5,1,20,"228e647c73d7697911cbbf0da871677bf5344cc5a9adc2c0bbe41f28aa545d8c|0x1.e7a7f284bf561p+9,-0x1.f096edc1f7523p+5",975.3120885786303,-62.07369567428602,"228e647c73d7697911cbbf0da871677bf5344cc5a9adc2c0bbe41f28aa545d8c|0x1.f1a7f284bf561p+9,-0x1.82dbdd6ab5287p+6",826,True,True,True,2096696251359670764832658104907075/39614081257132168796771975168,26.82378496506351,116.25640397415906,116.26602557112653,0.00962159696747733,200.4570862181542,156.34782121778989,156.35744281475738,False,0.0,0.020405000002938323,SAFE
M3,Q5,1,20,"228e647c73d7697911cbbf0da871677bf5344cc5a9adc2c0bbe41f28aa545d8c|0x1.c9d6c2e8aece1p+8,0x1.aef46620b4876p+9",457.83891157405566,861.9093666917313,"228e647c73d7697911cbbf0da871677bf5344cc5a9adc2c0bbe41f28aa545d8c|0x1.f67adc8b1d2dep+8,0x1.b04b5fb818ef7p+9",839,True,True,True,1102326765187753209858918781231743/19807040628566084398385987584,28.224963970293857,116.40782274581177,116.41755743291787,0.009734687106103479,200.192645900634,156.4463519259386,156.45608661304468,False,0.0,0.026151199999731034,SAFE
M3,Q5,1,20,"228e647c73d7697911cbbf0da871677bf5344cc5a9adc2c0bbe41f28aa545d8c|0x1.e555e5b388262p+9,-0x1.0c120857c8f41p+7",970.6710724272527,-134.03521990135235,"228e647c73d7697911cbbf0da871677bf5344cc5a9adc2c0bbe41f28aa545d8c|0x1.f1a7f284bf561p+9,-0x1.82dbdd6ab5287p+6",843,True,True,True,1879158714576293304410419877400951/39614081257132168796771975168,24.006472884326627,116.27169515815635,116.28049106344251,0.008795905286163475,200.97630173274285,156.4669555047049,156.4757514099911,False,0.0,0.020557399999233894,SAFE
M3,Q5,1,20,"228e647c73d7697911cbbf0da871677bf5344cc5a9adc2c0bbe41f28aa545d8c|0x1.e7dc69afd8c60p+9,-0x1.3f990a2424685p+5",975.7219753082718,-39.94972637401683,"228e647c73d7697911cbbf0da871677bf5344cc5a9adc2c0bbe41f28aa545d8c|0x1.f5857018745dfp+9,-0x1.7a2970addde7bp+5",849,True,True,True,2159085922978735220362809126971335/39614081257132168796771975168,27.633295109725736,116.5434949403341,116.55303840253393,0.009543462199829378,200.30789576838256,156.6050740940106,156.61461755621045,False,0.0,0.018608800004585646,SAFE
M3,Q5,1,20,"228e647c73d7697911cbbf0da871677bf5344cc5a9adc2c0bbe41f28aa545d8c|0x1.94c1c67b7c0e4p+8,0x1.b9ea05fa6d5fep+9",404.75693485048964,883.8283074411445,"228e647c73d7697911cbbf0da871677bf5344cc5a9adc2c0bbe41f28aa545d8c|0x1.9c13d34cb33e3p+8,0x1.c7930c6308f7dp+9",859,True,True,True,1244254758865406356138376540353791/19807040628566084398385987584,31.91881118671847,116.84458004769498,116.85332124428322,0.00874119658824668,199.4202307728125,156.7286262022575,156.73736739884572,False,0.0,0.01953479999792762,SAFE
M3,Q5,1,20,"228e647c73d7697911cbbf0da871677bf5344cc5a9adc2c0bbe41f28aa545d8c|0x1.a9f169ae315c9p+8,0x1.b425cfb7b5465p+9",425.94301880555264,872.2954015383845,"228e647c73d7697911cbbf0da871677bf5344cc5a9adc2c0bbe41f28aa545d8c|0x1.cc9583509fbc6p+8,0x1.be25cfb7b5465p+9",873,True,True,True,1299384355079526541077849546131039/19807040628566084398385987584,33.357431719974215,117.07198499286866,117.08014455814701,0.008159565278347714,199.1470291108467,156.901390815038,156.90955038031635,False,0.0,0.022902699987753294,SAFE
M3,Q5,1,20,"228e647c73d7697911cbbf0da871677bf5344cc5a9adc2c0bbe41f28aa545d8c|0x1.e3feec1c23be2p+9,-0x1.6593aa25d868cp+6",967.9915805029416,-89.39420374997479,"228e647c73d7697911cbbf0da871677bf5344cc5a9adc2c0bbe41f28aa545d8c|0x1.f1a7f284bf561p+9,-0x1.82dbdd6ab5287p+6",877,True,True,True,2488254232405898067791545387340735/39614081257132168796771975168,31.915482800320433,117.12404382925692,117.13243773815246,0.008393908895541813,199.4221205098509,157.0084679312271,157.01686184012266,False,0.0,0.026473399993847124,SAFE
M3,Q5,1,20,"228e647c73d7697911cbbf0da871677bf5344cc5a9adc2c0bbe41f28aa545d8c|0x1.e43363473d2e0p+9,-0x1.0d14b856eef3dp+6",968.401467232583,-67.2702344497056,"228e647c73d7697911cbbf0da871677bf5344cc5a9adc2c0bbe41f28aa545d8c|0x1.f5857018745dfp+9,-0x1.7a2970addde7bp+5",889,True,True,True,2598770152979988942642049194327355/39614081257132168796771975168,33.35745055936866,117.36731620099954,117.37696603439878,0.009649833399237195,199.14702533710246,157.19672126842005,157.2063711018193,False,0.0,0.01947699999436736,SAFE
M3,Q5,1,20,"228e647c73d7697911cbbf0da871677bf5344cc5a9adc2c0bbe41f28aa545d8c|0x1.796fb9aa44de6p+8,0x1.bd930c6308f7dp+9",377.4364267748009,891.1488155168332,"228e647c73d7697911cbbf0da871677bf5344cc5a9adc2c0bbe41f28aa545d8c|0x1.9c13d34cb33e3p+8,0x1.c7930c6308f7dp+9",905,True,True,True,1406131928658510112630311222183775/19807040628566084398385987584,36.149140370000055,117.74212308834461,117.750855726242,0.008732637897381323,198.5566550293308,157.45345409421077,157.46218673210817,False,0.0,0.02333330000692513,SAFE
M3,Q5,1,20,"228e647c73d7697911cbbf0da871677bf5344cc5a9adc2c0bbe41f28aa545d8c|0x1.053d6e458e96fp+9,0x1.9ef952e6e1bf8p+9",522.4799277254332,829.947842464665,"228e647c73d7697911cbbf0da871677bf5344cc5a9adc2c0bbe41f28aa545d8c|0x1.f67adc8b1d2dep+8,0x1.b04b5fb818ef7p+9",908,True,True,True,926360848234225041494992800331455/19807040628566084398385987584,23.664643100107128,117.29122175227069,117.29825336764748,0.007031615376789091,201.14267216368052,157.5197561850068,157.52678780038357,False,0.0,0.02145639999071136,SAFE
M3,Q5,1,20,"228e647c73d7697911cbbf0da871677bf5344cc5a9adc2c0bbe41f28aa545d8c|0x1.e055e5b388262p+9,-0x1.d2dbdd6ab5287p+6",960.6710724272527,-116.71471182566357,"228e647c73d7697911cbbf0da871677bf5344cc5a9adc2c0bbe41f28aa545d8c|0x1.f1a7f284bf561p+9,-0x1.82dbdd6ab5287p+6",924,True,True,True,2816429683440722499469983217494883/39614081257132168796771975168,36.20369404435462,118.01602509143773,118.02512795596373,0.009102864525999621,198.5470209902571,157.72542928948914,157.73453215401514,False,0.0,0.021842499991180375,SAFE
M3,Q5,1,20,"228e647c73d7697911cbbf0da871677bf5344cc5a9adc2c0bbe41f28aa545d8c|0x1.ef28cfb9e5fdfp+8,0x1.a2a2594f7d578p+9",495.1594196497444,837.2683505403538,"228e647c73d7697911cbbf0da871677bf5344cc5a9adc2c0bbe41f28aa545d8c|0x1.f67adc8b1d2dep+8,0x1.b04b5fb818ef7p+9",930,True,True,True,1231271961520219815545357719830847/19807040628566084398385987584,31.580332761068917,117.93369482805154,117.94327964377784,0.009584815726299212,199.54574183820486,157.84284319569252,157.85242801141882,False,0.0,0.019980800003395416,SAFE
M3,Q5,1,20,"228e647c73d7697911cbbf0da871677bf5344cc5a9adc2c0bbe41f28aa545d8c|0x1.cf43767f688c7p+8,0x1.a7d3c2e67e166p+9",463.2635268812414,847.6543853870069,"228e647c73d7697911cbbf0da871677bf5344cc5a9adc2c0bbe41f28aa545d8c|0x1.cc9583509fbc6p+8,0x1.be25cfb7b5465p+9",940,True,True,True,1485623134732627108692337079670527/19807040628566084398385987584,38.23329268292787,118.41657570884031,118.42584226480807,0.009266555967755608,198.1974174158931,158.05605919201895,158.0653257479867,False,0.0,0.02055290000862442,SAFE
M3,Q5,1,20,"228e647c73d7697911cbbf0da871677bf5344cc5a9adc2c0bbe41f28aa545d8c|0x1.9ec1c67b7c0e4p+8,0x1.b140ff91d1c7ep+9",414.75693485048964,866.5077993654556,"228e647c73d7697911cbbf0da871677bf5344cc5a9adc2c0bbe41f28aa545d8c|0x1.9c13d34cb33e3p+8,0x1.c7930c6308f7dp+9",948,True,True,True,1682487115514365412283525988271359/19807040628566084398385987584,43.4143487245434,118.802119572524,118.81044978328585,0.008330210761840817,197.13110954426284,158.22834148137656,158.23667169213843,False,0.0,0.022831000009318814,SAFE
M3,Q5,1,20,"228e647c73d7697911cbbf0da871677bf5344cc5a9adc2c0bbe41f28aa545d8c|0x1.d3d6c2e8aece1p+8,0x1.a64b5fb818ef7p+9",467.83891157405566,844.5888586160426,"228e647c73d7697911cbbf0da871677bf5344cc5a9adc2c0bbe41f28aa545d8c|0x1.f67adc8b1d2dep+8,0x1.b04b5fb818ef7p+9",950,True,True,True,1504491809800511517421100616060063/19807040628566084398385987584,38.72866751500237,118.61860539712315,118.62827626650096,0.009670869377814029,198.10138138098822,158.2388816733208,158.2485525426986,False,0.0,0.029620499990414828,SAFE
M3,Q5,1,20,"228e647c73d7697911cbbf0da871677bf5344cc5a9adc2c0bbe41f28aa545d8c|0x1.e2dc69afd8c60p+9,-0x1.6a114734d5d20p+4",965.7219753082718,-22.629218298328055,"228e647c73d7697911cbbf0da871677bf5344cc5a9adc2c0bbe41f28aa545d8c|0x1.f5857018745dfp+9,-0x1.7a2970addde7bp+5",954,True,True,True,2971247738316854602547092076839023/39614081257132168796771975168,38.233311959446496,118.72560063169888,118.73489149174024,0.009290860041360816,198.1974135555757,158.36508334281402,158.3743742028554,False,0.0,0.02133089999551885,SAFE
M3,Q5,1,20,"228e647c73d7697911cbbf0da871677bf5344cc5a9adc2c0bbe41f28aa545d8c|0x1.defeec1c23be2p+9,-0x1.204b76e0fba92p+6",957.9915805029416,-72.07369567428603,"228e647c73d7697911cbbf0da871677bf5344cc5a9adc2c0bbe41f28aa545d8c|0x1.f1a7f284bf561p+9,-0x1.82dbdd6ab5287p+6",959,True,True,True,3362142671258915736404992876161975/39614081257132168796771975168,43.37698812761562,119.10085212871212,119.1098419382639,0.008989809551778194,197.13979139394044,158.5288104075002,158.537800217052,False,0.0,0.023956300006830133,SAFE
M3,Q5,1,20,"228e647c73d7697911cbbf0da871677bf5344cc5a9adc2c0bbe41f28aa545d8c|0x1.b3f169ae315c9p+8,0x1.ab7cc94f19ae6p+9",435.94301880555264,854.9748934626957,"228e647c73d7697911cbbf0da871677bf5344cc5a9adc2c0bbe41f28aa545d8c|0x1.cc9583509fbc6p+8,0x1.be25cfb7b5465p+9",961,True,True,True,1721310897125612071424700410532479/19807040628566084398385987584,44.439427267057795,119.1555040550633,119.16359564289573,0.008091587832424807,196.94044744105878,158.54359354327505,158.5516851311075,False,0.0,0.035951700003352016,SAFE
M3,Q5,1,20,"228e647c73d7697911cbbf0da871677bf5344cc5a9adc2c0bbe41f28aa545d8c|0x1.df3363473d2e0p+9,-0x1.8f990a2424685p+5",958.401467232583,-49.94972637401683,"228e647c73d7697911cbbf0da871677bf5344cc5a9adc2c0bbe41f28aa545d8c|0x1.f5857018745dfp+9,-0x1.7a2970addde7bp+5",970,True,True,True,3442623233323813992747436967827399/39614081257132168796771975168,44.439446275428736,119.46007616128857,119.46971941363645,0.009643252347885323,196.94044363379044,158.84816488804665,158.85780814039455,False,0.0,0.03463219999684952,SAFE
M3,Q5,1,20,"228e647c73d7697911cbbf0da871677bf5344cc5a9adc2c0bbe41f28aa545d8c|0x1.836fb9aa44de6p+8,0x1.b4ea05fa6d5fep+9",387.4364267748009,873.8283074411445,"228e647c73d7697911cbbf0da871677bf5344cc5a9adc2c0bbe41f28aa545d8c|0x1.9c13d34cb33e3p+8,0x1.c7930c6308f7dp+9",971,True,True,True,1860209917810318093456385506927487/19807040628566084398385987584,48.11586855256223,119.62721105356532,119.63482708190584,0.007616028340521552,196.17352281918969,158.86191561740327,158.8695316457438,False,0.0,0.020979900000384077,SAFE
M3,Q5,1,20,"228e647c73d7697911cbbf0da871677bf5344cc5a9adc2c0bbe41f28aa545d8c|0x1.db55e5b388262p+9,-0x1.8d93aa25d868cp+6",950.6710724272527,-99.39420374997479,"228e647c73d7697911cbbf0da871677bf5344cc5a9adc2c0bbe41f28aa545d8c|0x1.f1a7f284bf561p+9,-0x1.82dbdd6ab5287p+6",981,True,True,True,3722009387299445945182788428727231/39614081257132168796771975168,48.136945892003155,119.91661601464845,119.92606832722494,0.009452312576485156,196.17057259830284,159.15073053430902,159.1601828468855,False,0.0,0.02215650001016911,SAFE
M3,Q5,1,20,"228e647c73d7697911cbbf0da871677bf5344cc5a9adc2c0bbe41f28aa545d8c|0x1.f928cfb9e5fdfp+8,0x1.99f952e6e1bf8p+9",505.1594196497444,819.947842464665,"228e647c73d7697911cbbf0da871677bf5344cc5a9adc2c0bbe41f28aa545d8c|0x1.f67adc8b1d2dep+8,0x1.b04b5fb818ef7p+9",1011,True,True,True,1601745741127276172569306391269695/19807040628566084398385987584,41.28601454755665,120.48351686249455,120.49336811157349,0.009851249078934643,197.61365513621567,160.0062478897377,160.01609913881663,False,0.0,0.02112920000217855,SAFE
M3,Q5,1,20,"228e647c73d7697911cbbf0da871677bf5344cc5a9adc2c0bbe41f28aa545d8c|0x1.ddd6c2e8aece1p+8,0x1.9da2594f7d578p+9",477.83891157405566,827.2683505403538,"228e647c73d7697911cbbf0da871677bf5344cc5a9adc2c0bbe41f28aa545d8c|0x1.f67adc8b1d2dep+8,0x1.b04b5fb818ef7p+9",1016,True,True,True,1890811221910417008813378673112255/19807040628566084398385987584,48.92774792635828,121.04991982091732,121.0591433518583,0.009223530940971614,196.0709762596126,160.26411507283984,160.27333860378081,False,0.0,0.020182399995974265,SAFE
M3,Q5,1,20,"228e647c73d7697911cbbf0da871677bf5344cc5a9adc2c0bbe41f28aa545d8c|0x1.bdf169ae315c9p+8,0x1.a2d3c2e67e166p+9",445.94301880555264,837.6543853870069,"228e647c73d7697911cbbf0da871677bf5344cc5a9adc2c0bbe41f28aa545d8c|0x1.cc9583509fbc6p+8,0x1.be25cfb7b5465p+9",1021,True,True,True,2127391806668848547146401996399231/19807040628566084398385987584,55.22798437273104,121.44078196919038,121.45040001086922,0.009618041678834288,194.7925230750141,160.3992865841932,160.40890462587203,False,0.0,0.024253800002043135,SAFE
M3,Q5,1,20,"228e647c73d7697911cbbf0da871677bf5344cc5a9adc2c0bbe41f28aa545d8c|0x1.8d6fb9aa44de6p+8,0x1.ac40ff91d1c7ep+9",397.4364267748009,856.5077993654556,"228e647c73d7697911cbbf0da871677bf5344cc5a9adc2c0bbe41f28aa545d8c|0x1.9c13d34cb33e3p+8,0x1.c7930c6308f7dp+9",1024,True,True,True,2298442274459277104565538681140095/19807040628566084398385987584,59.80942368400861,121.68567131895774,121.69459526815558,0.008923949197836123,193.84505010207468,160.45468133937268,160.46360528857053,False,0.0,0.025405699998373166,SAFE
M3,Q5,1,20,"228e647c73d7697911cbbf0da871677bf5344cc5a9adc2c0bbe41f28aa545d8c|0x1.da3363473d2e0p+9,-0x1.0508a39a6ae90p+5",948.401467232583,-32.629218298328055,"228e647c73d7697911cbbf0da871677bf5344cc5a9adc2c0bbe41f28aa545d8c|0x1.f5857018745dfp+9,-0x1.7a2970addde7bp+5",1028,True,True,True,4254785048661933313007225041350767/39614081257132168796771975168,55.22800354808612,121.7557387090434,121.7654092347934,0.009670525749996273,194.79251923462908,160.71424255596924,160.72391308171922,False,0.0,0.020265800005290657,SAFE
M3,Q5,1,20,"228e647c73d7697911cbbf0da871677bf5344cc5a9adc2c0bbe41f28aa545d8c|0x1.d655e5b388262p+9,-0x1.484b76e0fba91p+6",940.6710724272527,-82.07369567428601,"228e647c73d7697911cbbf0da871677bf5344cc5a9adc2c0bbe41f28aa545d8c|0x1.f1a7f284bf561p+9,-0x1.82dbdd6ab5287p+6",1031,True,True,True,4595897826152463641548835511097995/39614081257132168796771975168,59.796177322247445,121.99460596237114,122.0040368394515,0.009430877080362166,193.8489510718101,160.76439617673316,160.77382705381353,False,0.0,0.020996999999624677,SAFE
M3,Q5,1,20,"228e647c73d7697911cbbf0da871677bf5344cc5a9adc2c0bbe41f28aa545d8c|0x1.e7d6c2e8aece1p+8,0x1.94f952e6e1bf8p+9",487.83891157405566,809.947842464665,"228e647c73d7697911cbbf0da871677bf5344cc5a9adc2c0bbe41f28aa545d8c|0x1.f67adc8b1d2dep+8,0x1.b04b5fb818ef7p+9",1065,True,True,True,2261285001517473320801331070846143/19807040628566084398385987584,58.81230210367994,123.7317180237095,123.74094768474042,0.009229661030914826,194.10339089068975,162.55239620184744,162.56162586287837,False,0.0,0.01960529999632854,SAFE
