id,step,node,probability_range,mean_probability
14,7,0,6.409660720430033e-05,0.35519683062980384
14,7,1,0.0002940740270476194,0.3158359831051107
14,7,2,0.0002525355883596925,0.5605387022761108
14,7,3,0.00014888233283116836,0.7288734859863002
14,7,4,0.0003356533343706891,0.6896230340838051
14,7,5,0.00029027164647943415,0.6929049327921867
14,7,6,4.543583893368286e-05,0.6563840861985958
14,7,7,0.0003217323342333822,0.8115066895506461
14,7,8,0.00014059869522820012,0.7292830583701201
14,7,9,0.0004110224491600256,0.6897368717033013
14,7,10,0.00023460258159779812,0.5695876918633485
14,7,11,0.00029062001846369423,0.6629663680395353
14,7,12,0.00013695358593790452,0.4274218921625577
14,7,13,0.00037774686817793057,0.3965828978951637
14,7,14,6.701770907513449e-05,0.21041615376545095
14,7,15,0.00010452090133539205,0.1682051091659834
14,7,16,0.00010332252517319951,0.18199112141185148
14,7,17,0.00017299506410028975,0.09885560850978714
17,1,0,0.00018499224078716292,0.8683275458286754
17,1,1,4.9329895427163706e-05,0.8683664594649686
17,1,2,0.00017772913797919898,0.8042715061177766
17,1,3,9.904047498920932e-05,0.7591153163302738
17,1,4,0.0004052815008297461,0.7384209363809043
17,1,5,4.2371810325625425e-05,0.8041923518253017
17,1,6,0.0001850526769663352,0.7590662969602547
17,1,7,0.00023089030970724345,0.7385213514155144
17,1,8,2.7852437718189904e-05,0.8042255650118898
17,1,9,4.878596943314051e-05,0.7590828355786351
17,1,10,0.0002437029920424605,0.7386157096712457
17,1,11,0.0001665059424286186,0.8042911029258365
17,1,12,2.2390458650711764e-05,0.7590514820127808
17,1,13,0.00022204327731867313,0.738616610122984
17,1,14,0.0001546464500828959,0.8683057815357405
17,1,15,0.0001854445562664564,0.8042237244814885
17,1,16,0.00014339824766673726,0.7591239581427193
17,1,17,0.00034947215308600565,0.7384998436229457
17,1,18,7.006791598884732e-05,0.8041809615121714
17,1,19,0.0003436020799849615,0.7590399294734181
17,1,20,0.00027552567385757953,0.7384808015848975
17,1,21,0.00013510182061016174,0.8682839823662972
17,1,22,0.000162030919610201,0.8683610353271183
17,1,23,0.00013615593032967332,0.8683532883749434
19,11,0,0.0001376314527108402,0.06556942280986733
19,11,1,9.296636418210102e-05,0.0709968568718106
19,11,2,0.00011639356312043159,0.1290347725065141
19,11,3,0.0003092631308158067,0.3051268510925403
19,11,4,3.520192629935526e-05,0.2793916385386199
19,11,5,0.00025632143378717664,0.43565334362538155
19,11,6,0.0001314682498918529,0.5191049460187981
19,11,7,0.00010776112852539654,0.5720951557735788
19,11,8,0.00011118459669801073,0.5356860109482575
19,11,9,0.00012452963435272135,0.43521245986845747
19,11,10,0.00034057865608305704,0.5189251684823291
19,11,11,0.00016745668235629285,0.29375086163009384
19,11,12,0.00023912902011713477,0.2677480678465241
19,11,13,0.00023863164102078116,0.07350259287667664
25,20,0,0.00018483966879989655,0.0178764053828319
25,20,1,0.00014436747290302865,0.11916830349899328
25,20,2,0.00044293821759322505,0.1644735518905817
25,20,3,0.0002828607215543677,0.1805763707803418
25,20,4,0.00027107462053299614,0.10301336762005193
26,17,0,0.00013985502529689775,0.018540182479111267
26,17,1,0.00034397055339452365,0.38220195377808586
26,17,2,0.0005872764633817473,0.3049624410248154
26,17,3,0.0003710084921210166,0.28600179072883264
26,17,4,0.0002710069379538993,0.41891861233494404
26,17,5,0.00013950088968539553,0.3738602082068326
26,17,6,0.000619519326813589,0.3617828563921093
26,17,7,6.448630616029405e-05,0.11768761200978221
32,5,0,9.533041275111565e-05,0.12038987315516574
32,5,1,0.0002358703313366517,0.42793385989555155
32,5,2,0.00013779420791348862,0.39544034329675243
32,5,3,0.00037514813649075496,0.5866885183232659
32,5,4,0.0002955314569561551,0.7492643996054204
32,5,5,0.0002832897506195309,0.709169567348261
32,5,6,0.00041817452122927534,0.7127256887344579
32,5,7,0.00013150515594340106,0.8404717944554124
32,5,8,0.00022957357969854986,0.6818749712108682
32,5,9,3.5898820351487615e-05,0.8404779740650437
32,5,10,0.0002454254265125133,0.6819771594088856
32,5,11,0.00019629999922798902,0.12041608206523764
32,5,12,0.0005565999591446991,0.39553888415238186
32,5,13,0.0004031550385913407,0.4278846768272954
32,5,14,9.891798977723631e-05,0.586647361879599
32,5,15,0.00017315223557035075,0.7492776161550809
32,5,16,0.0001827338660616018,0.7092113720132417
32,5,17,0.0002601423223347332,0.7127105044995069
32,5,18,0.0002316304428753302,0.7801781327868476
32,5,19,8.036284689505457e-05,0.733967154340133
33,0,0,1.919368775027408e-09,0.9961091931472348
33,0,1,1.995365085760703e-05,0.9884783526251321
33,0,2,1.3488892944502062e-05,0.9884970091390434
33,0,3,0.0003257247351771131,0.833618431132129
33,0,4,6.608931327023448e-05,0.8594183468614548
33,0,5,9.182615829073093e-05,0.9132285764481121
33,0,6,9.789064814291759e-05,0.833574193127019
33,0,7,0.0001212561778962673,0.8594053136726747
33,0,8,6.650400230345799e-05,0.9132451924772175
33,0,9,0.00010740181379575997,0.8335041148777749
33,0,10,1.2807137541148705e-05,0.9884887776798109
33,0,11,3.005354517093828e-05,0.9884915248746394
33,0,12,0.00011882623395731429,0.9131687574176354
33,0,13,0.0001704505498926201,0.8594073500351289
33,0,14,0.00012570161555736092,0.8334863728363366
33,0,15,6.251988397254493e-05,0.913230823352228
33,0,16,2.2711788780771514e-05,0.8594562439207106
33,0,17,0.00012684902090087657,0.8335383867108127
33,0,18,6.639331782831714e-05,0.9132370970526468
33,0,19,4.867084006143774e-05,0.85945377647108
33,0,20,0.00018584559291467961,0.833559268459084
33,0,21,7.192172759873383e-05,0.8594943887411662
33,0,22,9.818169627906492e-05,0.913217545142368
33,0,23,1.429447033785003e-05,0.9884887259980859
33,0,24,2.825749255619403e-05,0.9884809830207483
35,3,0,9.747868132414794e-05,0.6510079094347268
35,3,1,7.619161191929624e-05,0.8133742044338929
35,3,2,7.601112234534302e-05,0.7509326352519908
35,3,3,0.0001538976755073307,0.7034872467717309
35,3,4,9.755936980615498e-05,0.6820441538698928
35,3,5,0.00014681046331876946,0.7192301379990395
35,3,6,4.038128164673971e-05,0.6783707224253531
35,3,7,0.00015682304769593092,0.5564564135166042
35,3,8,0.00020954894640390354,0.4147330118805422
35,3,9,0.00010021724132602827,0.38442510844587957
35,3,10,7.354617902277649e-05,0.20332009089874806
35,3,11,0.00033203303214368596,0.17974786739228157
35,3,12,0.00018810008283931534,0.193261197686352
35,3,13,0.00025076444188976144,0.20320129410118948
35,3,14,0.00035740299749331683,0.4147424454990422
35,3,15,0.000336292798354787,0.38447325508110514
35,3,16,9.941579972427839e-05,0.556476647768163
35,3,17,1.2524176977057877e-05,0.7192143160852016
35,3,18,5.1976491693306315e-05,0.678445442915255
35,3,19,0.0003874374628914934,0.6819183938097529
35,3,20,7.561761785990218e-05,0.8133068077119129
35,3,21,2.6808988094706443e-05,0.650866178149067
77,17,0,0.00018627152797323632,0.02133284977028142
77,17,1,1.5861497099978195e-05,0.26014447111927097
77,17,2,0.0006482378982080039,0.3114087255776176
77,17,3,0.00030207745005250697,0.30604013129563284
77,17,4,0.0003206741284481618,0.12716580269948327
77,17,5,0.00025180970749849596,0.2844675348434593
77,17,6,0.00044232694917756277,0.09786910460802671
77,17,7,0.00016725072500067828,0.014205619578712506
98,4,0,0.00011210584401977197,0.1811178608847722
98,4,1,0.00034856669916594196,0.16016197008428437
98,4,2,0.0001333126818603425,0.17242875933529864
98,4,3,1.7489423018934858e-05,0.18138307942481202
98,4,4,0.0004682867876851793,0.38044974828261063
98,4,5,0.0004952926347167041,0.3514559463830423
98,4,6,0.00014843395212871258,0.5208351463432038
98,4,7,0.00021281988280519304,0.6530608463087187
98,4,8,0.0003735051020907765,0.6189253105816086
98,4,9,6.085966056756931e-05,0.5206136566147072
98,4,10,0.0006844378694611519,0.3803423584154017
98,4,11,0.00033566206985669034,0.351440963520185
98,4,12,0.0005526758408923582,0.19436889085309497
98,4,13,0.00042819616472222766,0.3264023668924046
98,4,14,0.00035622584648964395,0.31628735976181954
98,4,15,5.5344292891001956e-05,0.3621865265992148
98,4,16,0.00018573454612791362,0.31606856383137466
98,4,17,8.31355160859637e-05,0.3261728582837683
98,4,18,0.0003595044949172843,0.32996441741074417
98,4,19,0.0002663175073398527,0.6032999228450957
98,4,20,0.00029902401335779594,0.6033184837898888
126,11,0,0.00033934669648205684,0.3606158086329339
126,11,1,0.0005409151791497813,0.32068315380503987
126,11,2,0.0002466680305843738,0.5658952625050575
126,11,3,0.0002570622512865217,0.6607197146374477
126,11,4,3.266162568538178e-05,0.7321101418939224
126,11,5,0.00011490915201939345,0.6935030085538813
126,11,6,0.0003829882484329694,0.6967585047100281
126,11,7,0.0001529577121398562,0.8127822121339964
126,11,8,0.00016618692119796385,0.6607034347943267
126,11,9,0.0002686383431702577,0.3605081110617246
126,11,10,0.00025406416920203956,0.32078543070486726
126,11,11,0.00010136623879120066,0.5658542319064571
126,11,12,3.476399076485226e-05,0.7320395233691793
126,11,13,2.8043293523127844e-05,0.693423894996943
140,18,0,0.00021003899747973342,0.11824820071237334
140,18,1,0.0004956663163042663,0.3756838675563173
140,18,2,0.00021880046731070912,0.3635081315867505
140,18,3,0.00016009830873464637,0.4207361210939329
140,18,4,0.00029643064594497837,0.3839843323482306
140,18,5,0.00011796829438759371,0.3065577300653918
140,18,6,0.0003731947502475519,0.2875396362282658
180,17,0,0.00011051026171149392,0.014359870124175242
180,17,1,5.741527248426248e-05,0.09728356659209114
180,17,2,0.0004129590327283106,0.15181435493834128
180,17,3,8.161925473326725e-05,0.1652651953908382
180,17,4,0.0001578812015172737,0.17461413423736408
180,17,5,0.00031739154401222436,0.14855337187445242
180,17,6,0.000353899133882174,0.16191030926314467
180,17,7,7.237139786975266e-05,0.08423027433846964
183,3,0,0.0003795431802255944,0.03566934202580537
183,3,1,0.0005011652482247442,0.1287609185083293
183,3,2,0.0004016540416090786,0.4141299645925954
183,3,3,0.0003577742252074412,0.3825773232799568
183,3,4,0.0003360605704971764,0.5678518482843807
183,3,5,0.0002539365174050179,0.6629189596252676
183,3,6,0.00015264572712814228,0.8239889502778363
183,3,7,2.594557498936112e-05,0.7308571427281089
183,3,8,0.0003794007592783366,0.6902462221995421
183,3,9,0.00017504847188931638,0.6936539903878652
183,3,10,0.00013437142398897706,0.7623171988737321
183,3,11,0.00027832484076517616,0.7151826303215286
183,3,12,0.00014455563269777372,0.6941723291383551
183,3,13,0.00021306357386718933,0.8315503247887364
183,3,14,0.00021921336325847474,0.7622616791914872
183,3,15,9.041298610545923e-05,0.7152383191967814
183,3,16,0.00016715448740556305,0.6884909321071927
183,3,17,0.00022225520583651903,0.665512089913537
183,3,18,0.00010442974179303288,0.625476151712883
183,3,19,0.0005114974743212208,0.38331741695096416
183,3,20,0.00037899845124478304,0.5163663153034633
183,3,21,0.00016703387475180964,0.8048148809295559
209,14,0,0.00019321550415196675,0.032785931917351276
209,14,1,0.0003141871459180212,0.12997142177648943
209,14,2,0.00025180644609745784,0.19566646814454203
209,14,3,0.00028861865780527296,0.21103286621594128
209,14,4,0.0002474725620482676,0.22220640751978024
209,14,5,0.000242165859253185,0.21195276969337581
209,14,6,0.00012696023411595814,0.22769757560984757
209,14,7,6.826538294768536e-05,0.20731437556581936
209,14,8,0.000127090768137883,0.12818177605173683
209,14,9,0.00026078258099271334,0.11873253736170353
209,14,10,0.00029219789698409215,0.03374155629279144
211,13,0,0.00011705934022077091,0.01890923796791962
211,13,1,0.0002584975318158378,0.1389304570392905
211,13,2,0.0006031437160343156,0.38422715617584613
211,13,3,0.00040343198620917953,0.3721989608561323
211,13,4,4.653521696529328e-05,0.43712967872140984
211,13,5,2.7050205575585018e-05,0.40101092517371817
211,13,6,0.0002689386826165707,0.39723892288231877
211,13,7,0.00030075031255683005,0.3854131438020895
211,13,8,0.00030750824727743264,0.2256995693788925
211,13,9,0.00039948680400303527,0.18061978816994004
211,13,10,0.00023676835510499927,0.19558334442131184
211,13,11,0.00014311631315411244,0.10609625207477591
225,13,0,0.00020304855927388843,0.015602970650055411
225,13,1,0.0001761057353107942,0.10255825352438934
225,13,2,0.0003774885666739669,0.15728889292411238
225,13,3,0.00037722692781527734,0.1703625071490127
225,13,4,0.00013738879561653317,0.19401338445883246
225,13,5,0.00036373075225881735,0.353935268606544
225,13,6,0.0004584882254889955,0.34272834414507997
225,13,7,0.0002409759385897381,0.3934655063335675
225,13,8,0.000443469298245347,0.35789424400073994
225,13,9,0.0001398816447295559,0.3387814690126996
225,13,10,0.0005565745200635241,0.3270764519360612
225,13,11,0.00010649346456348407,0.10408704905268695
274,14,0,0.00048643026159989056,0.33110397627191995
274,14,1,0.000319077559615466,0.29276539371116317
274,14,2,0.0002544013449554683,0.5407058104960202
274,14,3,0.0004176564948366046,0.6281625851880189
274,14,4,0.0005143055253873374,0.6354253563143359
274,14,5,0.00018820045217238235,0.6857564008246668
274,14,6,0.00032697375126555794,0.6516018856945297
274,14,7,2.2928098159513688e-05,0.5499178985178218
274,14,8,0.00018141223051426625,0.3897795705244005
274,14,9,0.000526126858910736,0.35816681105717985
274,14,10,0.0002778676024326465,0.1042007255036848
285,3,0,0.00015130655861084197,0.23088423999917715
285,3,1,0.0002530111798517698,0.20476226566324776
285,3,2,0.00015585437268317293,0.21970514028100852
285,3,3,0.0006187410096530899,0.23088503025599294
285,3,4,0.0003221724436859308,0.461821944332073
285,3,5,0.0003416157155979871,0.42928708398065174
285,3,6,0.0002651215294476872,0.6101586754582188
285,3,7,0.00012413650237852458,0.7058930259012679
285,3,8,8.142631998364624e-05,0.8615798149395909
285,3,9,3.4158746175738663e-05,0.7728550866625364
285,3,10,0.00023313129160018597,0.7329455148939138
285,3,11,0.00020599376373486855,0.7364154315773549
285,3,12,0.00016488441311990343,0.8030998431684306
285,3,13,0.00013688021900182257,0.7573813521674445
285,3,14,0.00010297813280968349,0.7363192326789068
285,3,15,5.073899573881935e-05,0.8616457991521004
285,3,16,0.00019271311776625222,0.7726870985446724
285,3,17,4.125642859809098e-05,0.7329141880983476
285,3,18,0.0005668164988458235,0.6100811040943382
285,3,19,0.00013154283195371264,0.7057207782959042
285,3,20,9.456099073834601e-05,0.46178289170628645
285,3,21,0.00035377985336371154,0.42934228294460935
290,8,0,0.00013409294580302156,0.012097414137207885
290,8,1,0.0002845644363448363,0.10917864843087284
290,8,2,0.0004914815595072897,0.3984003250264618
290,8,3,0.000334859199424109,0.3670214894865473
290,8,4,0.00022050694176378727,0.5543580247898777
290,8,5,0.00012715578953659268,0.6506509922125029
290,8,6,0.00016166051999855213,0.806580113466849
290,8,7,9.072201563842253e-05,0.7196392582950321
290,8,8,0.00018590966446929702,0.678441059548874
290,8,9,0.00010316857361480913,0.6816473389082037
290,8,10,2.38742281271076e-05,0.7196078624257605
290,8,11,8.986748633665886e-05,0.6783702484002322
290,8,12,0.0003166419131740428,0.5544725634643924
290,8,13,0.00013560443542703915,0.650580116574649
290,8,14,0.00012967399041530214,0.39837944177614326
290,8,15,0.0002884629375935477,0.3671004546611263
290,8,16,0.00015624821134541111,0.10910945586159382
310,3,0,0.00010317085215960642,0.5227807924132011
310,3,1,0.00018529600727579254,0.4318246263511292
310,3,2,6.032459902050036e-05,0.2833144098729246
310,3,3,0.0002687488935011473,0.3082527028873749
310,3,4,0.00026299307349464396,0.1431260423692592
310,3,5,0.0001265589392657196,0.13577957913995156
310,3,6,3.9748851486831605e-05,0.12597953939720039
310,3,7,0.00011229055305916891,0.14303355593525338
310,3,8,0.0004325261086640664,0.28326404586172155
310,3,9,0.00019869237388092653,0.308097773081527
310,3,10,0.00022060507559429343,0.5228823743943362
310,3,11,0.00035592973344233947,0.4317953929266503
310,3,12,0.0002856511168294329,0.5507320898766995
310,3,13,0.00026301106999149226,0.5939404626772041
310,3,14,0.00018753795996406808,0.5543452974522751
310,3,15,2.2293973831022385e-05,0.7032509316979723
310,3,16,0.00017140624319544884,0.7030758720471303
310,3,17,0.00021319531794472546,0.5938557138759011
310,3,18,0.0001822202436172482,0.5503956074395514
310,3,19,0.0001102832295258871,0.554264034463634
310,3,20,8.2096100187945e-05,0.62902240436091
310,3,21,0.0001676339111144065,0.5769215532996647
345,12,0,0.0001973085458566448,0.011276665727258014
345,12,1,0.0002311826176178977,0.08563753801655079
345,12,2,0.00021765087573988318,0.30447351398659367
345,12,3,0.00012112753517035113,0.2778723628750949
345,12,4,7.407753292620889e-05,0.446690952592301
345,12,5,0.00021894226088159385,0.5317053512833902
345,12,6,0.00011372576311718952,0.5852641785262179
345,12,7,0.0002660504155203025,0.5482548917969894
345,12,8,0.00012971687375296082,0.4464710019403872
345,12,9,7.76227606054114e-05,0.3018921119582669
345,12,10,0.0002141804747444187,0.27546237261964995
345,12,11,0.00022330275486093232,0.07577502566726686
345,12,12,0.00015093128814092083,0.5315672201214213
418,10,0,0.0005732052245722707,0.34460473406457065
418,10,1,0.0005689830557455977,0.30581152003042894
418,10,2,0.00014313964215684205,0.5506949326899527
418,10,3,0.0002374449654222177,0.648590105263219
418,10,4,0.00025563980566190025,0.7237691404337605
418,10,5,0.00016930388226255033,0.6828688076123419
418,10,6,0.00028744338625219523,0.6864311910685966
418,10,7,7.265537124268029e-06,0.8100069809206226
418,10,8,0.0001396965070313838,0.6556374156081463
418,10,9,0.00014183189741945323,0.7240624188852008
418,10,10,8.239942766352648e-05,0.6832801829300122
418,10,11,0.00035073968395948896,0.5595736863395976
418,10,12,8.94498159665913e-05,0.40289916541823717
418,10,13,0.00038451615145829177,0.3714876511546316
418,10,14,0.000451480979364427,0.11088185289155698
430,21,0,0.00038530900305844273,0.19607948880062395
430,21,1,0.00035104682498154904,0.19014682491556067
430,21,2,0.0001766659286857042,0.19640046849657453
430,21,3,0.0003194001528248336,0.17919929389556136
472,4,0,0.0002211519452623989,0.10766538098535068
472,4,1,7.008341618097713e-05,0.09432628931278438
472,4,2,0.00010767324251792498,0.1019616115648199
472,4,3,0.00018455401616834788,0.10730084074735802
472,4,4,0.00018591014256863492,0.20234778061315542
472,4,5,0.0003024596492965381,0.19541024884117522
472,4,6,0.00014237835052632875,0.22738316033174896
472,4,7,8.578785886548257e-05,0.20482920203737864
472,4,8,0.0001545920805557932,0.2023759267926454
472,4,9,0.00018805419341771934,0.195286353773122
472,4,10,0.00014550009220115623,0.1155785740649053
472,4,11,0.00039906161219049885,0.24060028321100715
472,4,12,0.00021963776349620545,0.21987611012439998
472,4,13,5.621587820070495e-05,0.3483384167974209
472,4,14,9.87172063675601e-05,0.46610909198742423
472,4,15,0.00027967423880170816,0.43390584740309107
472,4,16,6.957505287852328e-05,0.34830986435824146
472,4,17,0.00015982835543293383,0.2199473829047669
472,4,18,0.00023015855687291698,0.24064377582448257
472,4,19,0.00020836488144115872,0.4195421832240129
472,4,20,0.00010242191330878114,0.4194748092887542
479,21,0,0.00024210458841800175,0.014537974374242387
479,21,1,0.00019960081428238574,0.033988791292258215
479,21,2,0.00012602761630808867,0.07255694431846549
479,21,3,6.433794352389555e-05,0.07249049953617082
484,1,0,5.748741353261977e-05,0.8040541450647178
484,1,1,0.0001423134420025507,0.8040896974476225
484,1,2,0.00011138782743291831,0.7314694313203965
484,1,3,0.000121880176034872,0.6828700311330848
484,1,4,0.00011854793549104237,0.6615546886238414
484,1,5,0.00018675264084100363,0.7314527093104006
484,1,6,0.0002445246372582144,0.6829249147983566
484,1,7,0.00039564501587452394,0.6614691950443315
484,1,8,0.00016219760055047328,0.7314050554660932
484,1,9,4.3435631248645024e-05,0.6829145475609973
484,1,10,0.00010446214047610258,0.6613892190062883
484,1,11,0.0001534885175167311,0.7314249237507481
484,1,12,0.00010399680282147106,0.6828398233244969
484,1,13,0.0001560693356827958,0.6614089046498192
484,1,14,0.00026527930048270143,0.8041235400515886
484,1,15,0.00022540802094739298,0.7314899300167816
484,1,16,0.00023694074702906853,0.6830194339642682
484,1,17,0.00020630267240540068,0.6615571373626127
484,1,18,2.3136398537682012e-05,0.7315068202303706
484,1,19,4.562851608080898e-05,0.6829821963428975
484,1,20,5.6514180813982406e-05,0.6615470230547368
484,1,21,0.0001579531654419819,0.8041016988472163
484,1,22,8.37926291972213e-05,0.8041627200209995
484,1,23,0.00013198097724342883,0.8040808316996703
486,11,0,0.00016244273298937628,0.19806950632500897
486,11,1,0.00011879324692709581,0.17283913555604258
486,11,2,1.1324114237543093e-05,0.3494633374942662
486,11,3,7.933058682674243e-05,0.4368885837375121
486,11,4,4.4328116776792825e-05,0.5145543351211002
486,11,5,0.00017530313969771338,0.47099154074912747
486,11,6,0.00012955398487690672,0.4744812911626571
486,11,7,2.8017928040968698e-05,0.6218062994938236
486,11,8,0.0002646447226133386,0.4369315770034364
486,11,9,9.58998335530703e-05,0.5145990002399031
486,11,10,7.351778608621906e-05,0.4710020355563869
486,11,11,6.886018012453032e-05,0.3495188512901118
486,11,12,0.00019517172973904096,0.19813207238881073
486,11,13,1.8308833439673045e-05,0.1728849060949098
499,14,0,0.0004550080804863743,0.5406056982361226
499,14,1,0.0006823359221690417,0.26288519982525665
499,14,2,0.00040411326699008043,0.23033802497022196
499,14,3,0.0003658537584362298,0.4526542264255631
499,14,4,0.00017932585745417118,0.6022712204521321
499,14,5,0.00043439483824991854,0.5652551583005693
499,14,6,0.0002610112828089761,0.4617514538005379
499,14,7,0.0002138464230373449,0.5483628761232288
499,14,8,0.0005884074651422155,0.3136358625833943
499,14,9,0.0005689358547275036,0.2861158404837797
499,14,10,0.0002856898613509129,0.07884884086623178
500,16,0,8.032245995015508e-05,0.016992152339107447
500,16,1,0.0003498238087988881,0.1270174429973958
500,16,2,0.00020158920742374686,0.365264513616056
500,16,3,0.0003315999924629054,0.35305238730739935
500,16,4,0.00023043548380086154,0.418729365865331
500,16,5,0.0004487860392088372,0.36213530080745443
500,16,6,0.0002687144468696001,0.34981573968145474
500,16,7,0.00032094206773702894,0.11268084093835966
500,16,8,0.000726413115220037,0.3819540063305988
527,17,0,0.00017543342895054437,0.6170387900583943
527,17,1,0.00030796096764829084,0.3713442731922288
527,17,2,0.0003496485919344261,0.33156366274806087
527,17,3,0.00023785743236670598,0.5666966356848016
527,17,4,0.00036127585241074733,0.6317792875366329
527,17,5,0.00033383633355965614,0.6047544430220053
527,17,6,0.0005891493310155038,0.389377479270616
527,17,7,0.00019427589669318568,0.5121117718955285
547,0,0,1.250965520060987e-08,0.9961091923724107
547,0,1,1.0403136382675093e-05,0.9884943802954332
547,0,2,3.2487153889260156e-06,0.9884917959211638
547,0,3,0.00010254034765044828,0.8335548002681064
547,0,4,0.0001722129046446419,0.8593849632824605
547,0,5,6.395012207127682e-05,0.9131786248510777
547,0,6,7.831466909025142e-05,0.8335440768072783
547,0,7,2.6864441708962516e-06,0.8594732566021456
547,0,8,5.903488578240523e-05,0.9131891594143954
547,0,9,0.00016251996829741433,0.8335149999139886
547,0,10,8.017682565975015e-06,0.9884888343689338
547,0,11,9.093546422977994e-06,0.9884919608811469
547,0,12,4.852244371544856e-05,0.9132154394731223
547,0,13,0.00014699904719939205,0.8594481055636626
547,0,14,0.00011325877546919383,0.8335472814775141
547,0,15,4.664870236281704e-05,0.9132352119997346
547,0,16,0.00020763009567104085,0.8594164362797115
547,0,17,6.907992993909762e-05,0.8335854097093128
547,0,18,1.0090391230233031e-05,0.9131680633747751
547,0,19,8.274642713668179e-05,0.8593711366971085
547,0,20,8.421190350471619e-05,0.8335842811065414
547,0,21,0.00011868702977246848,0.8593614719781878
547,0,22,4.4867315455943135e-05,0.9131833215358486
547,0,23,1.027605199210857e-05,0.9884816335854447
547,0,24,2.445356585834002e-05,0.9884830804442934
557,22,0,3.781781225742353e-05,0.09625378453456772
557,22,1,0.00023885318008443068,0.09574631678644445
557,22,2,2.6088464067708372e-05,0.10486247585234403
559,22,0,0.0002346218682960366,0.10238813354898768
559,22,1,0.0005098707833696148,0.10180625406455383
559,22,2,0.00012741808134875132,0.11144579079848323
561,7,0,0.0006809878996574259,0.35329343249260176
561,7,1,0.0003652445427125839,0.314044159806168
561,7,2,0.00020123680741601646,0.5591732138672715
561,7,3,0.00020050594587206483,0.7298140828231549
561,7,4,0.0002567274640670192,0.6896308042268143
561,7,5,0.00026582779910211407,0.6934815972801468
561,7,6,2.2513622076503204e-05,0.8224125744424499
561,7,7,0.00032570214780536233,0.6559168055748817
561,7,8,0.0002537976609111592,0.8224237534232524
561,7,9,0.0003242218628490834,0.656010620150045
561,7,10,0.0004079585418242937,0.3535549304539785
561,7,11,0.0004210737024624711,0.3141861431636583
561,7,12,0.00017349221659868075,0.5593180428134755
561,7,13,0.00015441053174858332,0.7297820387930974
561,7,14,0.0001348727709922226,0.6896128973228309
561,7,15,0.00031715288607192527,0.6935594806516402
561,7,16,0.00016755030806225868,0.7613428941520569
561,7,17,0.0002659495180626914,0.7148513479033879
590,20,0,0.0008484481105295316,0.517612758839077
590,20,1,0.00029687300462877264,0.7445631221916926
590,20,2,0.0001605114330380797,0.6846628192749341
590,20,3,0.00021215042132016748,0.6066099774352944
590,20,4,0.0002825115379039289,0.7005523623269299
592,22,0,0.00021540423320620672,0.08978281642773223
592,22,1,0.0001093305572740233,0.08930392694395413
592,22,2,0.00016351898982791546,0.09784292492175568
609,18,0,0.0006181072638726803,0.3421727288565484
609,18,1,0.0004435800786708466,0.2762852208021589
609,18,2,0.0006647895725014896,0.25989297465904837
609,18,3,0.0005764917741354347,0.3731387692283956
609,18,4,0.0004934615426022138,0.33502596174860705
609,18,5,0.0005056872437508853,0.3250351613189644
609,18,6,0.0005431063505194622,0.11020846949263718
630,10,0,0.00010900907193545084,0.11567561470787198
630,10,1,0.0005593349072229303,0.4159806728146371
630,10,2,0.0006282214527701946,0.3840161582649015
630,10,3,0.00018111281094013165,0.57363212626093
630,10,4,0.0002625420287722946,0.6682391467803108
630,10,5,0.0001821574917958424,0.7991431367430062
630,10,6,6.737520125321694e-05,0.7353695286274803
630,10,7,0.00021197082832746794,0.6955508737760594
630,10,8,0.00017080431612004343,0.6935340399390831
630,10,9,5.833433298052526e-05,0.6710290608097562
630,10,10,0.00021196978709769887,0.6312052307220163
630,10,11,0.00023910694644724284,0.38747400604294935
630,10,12,0.0004028761347092402,0.020016804565153756
630,10,13,0.00021516177842428874,0.521784081602447
630,10,14,2.698923067312453e-05,0.012885673203162177
653,18,0,0.00022770617160372542,0.3634328088490329
653,18,1,5.714302915871272e-05,0.3312691412940756
653,18,2,0.00020847980263705157,0.28979802566744006
653,18,3,0.00013584759746765318,0.3439349223555772
653,18,4,0.0003240771449357638,0.31074539922428185
653,18,5,0.00016452879070461002,0.09810500644867255
653,18,6,0.0001229612663229407,0.014383343994921804
662,2,0,0.00015608828790669715,0.7656895964909439
662,2,1,0.00021970490140799104,0.517644351640021
662,2,2,0.00016064718128039335,0.4829406615815432
662,2,3,0.0002073184214435031,0.28257576631264275
662,2,4,0.00014366585966973933,0.5175957205639724
662,2,5,0.0004337604321223987,0.4828870379680325
662,2,6,0.000359264224263689,0.6715038037550928
662,2,7,8.978644836399319e-05,0.8284226111430567
662,2,8,0.0002109300143956494,0.7914066063827301
662,2,9,0.00011857038341755999,0.7947526288017365
662,2,10,4.860555964059099e-05,0.8560081265893213
662,2,11,0.00015091140922751656,0.814465560445679
662,2,12,0.00021767587261467547,0.7951437123866111
662,2,13,9.017538675837322e-05,0.9120588478643382
662,2,14,0.00011414916020668908,0.8560267029793581
662,2,15,0.00011388685432112133,0.8145019057710985
662,2,16,2.7289203819225172e-05,0.7948567367155367
662,2,17,5.371689821054293e-05,0.8284609183007912
662,2,18,0.00029533121061475764,0.7915661744390817
662,2,19,0.000261081190616963,0.6715645383333012
662,2,20,9.230416001215769e-05,0.9062259583704882
662,2,21,0.0001294152329698317,0.9061680083384512
662,2,22,0.00010547268494720541,0.7656377338797459
686,22,0,0.0005610841652515797,0.0761061872240479
686,22,1,0.00016321943644581616,0.08343527842470251
686,22,2,0.0002840630185009241,0.07650171820825695
746,21,0,8.035687892471444e-05,0.08991737786924218
746,21,1,0.0005275506209522218,0.13633814794083185
746,21,2,0.0001622670460775799,0.148816410772212
746,21,3,0.0002222655702149856,0.0899315873122613
752,18,0,0.00029236255147035983,0.030438860288812115
752,18,1,0.0002811122520909315,0.5680625310929706
752,18,2,0.00038259478091517973,0.6791610462990239
752,18,3,0.0004883684119827425,0.6779062818277907
752,18,4,6.774100257511684e-05,0.8092450473816991
752,18,5,0.0001111369149320307,0.7741545889049434
752,18,6,0.0005386574967418678,0.549893950424601
765,6,0,0.00012282096989280067,0.10626652862744938
765,6,1,0.0002732718670522827,0.11472901080678162
765,6,2,0.000288759207348388,0.1867796222025856
765,6,3,0.0003211058767895736,0.19108921750230398
765,6,4,0.0003006683430676338,0.20544904879463044
765,6,5,0.00016849102787319659,0.20097914248332624
765,6,6,0.0005864067047024468,0.19164883721237483
765,6,7,0.00025961823017783825,0.20583251553227175
765,6,8,0.00044434142843163826,0.21643839780793253
765,6,9,0.0004941010057809558,0.4367482589932668
765,6,10,0.0005062644429677521,0.40563137104240976
765,6,11,0.00016079545060376788,0.5805141380393248
765,6,12,0.00020163880502432896,0.7058393001292443
765,6,13,7.449062526521111e-05,0.6748528721369347
765,6,14,0.00014938264203301355,0.5714133498854431
765,6,15,0.00022176624915548615,0.32341325737321
765,6,16,0.00015441522154535647,0.36342487992681916
765,6,17,2.972952565127862e-05,0.6533726752092136
765,6,18,0.00042599172809054675,0.6600556830760157
787,12,0,0.00025474914122358694,0.26619960469372256
787,12,1,0.00019204709625442185,0.24906000308321308
787,12,2,0.000333130644531221,0.37135351223903107
787,12,3,0.00024141170407065982,0.33676157811151536
787,12,4,0.0002457376822337931,0.3440198724968136
787,12,5,0.0005982726091239288,0.3333781732997522
787,12,6,0.0003574988357497588,0.1887215612672901
787,12,7,0.00032426267543528287,0.16635783666750548
787,12,8,0.0002368023707560729,0.1794576680599662
787,12,9,0.00025039866218556917,0.1742791127547537
787,12,10,9.911397343131956e-05,0.14920445807857063
787,12,11,0.0001516385204191062,0.161894831205625
787,12,12,4.172436191418605e-05,0.08637242446826958
807,16,0,9.537495634626136e-05,0.01864514533424407
807,16,1,0.00017628420650861454,0.13524856564981477
807,16,2,0.0009163128194319414,0.36584951100888247
807,16,3,0.0005503509039771481,0.35474319002540405
807,16,4,0.0005681054595148005,0.4140566495422553
807,16,5,0.00041031431137183993,0.3632126571563586
807,16,6,0.00047319855229621677,0.35182576918904385
807,16,7,0.00012421121351202657,0.12045627998749509
807,16,8,0.0007743124359661513,0.3813827834192563
816,19,0,0.00011095274428896129,0.02013620094008754
816,19,1,0.00044125264264049946,0.14692662397953418
816,19,2,0.0003062683578056724,0.3040643170621976
816,19,3,0.0001695098619306501,0.3044976101654446
816,19,4,0.0003138858605337136,0.23568847933323425
816,19,5,0.000352479316534704,0.21811597649144263
832,23,0,0.00012775424657329726,0.030679500951061905
832,23,1,8.455303602827868e-05,0.032252433738889565
842,19,0,0.00043307474200160456,0.5565475694458497
842,19,1,5.3048070355332655e-05,0.8149562621526814
842,19,2,0.00014845399760343714,0.7796120267313632
842,19,3,0.0002007137664381542,0.5561282160273108
842,19,4,0.0001220854881898159,0.6849116622472294
842,19,5,0.00034191574522646206,0.6850363950474151
867,16,0,0.00014524477641242317,0.41281595055034387
867,16,1,0.00038706535855004276,0.7292142117921001
867,16,2,0.0003005482883490229,0.6429812278004344
867,16,3,0.00014308334862012106,0.5914033153233678
867,16,4,0.0002086948170396674,0.6997078879553252
867,16,5,0.00030980652516210405,0.5796003960175935
867,16,6,0.0001763071340559197,0.5419399496130144
867,16,7,0.0002088742261925347,0.16693583830221734
867,16,8,5.724017447994445e-05,0.01857355373794815
871,10,0,0.00038023894875782727,0.3122537553848428
871,10,1,0.0002648434464426197,0.27605263543803604
871,10,2,0.00014437135021461156,0.5116171705903277
871,10,3,0.00012426769546458605,0.690393322262887
871,10,4,0.00036172709645765355,0.6473133026959877
871,10,5,0.0003181278109423147,0.650842681504107
871,10,6,1.4816957712326939e-05,0.7846247782279692
871,10,7,0.00018269531735470856,0.6113425852386961
871,10,8,0.000157109840621672,0.6186934444557596
871,10,9,0.0001957604583775474,0.6908738229677912
871,10,10,0.00025550513919925244,0.6474111321166433
871,10,11,0.00021453030274920515,0.5207155599640934
871,10,12,0.00014784394074141005,0.3678656558464161
871,10,13,0.0004256259153523345,0.3376336946682723
871,10,14,0.00032812312353713846,0.0980476828114983
908,22,0,0.00010266819689574991,0.07649944843480339
908,22,1,0.00013464280713060273,0.07607390319743179
908,22,2,0.00013674384702511144,0.08342526125737863
913,8,0,0.00010707369792006816,0.34751464947903665
913,8,1,0.00016782415353355784,0.3083991464826748
913,8,2,0.0001478905112546336,0.09504029354498393
913,8,3,5.838739961960826e-05,0.17596376950746387
913,8,4,8.345051180358443e-05,0.16237086178202564
913,8,5,0.0001712551033803411,0.18912440866973343
913,8,6,0.00019455556928449358,0.1943926910534318
913,8,7,0.0003239666872330016,0.18080068702653063
913,8,8,0.0004698475068211083,0.20452217691496244
913,8,9,0.00035867747325235566,0.3894428859763532
913,8,10,0.0001864571865908271,0.4203057928511979
913,8,11,0.0002286836399112424,0.6480840499653997
913,8,12,0.00015602307914397429,0.6411160387712197
913,8,13,7.058575027141245e-05,0.5565105239206678
913,8,14,9.670059080668647e-05,0.6962363802794534
913,8,15,0.00016469698544763212,0.6636415807324031
913,8,16,0.00017771701912849824,0.5657187982277447
916,7,0,0.00013552895002988397,0.43722720960699596
916,7,1,0.00017811909819398508,0.7465830616911932
916,7,2,0.00013568294578969464,0.7066511255345321
916,7,3,0.00013435897110469774,0.7706092250363836
916,7,4,6.17243907889975e-05,0.8400209578576588
916,7,5,5.898839812312762e-05,0.7963820089932533
916,7,6,0.00027157811344091787,0.7763618118298726
916,7,7,0.00010888733485725499,0.9003303710393536
916,7,8,0.0001271751450682146,0.8400886715771572
916,7,9,0.00011254317810860393,0.7963328414098134
916,7,10,0.00019308404172191374,0.7707262237276975
916,7,11,0.0001280691723233307,0.7465746501696401
916,7,12,0.00014959069557762827,0.706735237272528
916,7,13,0.0009233581067731311,0.43713693607568155
916,7,14,0.00037797697484232007,0.5942060279909528
916,7,15,0.00023286801070787622,0.8776671156707277
916,7,16,0.00017997558065385721,0.8776290606310027
916,7,17,0.0003668740148837779,0.5941808319910741
917,19,0,7.571875816958507e-05,0.11411873917299771
917,19,1,0.0005792440836777102,0.1915180044693822
917,19,2,0.00028944106453698826,0.20717720797378505
917,19,3,0.0005095944189950075,0.20699379284990996
917,19,4,0.00043532743637964,0.11956634307256886
917,19,5,0.00038160570795620075,0.1288696436964015
931,15,0,0.0002498074633330294,0.31209976410362744
931,15,1,0.0006056313124764845,0.47888587468620597
931,15,2,0.00033521869066444054,0.4421017257265718
931,15,3,0.0001315792045228914,0.5188725622056168
931,15,4,0.0003978199687729722,0.5390175644029902
931,15,5,0.0003670451476976977,0.4473816485199
931,15,6,0.00026351771457144846,0.42129909757542866
931,15,7,1.728853033167166e-05,0.21601523651235974
931,15,8,0.0001902954261949752,0.11413552615337556
931,15,9,5.038747696040069e-05,0.12326720776276016
936,11,0,0.00011390355189144774,0.6529636102355393
936,11,1,0.00014533215761003415,0.3485131179428002
936,11,2,0.00018616380464409055,0.3093728603995178
936,11,3,0.0002125133557491221,0.5552516434203568
936,11,4,6.26367432650099e-05,0.7275666189572485
936,11,5,0.00025901129014727076,0.686978024966778
936,11,6,0.00011542853821078225,0.6904851419880095
936,11,7,9.580311953105713e-05,0.8125833511049091
936,11,8,0.00016427056198442536,0.7274792857579052
936,11,9,0.00012161002926291964,0.687069460740591
936,11,10,0.0001584485438943517,0.5551078413516176
936,11,11,0.00033550959636452493,0.6529418905099155
936,11,12,0.0003717735745711881,0.34830388557942293
936,11,13,0.00047319157869984974,0.30915569162307016
938,23,0,0.0001240955851172787,0.011665981650568646
938,23,1,7.749275895674312e-05,0.01655019512243398
947,15,0,0.00017674673514356254,0.11341461231995875
947,15,1,0.0003001798907215081,0.1225887328706066
947,15,2,0.0005198340919397859,0.21553447480804444
947,15,3,0.00022423929856829616,0.40180173776747014
947,15,4,0.00010730096120536992,0.3903562667688685
947,15,5,0.00024982580104659924,0.4421837788248008
947,15,6,0.0003597999802829044,0.40627808838640506
947,15,7,0.0002554188922473388,0.3864240979139222
947,15,8,0.00017118122616777143,0.3741373221394242
947,15,9,0.000409487427318056,0.12598766820733667
961,13,0,7.810655099693697e-05,0.4909945609985113
961,13,1,0.0002246155699620056,0.36298629296727
961,13,2,0.0001729673017305533,0.6224131341636691
961,13,3,0.00021612350024691196,0.5919373170204663
961,13,4,0.000315882562663794,0.5594067939976702
961,13,5,0.0003256783901872673,0.4184325200358383
961,13,6,0.0002654426893239359,0.3869044324657877
961,13,7,5.847132847958125e-05,0.20087419786086613
961,13,8,0.00025787267001597947,0.15979008349351073
961,13,9,0.0001919847599229918,0.1732905424708077
961,13,10,8.968368288286843e-05,0.093297791146513
961,13,11,0.0001642017908054516,0.6136041464878039
978,2,0,0.00017377004216512226,0.6484461207626477
978,2,1,0.00015471692978208385,0.8119114105052505
978,2,2,7.074654923411305e-05,0.8198388843520349
978,2,3,3.9476276410210787e-05,0.7489677301807589
978,2,4,0.0003607682341046914,0.7013561387662066
978,2,5,0.0001750307939152318,0.679984144882651
978,2,6,0.0002452177256493382,0.7013026178011569
978,2,7,0.00018610969684673684,0.7489157718318317
978,2,8,0.00010625765078042804,0.6795198875735426
978,2,9,7.72996419250438e-05,0.7169960771401307
978,2,10,0.00017851141186719932,0.6759024520751331
978,2,11,0.00011414820855581986,0.5538091444781745
978,2,12,0.00022423381971126144,0.4123938357149335
978,2,13,0.00033432792204701745,0.3820208262128209
978,2,14,0.00029572429888546914,0.2161300275160939
978,2,15,0.0004219712298617617,0.4123760822394324
978,2,16,0.00022011284227219097,0.38228283039524796
978,2,17,0.00024925869324921024,0.5539528680296287
978,2,18,0.00012927412404373229,0.716948345342832
978,2,19,0.0001443496000224087,0.6759711955089635
978,2,20,0.00023557852175226657,0.6796039517849376
978,2,21,0.00013768064374597433,0.8118928035868151
978,2,22,0.00018817731058617948,0.6486323149517195
989,9,0,0.0005005285968084916,0.3476006029394871
989,9,1,4.6379536997487314e-05,0.08226473462944817
989,9,2,0.0002950806122162808,0.6355764197354129
989,9,3,0.0003884805464104968,0.3338533038988512
989,9,4,0.000824739547151454,0.2959265728350327
989,9,5,0.00015474587521535632,0.5372260178322218
989,9,6,7.782698184943815e-05,0.7118190631987544
989,9,7,7.667244157716357e-05,0.6703391609162539
989,9,8,0.00022382692879119315,0.6742032226290142
989,9,9,0.00014984174938625916,0.8084257164819609
989,9,10,0.00016320159702432058,0.7404424995136419
989,9,11,0.00025871497408047617,0.6938417737400203
989,9,12,0.0001409687905524759,0.6134898569527861
989,9,13,7.640382553986136e-05,0.7350330671363753
989,9,14,0.00026883853768466803,0.4940085353320481
989,9,15,0.0002810320988473336,0.438616032801361
1002,7,0,6.484539842466219e-05,0.018765535752126878
1002,7,1,5.494314889709084e-05,0.019133049773891853
1002,7,2,0.00011117515730207916,0.07723750921579764
1002,7,3,0.0003464586210910614,0.30193644377431217
1002,7,4,0.0002652071997943928,0.27579355005723993
1002,7,5,0.0004333910254288309,0.44037665865979064
1002,7,6,0.0001693285402937228,0.5350622556421724
1002,7,7,0.00020481689083162724,0.6089163614217682
1002,7,8,8.835208136548367e-05,0.5640540520515382
1002,7,9,6.96223780562999e-05,0.5675899345170159
1002,7,10,0.0001650498022203184,0.6089399866987114
1002,7,11,9.049078895706497e-05,0.5642019416108358
1002,7,12,0.0003284362151542153,0.44056999958581383
1002,7,13,0.0004963401003644785,0.30404637643405924
1002,7,14,0.00015302582280363186,0.2781020173916999
1002,7,15,0.00014172935085543514,0.08724445833544976
1002,7,16,8.198876947640432e-05,0.5350995934575528
1002,7,17,5.772468984344137e-05,0.7121802997173209
