N,cohort,comparison,delta_detection_s,delta_failed_clear_s,delta_movement_s,delta_s_per_source,delta_switch_s,delta_total_s,directional_count,family,id,strict_mixed
16,development,B-A,-180,0,-1268.1604640739606,-92.19752900000003,-27,-1475.1604640000005,15,practice-gen-v1,0,True
16,development,C-B,-90,0,-1720.907134612668,-113.05669593749997,2,-1808.9071349999995,15,practice-gen-v1,0,True
16,development,C-A,-270,0,-2989.0675986866286,-205.2542249375,-25,-3284.067599,15,practice-gen-v1,0,True
12,development,B-A,0,0,0.0,0.0,0,0.0,9,practice-gen-v1,1,True
12,development,C-B,-395,0,-776.4662269389286,-103.37218541666675,-69,-1240.4662250000001,9,practice-gen-v1,1,True
12,development,C-A,-395,0,-776.4662269389286,-103.37218541666675,-69,-1240.4662250000001,9,practice-gen-v1,1,True
14,development,B-A,0,0,0.0,0.0,0,0.0,7,practice-gen-v1,2,True
14,development,C-B,-385,0,-920.335441310388,-98.0953888571429,-68,-1373.3354440000003,7,practice-gen-v1,2,True
14,development,C-A,-385,0,-920.335441310388,-98.0953888571429,-68,-1373.3354440000003,7,practice-gen-v1,2,True
15,development,B-A,0,0,0.0,0.0,0,0.0,13,practice-gen-v1,3,True
15,development,C-B,80,0,-1740.7715020823264,-108.78476660000001,29,-1631.7714990000004,13,practice-gen-v1,3,True
15,development,C-A,80,0,-1740.7715020823264,-108.78476660000001,29,-1631.7714990000004,13,practice-gen-v1,3,True
14,development,B-A,0,0,0.0,0.0,0,0.0,8,practice-gen-v1,4,True
14,development,C-B,-365,0,-1322.3569518387958,-125.2397822142857,-66,-1753.3569509999998,8,practice-gen-v1,4,True
14,development,C-A,-365,0,-1322.3569518387958,-125.2397822142857,-66,-1753.3569509999998,8,practice-gen-v1,4,True
12,development,B-A,0,0,0.0,0.0,0,0.0,8,practice-gen-v1,5,True
12,development,C-B,-695,0,-993.6698369897829,-151.63915299999996,-131,-1819.6698359999991,8,practice-gen-v1,5,True
12,development,C-A,-695,0,-993.6698369897829,-151.63915299999996,-131,-1819.6698359999991,8,practice-gen-v1,5,True
10,development,B-A,0,0,0.0,0.0,0,0.0,4,practice-gen-v1,6,True
10,development,C-B,-75,0,-1234.052045234995,-131.90520429999992,-10,-1319.0520429999997,4,practice-gen-v1,6,True
10,development,C-A,-75,0,-1234.052045234995,-131.90520429999992,-10,-1319.0520429999997,4,practice-gen-v1,6,True
15,development,B-A,0,0,0.0,0.0,0,0.0,5,practice-gen-v1,7,True
15,development,C-B,-65,0,-667.9018143243433,-49.52678753333339,-10,-742.9018130000004,5,practice-gen-v1,7,True
15,development,C-A,-65,0,-667.9018143243433,-49.52678753333339,-10,-742.9018130000004,5,practice-gen-v1,7,True
13,development,B-A,0,0,0.0,0.0,0,0.0,7,practice-gen-v1,8,True
13,development,C-B,-190,0,-916.5740983519281,-87.58262307692314,-32,-1138.5740999999998,7,practice-gen-v1,8,True
13,development,C-A,-190,0,-916.5740983519281,-87.58262307692314,-32,-1138.5740999999998,7,practice-gen-v1,8,True
14,development,B-A,0,0,0.0,0.0,0,0.0,10,practice-gen-v1,9,True
14,development,C-B,-700,0,-831.5049760701135,-119.10749821428567,-136,-1667.5049749999998,10,practice-gen-v1,9,True
14,development,C-A,-700,0,-831.5049760701135,-119.10749821428567,-136,-1667.5049749999998,10,practice-gen-v1,9,True
16,development,B-A,-120,0,-809.4637483719227,-59.27898425000001,-19,-948.4637480000001,4,practice-gen-v1,10,True
16,development,C-B,-440,0,-992.5774134424064,-94.7235885,-83,-1515.577416,4,practice-gen-v1,10,True
16,development,C-A,-560,0,-1802.0411618143291,-154.00257275,-102,-2464.041164,4,practice-gen-v1,10,True
15,development,B-A,0,0,0.0,0.0,0,0.0,2,practice-gen-v1,11,True
15,development,C-B,-385,0,-1062.0239944665504,-101.20159946666661,-71,-1518.0239920000004,2,practice-gen-v1,11,True
15,development,C-A,-385,0,-1062.0239944665504,-101.20159946666661,-71,-1518.0239920000004,2,practice-gen-v1,11,True
12,development,B-A,0,0,0.0,0.0,0,0.0,4,practice-gen-v1,12,True
12,development,C-B,-120,0,-423.32747923369027,-46.69395666666662,-17,-560.3274799999999,4,practice-gen-v1,12,True
12,development,C-A,-120,0,-423.32747923369027,-46.69395666666662,-17,-560.3274799999999,4,practice-gen-v1,12,True
11,development,B-A,0,0,0.0,0.0,0,0.0,8,practice-gen-v1,13,True
11,development,C-B,-460,0,-1381.2314471895493,-175.02104063636364,-84,-1925.2314470000001,8,practice-gen-v1,13,True
11,development,C-A,-460,0,-1381.2314471895493,-175.02104063636364,-84,-1925.2314470000001,8,practice-gen-v1,13,True
11,development,B-A,0,0,0.0,0.0,0,0.0,9,practice-gen-v1,14,True
11,development,C-B,-335,0,-756.975829358567,-104.6341666363636,-59,-1150.9758330000004,9,practice-gen-v1,14,True
11,development,C-A,-335,0,-756.975829358567,-104.6341666363636,-59,-1150.9758330000004,9,practice-gen-v1,14,True
13,development,B-A,0,0,0.0,0.0,0,0.0,6,practice-gen-v1,15,True
13,development,C-B,-455,0,-671.339920831185,-93.4876862307691,-89,-1215.3399209999989,6,practice-gen-v1,15,True
13,development,C-A,-455,0,-671.339920831185,-93.4876862307691,-89,-1215.3399209999989,6,practice-gen-v1,15,True
12,development,B-A,0,0,0.0,0.0,0,0.0,7,practice-gen-v1,16,True
12,development,C-B,-530,0,-1148.458388327006,-148.12153224999997,-99,-1777.4583870000006,7,practice-gen-v1,16,True
12,development,C-A,-530,0,-1148.458388327006,-148.12153224999997,-99,-1777.4583870000006,7,practice-gen-v1,16,True
16,development,B-A,-480,0,-3440.030388239954,-249.56439931250003,-73,-3993.0303890000005,11,practice-gen-v1,17,True
16,development,C-B,690,0,2359.955748119823,198.74723431249998,130,3179.9557489999997,11,practice-gen-v1,17,True
16,development,C-A,210,0,-1080.0746401201309,-50.817165000000045,57,-813.0746400000007,11,practice-gen-v1,17,True
14,development,B-A,0,0,0.0,0.0,0,0.0,2,practice-gen-v1,18,True
14,development,C-B,-185,0,-657.4183671350023,-62.45845485714278,-32,-874.4183679999987,2,practice-gen-v1,18,True
14,development,C-A,-185,0,-657.4183671350023,-62.45845485714278,-32,-874.4183679999987,2,practice-gen-v1,18,True
15,development,B-A,0,0,0.0,0.0,0,0.0,13,practice-gen-v1,19,True
15,development,C-B,-1035,0,-1236.0582769036832,-164.73721839999996,-200,-2471.0582759999998,13,practice-gen-v1,19,True
15,development,C-A,-1035,0,-1236.0582769036832,-164.73721839999996,-200,-2471.0582759999998,13,practice-gen-v1,19,True
14,development,B-A,0,0,0.0,0.0,0,0.0,11,practice-gen-v1,20,True
14,development,C-B,-225,0,-1144.0135187082742,-100.14382264285712,-33,-1402.0135169999994,11,practice-gen-v1,20,True
14,development,C-A,-225,0,-1144.0135187082742,-100.14382264285712,-33,-1402.0135169999994,11,practice-gen-v1,20,True
15,development,B-A,0,0,0.0,0.0,0,0.0,1,practice-gen-v1,21,True
15,development,C-B,-510,0,-838.7681449114928,-96.2512094,-95,-1443.7681410000005,1,practice-gen-v1,21,True
15,development,C-A,-510,0,-838.7681449114928,-96.2512094,-95,-1443.7681410000005,1,practice-gen-v1,21,True
15,development,B-A,0,0,0.0,0.0,0,0.0,10,practice-gen-v1,22,True
15,development,C-B,-455,0,-1111.9662720479726,-110.13108460000001,-85,-1651.9662690000005,10,practice-gen-v1,22,True
15,development,C-A,-455,0,-1111.9662720479726,-110.13108460000001,-85,-1651.9662690000005,10,practice-gen-v1,22,True
12,development,B-A,0,0,0.0,0.0,0,0.0,1,practice-gen-v1,23,True
12,development,C-B,-540,0,-1213.5853771788563,-153.79878141666654,-92,-1845.5853769999994,1,practice-gen-v1,23,True
12,development,C-A,-540,0,-1213.5853771788563,-153.79878141666654,-92,-1845.5853769999994,1,practice-gen-v1,23,True
15,development,B-A,0,0,0.0,0.0,0,0.0,15,practice-gen-v1,24,False
15,development,C-B,140,0,-824.7863916171016,-43.252426199999945,36,-648.7863930000003,15,practice-gen-v1,24,False
15,development,C-A,140,0,-824.7863916171016,-43.252426199999945,36,-648.7863930000003,15,practice-gen-v1,24,False
13,development,B-A,0,0,0.0,0.0,0,0.0,10,practice-gen-v1,25,True
13,development,C-B,-805,0,-1191.546076705151,-165.349698,-153,-2149.546074,10,practice-gen-v1,25,True
13,development,C-A,-805,0,-1191.546076705151,-165.349698,-153,-2149.546074,10,practice-gen-v1,25,True
15,development,B-A,0,0,0.0,0.0,0,0.0,5,practice-gen-v1,26,True
15,development,C-B,-355,0,-676.9049326495181,-73.19366220000006,-66,-1097.9049329999998,5,practice-gen-v1,26,True
15,development,C-A,-355,0,-676.9049326495181,-73.19366220000006,-66,-1097.9049329999998,5,practice-gen-v1,26,True
13,development,B-A,0,0,0.0,0.0,0,0.0,5,practice-gen-v1,27,True
13,development,C-B,-475,0,-1194.1331733847612,-135.39485961538458,-91,-1760.133174999999,5,practice-gen-v1,27,True
13,development,C-A,-475,0,-1194.1331733847612,-135.39485961538458,-91,-1760.133174999999,5,practice-gen-v1,27,True
10,development,B-A,0,0,0.0,0.0,0,0.0,4,practice-gen-v1,28,True
10,development,C-B,-315,0,-1086.5843597176813,-146.0584358000001,-59,-1460.584358,4,practice-gen-v1,28,True
10,development,C-A,-315,0,-1086.5843597176813,-146.0584358000001,-59,-1460.584358,4,practice-gen-v1,28,True
15,development,B-A,0,0,0.0,0.0,0,0.0,7,practice-gen-v1,29,True
15,development,C-B,-190,0,-937.6750707466279,-77.64500493333344,-37,-1164.6750740000007,7,practice-gen-v1,29,True
15,development,C-A,-190,0,-937.6750707466279,-77.64500493333344,-37,-1164.6750740000007,7,practice-gen-v1,29,True
13,development,B-A,0,0,0.0,0.0,0,0.0,1,practice-gen-v1,30,True
13,development,C-B,-70,0,-659.8380670838771,-56.98754369230778,-11,-740.8380680000009,1,practice-gen-v1,30,True
13,development,C-A,-70,0,-659.8380670838771,-56.98754369230778,-11,-740.8380680000009,1,practice-gen-v1,30,True
14,development,B-A,0,0,0.0,0.0,0,0.0,5,practice-gen-v1,31,True
14,development,C-B,-210,0,-615.06146858094,-61.14724757142858,-31,-856.061466000001,5,practice-gen-v1,31,True
14,development,C-A,-210,0,-615.06146858094,-61.14724757142858,-31,-856.061466000001,5,practice-gen-v1,31,True
12,evaluation,B-A,0,0,0.0,0.0,0,0.0,5,practice-gen-v1,32,True
12,evaluation,C-B,-245,0,-1406.9271361402018,-141.07726158333332,-41,-1692.9271389999994,5,practice-gen-v1,32,True
12,evaluation,C-A,-245,0,-1406.9271361402018,-141.07726158333332,-41,-1692.9271389999994,5,practice-gen-v1,32,True
14,evaluation,B-A,0,0,0.0,0.0,0,0.0,7,practice-gen-v1,33,True
14,evaluation,C-B,-305,0,-1004.9166343577242,-97.56547407142853,-56,-1365.9166370000003,7,practice-gen-v1,33,True
14,evaluation,C-A,-305,0,-1004.9166343577242,-97.56547407142853,-56,-1365.9166370000003,7,practice-gen-v1,33,True
16,evaluation,B-A,-60,0,-446.4487440605997,-32.27804650000007,-10,-516.4487440000012,14,practice-gen-v1,34,True
16,evaluation,C-B,75,0,-835.569357490589,-46.22308499999997,21,-739.5693599999995,14,practice-gen-v1,34,True
16,evaluation,C-A,15,0,-1282.0181015511887,-78.50113150000004,11,-1256.0181040000007,14,practice-gen-v1,34,True
15,evaluation,B-A,0,0,0.0,0.0,0,0.0,15,practice-gen-v1,35,False
15,evaluation,C-B,-50,0,-976.766375295131,-68.38442499999996,1,-1025.766375000001,15,practice-gen-v1,35,False
15,evaluation,C-A,-50,0,-976.766375295131,-68.38442499999996,1,-1025.766375000001,15,practice-gen-v1,35,False
14,evaluation,B-A,0,0,0.0,0.0,0,0.0,2,practice-gen-v1,36,True
14,evaluation,C-B,-455,0,-1279.3458117332289,-129.81041500000003,-83,-1817.3458100000007,2,practice-gen-v1,36,True
14,evaluation,C-A,-455,0,-1279.3458117332289,-129.81041500000003,-83,-1817.3458100000007,2,practice-gen-v1,36,True
15,evaluation,B-A,0,0,0.0,0.0,0,0.0,6,practice-gen-v1,37,True
15,evaluation,C-B,-335,0,-1317.471607392731,-114.09810733333336,-59,-1711.4716100000005,6,practice-gen-v1,37,True
15,evaluation,C-A,-335,0,-1317.471607392731,-114.09810733333336,-59,-1711.4716100000005,6,practice-gen-v1,37,True
12,evaluation,B-A,0,0,0.0,0.0,0,0.0,11,practice-gen-v1,38,True
12,evaluation,C-B,-800,0,-612.1690364449503,-130.93075308333346,-159,-1571.1690370000015,11,practice-gen-v1,38,True
12,evaluation,C-A,-800,0,-612.1690364449503,-130.93075308333346,-159,-1571.1690370000015,11,practice-gen-v1,38,True
11,evaluation,B-A,0,0,0.0,0.0,0,0.0,11,practice-gen-v1,39,False
11,evaluation,C-B,-555,0,-883.4375548567375,-139.8579594545455,-100,-1538.437554,11,practice-gen-v1,39,False
11,evaluation,C-A,-555,0,-883.4375548567375,-139.8579594545455,-100,-1538.437554,11,practice-gen-v1,39,False
12,evaluation,B-A,0,0,0.0,0.0,0,0.0,12,practice-gen-v1,40,False
12,evaluation,C-B,-260,0,-1189.1988615779221,-124.26657133333333,-42,-1491.198856000001,12,practice-gen-v1,40,False
12,evaluation,C-A,-260,0,-1189.1988615779221,-124.26657133333333,-42,-1491.198856000001,12,practice-gen-v1,40,False
14,evaluation,B-A,0,0,0.0,0.0,0,0.0,12,practice-gen-v1,41,True
14,evaluation,C-B,-340,0,-1585.845477442805,-141.91753385714287,-61,-1986.8454740000016,12,practice-gen-v1,41,True
14,evaluation,C-A,-340,0,-1585.845477442805,-141.91753385714287,-61,-1986.8454740000016,12,practice-gen-v1,41,True
11,evaluation,B-A,0,0,0.0,0.0,0,0.0,4,practice-gen-v1,42,True
11,evaluation,C-B,-565,0,-844.1340282611367,-137.73945709090913,-106,-1515.1340280000004,4,practice-gen-v1,42,True
11,evaluation,C-A,-565,0,-844.1340282611367,-137.73945709090913,-106,-1515.1340280000004,4,practice-gen-v1,42,True
15,evaluation,B-A,0,0,0.0,0.0,0,0.0,15,practice-gen-v1,43,False
15,evaluation,C-B,-50,0,-851.1148781534241,-60.07432519999986,0,-901.1148779999985,15,practice-gen-v1,43,False
15,evaluation,C-A,-50,0,-851.1148781534241,-60.07432519999986,0,-901.1148779999985,15,practice-gen-v1,43,False
10,evaluation,B-A,0,0,0.0,0.0,0,0.0,6,practice-gen-v1,44,True
10,evaluation,C-B,-295,0,-1367.8326241943694,-171.28326230000016,-50,-1712.8326230000002,6,practice-gen-v1,44,True
10,evaluation,C-A,-295,0,-1367.8326241943694,-171.28326230000016,-50,-1712.8326230000002,6,practice-gen-v1,44,True
15,evaluation,B-A,0,0,0.0,0.0,0,0.0,6,practice-gen-v1,45,True
15,evaluation,C-B,-225,0,-928.7939049119159,-79.38626019999992,-37,-1190.7939029999998,6,practice-gen-v1,45,True
15,evaluation,C-A,-225,0,-928.7939049119159,-79.38626019999992,-37,-1190.7939029999998,6,practice-gen-v1,45,True
10,evaluation,B-A,0,0,0.0,0.0,0,0.0,7,practice-gen-v1,46,True
10,evaluation,C-B,-795,0,-1626.9909157581715,-257.4990913999999,-153,-2574.990914,7,practice-gen-v1,46,True
10,evaluation,C-A,-795,0,-1626.9909157581715,-257.4990913999999,-153,-2574.990914,7,practice-gen-v1,46,True
13,evaluation,B-A,0,0,0.0,0.0,0,0.0,5,practice-gen-v1,47,True
13,evaluation,C-B,-580,0,-429.83541192413105,-86.14118569230766,-110,-1119.8354139999992,5,practice-gen-v1,47,True
13,evaluation,C-A,-580,0,-429.83541192413105,-86.14118569230766,-110,-1119.8354139999992,5,practice-gen-v1,47,True
15,evaluation,B-A,0,0,0.0,0.0,0,0.0,2,practice-gen-v1,48,True
15,evaluation,C-B,-95,0,-931.725477765812,-69.24836493333328,-12,-1038.725473999999,2,practice-gen-v1,48,True
15,evaluation,C-A,-95,0,-931.725477765812,-69.24836493333328,-12,-1038.725473999999,2,practice-gen-v1,48,True
15,evaluation,B-A,0,0,0.0,0.0,0,0.0,8,practice-gen-v1,49,True
15,evaluation,C-B,-205,0,-1041.5880664593583,-85.10587113333338,-30,-1276.5880670000006,8,practice-gen-v1,49,True
15,evaluation,C-A,-205,0,-1041.5880664593583,-85.10587113333338,-30,-1276.5880670000006,8,practice-gen-v1,49,True
14,evaluation,B-A,0,0,0.0,0.0,0,0.0,2,practice-gen-v1,50,True
14,evaluation,C-B,-105,0,-791.377622513118,-64.74125878571431,-10,-906.3776230000003,2,practice-gen-v1,50,True
14,evaluation,C-A,-105,0,-791.377622513118,-64.74125878571431,-10,-906.3776230000003,2,practice-gen-v1,50,True
10,evaluation,B-A,0,0,0.0,0.0,0,0.0,10,practice-gen-v1,51,False
10,evaluation,C-B,-535,0,-1396.4497203496358,-203.24497239999994,-101,-2032.449724,10,practice-gen-v1,51,False
10,evaluation,C-A,-535,0,-1396.4497203496358,-203.24497239999994,-101,-2032.449724,10,practice-gen-v1,51,False
12,evaluation,B-A,0,0,0.0,0.0,0,0.0,3,practice-gen-v1,52,True
12,evaluation,C-B,-900,0,-946.2691050192109,-168.35575841666673,-174,-2020.2691009999999,3,practice-gen-v1,52,True
12,evaluation,C-A,-900,0,-946.2691050192109,-168.35575841666673,-174,-2020.2691009999999,3,practice-gen-v1,52,True
11,evaluation,B-A,0,0,0.0,0.0,0,0.0,1,practice-gen-v1,53,True
11,evaluation,C-B,-245,0,-896.2869114362693,-107.75335527272728,-44,-1185.286908,1,practice-gen-v1,53,True
11,evaluation,C-A,-245,0,-896.2869114362693,-107.75335527272728,-44,-1185.286908,1,practice-gen-v1,53,True
13,evaluation,B-A,0,0,0.0,0.0,0,0.0,3,practice-gen-v1,54,True
13,evaluation,C-B,-645,0,-1427.3052322301228,-168.56194092307703,-119,-2191.3052320000006,3,practice-gen-v1,54,True
13,evaluation,C-A,-645,0,-1427.3052322301228,-168.56194092307703,-119,-2191.3052320000006,3,practice-gen-v1,54,True
11,evaluation,B-A,0,0,0.0,0.0,0,0.0,11,practice-gen-v1,55,False
11,evaluation,C-B,-615,0,-1177.9888998237068,-173.0898995454546,-111,-1903.9888950000004,11,practice-gen-v1,55,False
11,evaluation,C-A,-615,0,-1177.9888998237068,-173.0898995454546,-111,-1903.9888950000004,11,practice-gen-v1,55,False
11,evaluation,B-A,0,0,0.0,0.0,0,0.0,11,practice-gen-v1,56,False
11,evaluation,C-B,-470,0,-874.5665796561705,-129.96059818181823,-85,-1429.5665800000006,11,practice-gen-v1,56,False
11,evaluation,C-A,-470,0,-874.5665796561705,-129.96059818181823,-85,-1429.5665800000006,11,practice-gen-v1,56,False
13,evaluation,B-A,0,0,0.0,0.0,0,0.0,8,practice-gen-v1,57,True
13,evaluation,C-B,-305,0,-1033.347900268111,-107.25753130769237,-56,-1394.3479070000012,8,practice-gen-v1,57,True
13,evaluation,C-A,-305,0,-1033.347900268111,-107.25753130769237,-56,-1394.3479070000012,8,practice-gen-v1,57,True
15,evaluation,B-A,0,0,0.0,0.0,0,0.0,10,practice-gen-v1,58,True
15,evaluation,C-B,260,3,-648.0088252774324,-21.40058833333319,64,-321.008824999999,10,practice-gen-v1,58,True
15,evaluation,C-A,260,3,-648.0088252774324,-21.40058833333319,64,-321.008824999999,10,practice-gen-v1,58,True
13,evaluation,B-A,0,0,0.0,0.0,0,0.0,2,practice-gen-v1,59,True
13,evaluation,C-B,-185,0,-693.1192017970563,-69.7014768461537,-28,-906.1191989999988,2,practice-gen-v1,59,True
13,evaluation,C-A,-185,0,-693.1192017970563,-69.7014768461537,-28,-906.1191989999988,2,practice-gen-v1,59,True
16,evaluation,B-A,-280,0,-2292.7966626420994,-163.4247914375,-42,-2614.796663,5,practice-gen-v1,60,True
16,evaluation,C-B,15,0,141.83012613109022,9.989382999999975,3,159.8301279999996,5,practice-gen-v1,60,True
16,evaluation,C-A,-265,0,-2150.9665365110095,-153.43540843750003,-39,-2454.9665350000005,5,practice-gen-v1,60,True
12,evaluation,B-A,0,0,0.0,0.0,0,0.0,2,practice-gen-v1,61,True
12,evaluation,C-B,-475,0,-709.8125505485921,-105.90104550000012,-86,-1270.812546000001,2,practice-gen-v1,61,True
12,evaluation,C-A,-475,0,-709.8125505485921,-105.90104550000012,-86,-1270.812546000001,2,practice-gen-v1,61,True
10,evaluation,B-A,0,0,0.0,0.0,0,0.0,10,practice-gen-v1,62,False
10,evaluation,C-B,-760,0,-809.1184012923513,-171.71184019999998,-148,-1717.118402,10,practice-gen-v1,62,False
10,evaluation,C-A,-760,0,-809.1184012923513,-171.71184019999998,-148,-1717.118402,10,practice-gen-v1,62,False
14,evaluation,B-A,0,0,0.0,0.0,0,0.0,11,practice-gen-v1,63,True
14,evaluation,C-B,-165,0,-1024.2967000596777,-86.44976421428578,-21,-1210.2966990000004,11,practice-gen-v1,63,True
14,evaluation,C-A,-165,0,-1024.2967000596777,-86.44976421428578,-21,-1210.2966990000004,11,practice-gen-v1,63,True
16,evaluation,B-A,-140,0,-935.322036092083,-68.58262724999997,-22,-1097.3220359999996,5,practice-gen-v1,64,True
16,evaluation,C-B,-475,0,-573.3131392414485,-71.14457112500003,-90,-1138.3131380000004,5,practice-gen-v1,64,True
16,evaluation,C-A,-615,0,-1508.6351753335316,-139.727198375,-112,-2235.635174,5,practice-gen-v1,64,True
12,evaluation,B-A,0,0,0.0,0.0,0,0.0,6,practice-gen-v1,65,True
12,evaluation,C-B,-380,0,-910.3167801055403,-113.60973174999992,-73,-1363.3167809999995,6,practice-gen-v1,65,True
12,evaluation,C-A,-380,0,-910.3167801055403,-113.60973174999992,-73,-1363.3167809999995,6,practice-gen-v1,65,True
12,evaluation,B-A,0,0,0.0,0.0,0,0.0,8,practice-gen-v1,66,True
12,evaluation,C-B,-250,0,-843.1776230680647,-94.93146866666666,-46,-1139.177624,8,practice-gen-v1,66,True
12,evaluation,C-A,-250,0,-843.1776230680647,-94.93146866666666,-46,-1139.177624,8,practice-gen-v1,66,True
16,evaluation,B-A,-560,0,-3931.7243602591398,-286.0452725625,-85,-4576.724361,2,practice-gen-v1,67,True
16,evaluation,C-B,405,0,2593.1239051175326,191.57024393749998,67,3065.1239029999997,2,practice-gen-v1,67,True
16,evaluation,C-A,-155,0,-1338.6004551416074,-94.475028625,-18,-1511.600458,2,practice-gen-v1,67,True
14,evaluation,B-A,0,0,0.0,0.0,0,0.0,13,practice-gen-v1,68,True
14,evaluation,C-B,-120,0,-1299.6583887045344,-103.04702800000007,-23,-1442.6583920000012,13,practice-gen-v1,68,True
14,evaluation,C-A,-120,0,-1299.6583887045344,-103.04702800000007,-23,-1442.6583920000012,13,practice-gen-v1,68,True
12,evaluation,B-A,0,0,0.0,0.0,0,0.0,5,practice-gen-v1,69,True
12,evaluation,C-B,-120,0,-992.3223552692886,-94.11019624999994,-17,-1129.3223550000002,5,practice-gen-v1,69,True
12,evaluation,C-A,-120,0,-992.3223552692886,-94.11019624999994,-17,-1129.3223550000002,5,practice-gen-v1,69,True
12,evaluation,B-A,0,0,0.0,0.0,0,0.0,4,practice-gen-v1,70,True
12,evaluation,C-B,-360,0,-926.1364176332506,-112.76136799999995,-67,-1353.1364159999994,4,practice-gen-v1,70,True
12,evaluation,C-A,-360,0,-926.1364176332506,-112.76136799999995,-67,-1353.1364159999994,4,practice-gen-v1,70,True
16,evaluation,B-A,-220,0,-1601.367357980676,-115.89795987499997,-33,-1854.3673579999995,9,practice-gen-v1,71,True
16,evaluation,C-B,145,0,563.2608722890822,46.328804624999975,33,741.2608739999996,9,practice-gen-v1,71,True
16,evaluation,C-A,-75,0,-1038.106485691594,-69.56915525,0,-1113.106484,9,practice-gen-v1,71,True
16,evaluation,B-A,-160,0,-1131.912376665748,-82.30702356250004,-25,-1316.9123770000006,14,practice-gen-v1,72,True
16,evaluation,C-B,-260,0,-535.5278988960694,-53.03299362500002,-53,-848.5278980000003,14,practice-gen-v1,72,True
16,evaluation,C-A,-420,0,-1667.4402755618175,-135.34001718750005,-78,-2165.440275000001,14,practice-gen-v1,72,True
16,evaluation,B-A,-200,0,-1477.9899127878184,-106.81186956250002,-31,-1708.9899130000003,4,practice-gen-v1,73,True
16,evaluation,C-B,-175,0,-479.63943869104986,-42.664964999999995,-28,-682.6394399999999,4,practice-gen-v1,73,True
16,evaluation,C-A,-375,0,-1957.629351478868,-149.47683456250002,-59,-2391.6293530000003,4,practice-gen-v1,73,True
16,evaluation,B-A,-120,0,-834.0746853609205,-60.817167874999996,-19,-973.0746859999999,12,practice-gen-v1,74,True
16,evaluation,C-B,-545,0,-2550.365557124799,-199.02284712499994,-89,-3184.365553999999,12,practice-gen-v1,74,True
16,evaluation,C-A,-665,0,-3384.4402424857194,-259.84001499999994,-108,-4157.440239999999,12,practice-gen-v1,74,True
12,evaluation,B-A,0,0,0.0,0.0,0,0.0,2,practice-gen-v1,75,True
12,evaluation,C-B,-490,0,-1293.5899198838263,-156.3824933333333,-93,-1876.5899200000003,2,practice-gen-v1,75,True
12,evaluation,C-A,-490,0,-1293.5899198838263,-156.3824933333333,-93,-1876.5899200000003,2,practice-gen-v1,75,True
13,evaluation,B-A,0,0,0.0,0.0,0,0.0,11,practice-gen-v1,76,True
13,evaluation,C-B,-890,0,-378.31588579694653,-110.79352976923076,-172,-1440.3158869999988,11,practice-gen-v1,76,True
13,evaluation,C-A,-890,0,-378.31588579694653,-110.79352976923076,-172,-1440.3158869999988,11,practice-gen-v1,76,True
14,evaluation,B-A,0,0,0.0,0.0,0,0.0,1,practice-gen-v1,77,True
14,evaluation,C-B,-195,0,-1386.2573877876152,-114.94695650000006,-28,-1609.257391000001,1,practice-gen-v1,77,True
14,evaluation,C-A,-195,0,-1386.2573877876152,-114.94695650000006,-28,-1609.257391000001,1,practice-gen-v1,77,True
16,evaluation,B-A,-180,0,-1328.9973969524303,-95.99983731250006,-27,-1535.997397000001,13,practice-gen-v1,78,True
16,evaluation,C-B,125,0,-587.6601372697921,-26.916258374999984,32,-430.66013399999974,13,practice-gen-v1,78,True
16,evaluation,C-A,-55,0,-1916.6575342222227,-122.91609568750005,5,-1966.6575310000007,13,practice-gen-v1,78,True
11,evaluation,B-A,0,0,0.0,0.0,0,0.0,8,practice-gen-v1,79,True
11,evaluation,C-B,-545,0,-627.805308412337,-116.07321018181824,-104,-1276.8053120000004,8,practice-gen-v1,79,True
11,evaluation,C-A,-545,0,-627.805308412337,-116.07321018181824,-104,-1276.8053120000004,8,practice-gen-v1,79,True
10,evaluation,B-A,0,0,0.0,0.0,0,0.0,4,practice-gen-v1,80,True
10,evaluation,C-B,-525,0,-765.7013740112212,-138.97013760000016,-99,-1389.701376000001,4,practice-gen-v1,80,True
10,evaluation,C-A,-525,0,-765.7013740112212,-138.97013760000016,-99,-1389.701376000001,4,practice-gen-v1,80,True
13,evaluation,B-A,0,0,0.0,0.0,0,0.0,7,practice-gen-v1,81,True
13,evaluation,C-B,-405,0,-707.529165810303,-91.11762846153852,-72,-1184.5291699999998,7,practice-gen-v1,81,True
13,evaluation,C-A,-405,0,-707.529165810303,-91.11762846153852,-72,-1184.5291699999998,7,practice-gen-v1,81,True
14,evaluation,B-A,0,0,0.0,0.0,0,0.0,4,practice-gen-v1,82,True
14,evaluation,C-B,-115,0,-453.25098957565933,-42.16078485714286,-22,-590.2509879999998,4,practice-gen-v1,82,True
14,evaluation,C-A,-115,0,-453.25098957565933,-42.16078485714286,-22,-590.2509879999998,4,practice-gen-v1,82,True
11,evaluation,B-A,0,0,0.0,0.0,0,0.0,6,practice-gen-v1,83,True
11,evaluation,C-B,225,0,-1618.5760104312817,-121.3250917272727,59,-1334.5760090000003,6,practice-gen-v1,83,True
11,evaluation,C-A,225,0,-1618.5760104312817,-121.3250917272727,59,-1334.5760090000003,6,practice-gen-v1,83,True
15,evaluation,B-A,0,0,0.0,0.0,0,0.0,2,practice-gen-v1,84,True
15,evaluation,C-B,55,0,-1123.9717905531616,-69.93145266666659,20,-1048.9717899999996,2,practice-gen-v1,84,True
15,evaluation,C-A,55,0,-1123.9717905531616,-69.93145266666659,20,-1048.9717899999996,2,practice-gen-v1,84,True
10,evaluation,B-A,0,0,0.0,0.0,0,0.0,8,practice-gen-v1,85,True
10,evaluation,C-B,-465,0,-886.2093269441881,-143.72093270000016,-86,-1437.2093270000005,8,practice-gen-v1,85,True
10,evaluation,C-A,-465,0,-886.2093269441881,-143.72093270000016,-86,-1437.2093270000005,8,practice-gen-v1,85,True
15,evaluation,B-A,0,0,0.0,0.0,0,0.0,3,practice-gen-v1,86,True
15,evaluation,C-B,-195,0,-925.3307976050143,-76.88871993333328,-33,-1153.3307989999994,3,practice-gen-v1,86,True
15,evaluation,C-A,-195,0,-925.3307976050143,-76.88871993333328,-33,-1153.3307989999994,3,practice-gen-v1,86,True
14,evaluation,B-A,0,0,0.0,0.0,0,0.0,1,practice-gen-v1,87,True
14,evaluation,C-B,-650,0,-1040.3625514406472,-129.45446821428584,-122,-1812.3625550000015,1,practice-gen-v1,87,True
14,evaluation,C-A,-650,0,-1040.3625514406472,-129.45446821428584,-122,-1812.3625550000015,1,practice-gen-v1,87,True
10,evaluation,B-A,0,0,0.0,0.0,0,0.0,9,practice-gen-v1,88,True
10,evaluation,C-B,-460,0,-1475.388954032192,-201.93889560000002,-84,-2019.3889560000007,9,practice-gen-v1,88,True
10,evaluation,C-A,-460,0,-1475.388954032192,-201.93889560000002,-84,-2019.3889560000007,9,practice-gen-v1,88,True
12,evaluation,B-A,0,0,0.0,0.0,0,0.0,5,practice-gen-v1,89,True
12,evaluation,C-B,-170,0,-1046.3447610984956,-103.61206324999989,-27,-1243.3447589999996,5,practice-gen-v1,89,True
12,evaluation,C-A,-170,0,-1046.3447610984956,-103.61206324999989,-27,-1243.3447589999996,5,practice-gen-v1,89,True
10,evaluation,B-A,0,0,0.0,0.0,0,0.0,3,practice-gen-v1,90,True
10,evaluation,C-B,-480,0,-1230.6469001671335,-179.7646899,-87,-1797.6468989999994,3,practice-gen-v1,90,True
10,evaluation,C-A,-480,0,-1230.6469001671335,-179.7646899,-87,-1797.6468989999994,3,practice-gen-v1,90,True
11,evaluation,B-A,0,0,0.0,0.0,0,0.0,1,practice-gen-v1,91,True
11,evaluation,C-B,-390,0,-1910.5488851043542,-215.50444381818193,-70,-2370.548882000001,1,practice-gen-v1,91,True
11,evaluation,C-A,-390,0,-1910.5488851043542,-215.50444381818193,-70,-2370.548882000001,1,practice-gen-v1,91,True
10,evaluation,B-A,0,0,0.0,0.0,0,0.0,10,practice-gen-v1,92,False
10,evaluation,C-B,-380,0,-1303.113670788273,-174.61136690000012,-63,-1746.1136690000003,10,practice-gen-v1,92,False
10,evaluation,C-A,-380,0,-1303.113670788273,-174.61136690000012,-63,-1746.1136690000003,10,practice-gen-v1,92,False
11,evaluation,B-A,0,0,0.0,0.0,0,0.0,8,practice-gen-v1,93,True
11,evaluation,C-B,-805,0,-720.751757082119,-153.06834181818192,-158,-1683.751760000001,8,practice-gen-v1,93,True
11,evaluation,C-A,-805,0,-720.751757082119,-153.06834181818192,-158,-1683.751760000001,8,practice-gen-v1,93,True
12,evaluation,B-A,0,0,0.0,0.0,0,0.0,7,practice-gen-v1,94,True
12,evaluation,C-B,-615,0,-1027.536293636341,-146.79469124999991,-119,-1761.5362949999999,7,practice-gen-v1,94,True
12,evaluation,C-A,-615,0,-1027.536293636341,-146.79469124999991,-119,-1761.5362949999999,7,practice-gen-v1,94,True
10,evaluation,B-A,0,0,0.0,0.0,0,0.0,9,practice-gen-v1,95,True
10,evaluation,C-B,-535,0,-1086.2889498135846,-172.22889469999984,-101,-1722.288946999999,9,practice-gen-v1,95,True
10,evaluation,C-A,-535,0,-1086.2889498135846,-172.22889469999984,-101,-1722.288946999999,9,practice-gen-v1,95,True
11,evaluation,B-A,0,0,0.0,0.0,0,0.0,11,practice-gen-v1,96,False
11,evaluation,C-B,-345,0,-1404.5422263605985,-164.3220201818183,-58,-1807.542222,11,practice-gen-v1,96,False
11,evaluation,C-A,-345,0,-1404.5422263605985,-164.3220201818183,-58,-1807.542222,11,practice-gen-v1,96,False
16,evaluation,B-A,-160,0,-1248.8481333557052,-89.55300831249997,-24,-1432.8481329999995,15,practice-gen-v1,97,True
16,evaluation,C-B,-180,0,-163.23279727616608,-23.327050062500007,-30,-373.2328010000001,15,practice-gen-v1,97,True
16,evaluation,C-A,-340,0,-1412.080930631871,-112.88005837499998,-54,-1806.0809339999996,15,practice-gen-v1,97,True
10,evaluation,B-A,0,0,0.0,0.0,0,0.0,10,practice-gen-v1,98,False
10,evaluation,C-B,-115,0,-1389.117067332237,-151.71170680000023,-13,-1517.1170680000014,10,practice-gen-v1,98,False
10,evaluation,C-A,-115,0,-1389.117067332237,-151.71170680000023,-13,-1517.1170680000014,10,practice-gen-v1,98,False
13,evaluation,B-A,0,0,0.0,0.0,0,0.0,4,practice-gen-v1,99,True
13,evaluation,C-B,-135,0,-1075.1281130802745,-94.62523953846141,-20,-1230.1281139999992,4,practice-gen-v1,99,True
13,evaluation,C-A,-135,0,-1075.1281130802745,-94.62523953846141,-20,-1230.1281139999992,4,practice-gen-v1,99,True
15,evaluation,B-A,0,0,0.0,0.0,0,0.0,4,practice-gen-v1,100,True
15,evaluation,C-B,-395,0,-1017.63292429227,-98.57552826666677,-66,-1478.6329240000014,4,practice-gen-v1,100,True
15,evaluation,C-A,-395,0,-1017.63292429227,-98.57552826666677,-66,-1478.6329240000014,4,practice-gen-v1,100,True
13,evaluation,B-A,0,0,0.0,0.0,0,0.0,1,practice-gen-v1,101,True
13,evaluation,C-B,-15,0,-1062.1867216767416,-82.32205530769227,7,-1070.1867189999994,1,practice-gen-v1,101,True
13,evaluation,C-A,-15,0,-1062.1867216767416,-82.32205530769227,7,-1070.1867189999994,1,practice-gen-v1,101,True
10,evaluation,B-A,0,0,0.0,0.0,0,0.0,5,practice-gen-v1,102,True
10,evaluation,C-B,-435,0,-1313.4795483872767,-182.64795530000015,-78,-1826.479553000001,5,practice-gen-v1,102,True
10,evaluation,C-A,-435,0,-1313.4795483872767,-182.64795530000015,-78,-1826.479553000001,5,practice-gen-v1,102,True
11,evaluation,B-A,0,0,0.0,0.0,0,0.0,3,practice-gen-v1,103,True
11,evaluation,C-B,-535,0,-793.8165566130396,-130.16514127272717,-103,-1431.816553999999,3,practice-gen-v1,103,True
11,evaluation,C-A,-535,0,-793.8165566130396,-130.16514127272717,-103,-1431.816553999999,3,practice-gen-v1,103,True
12,evaluation,B-A,0,0,0.0,0.0,0,0.0,11,practice-gen-v1,104,True
12,evaluation,C-B,-550,0,-1068.028664020192,-142.83572183333342,-96,-1714.0286620000006,11,practice-gen-v1,104,True
12,evaluation,C-A,-550,0,-1068.028664020192,-142.83572183333342,-96,-1714.0286620000006,11,practice-gen-v1,104,True
10,evaluation,B-A,0,0,0.0,0.0,0,0.0,9,practice-gen-v1,105,True
10,evaluation,C-B,-365,0,-996.8305215290733,-142.58305239999993,-64,-1425.830523999999,9,practice-gen-v1,105,True
10,evaluation,C-A,-365,0,-996.8305215290733,-142.58305239999993,-64,-1425.830523999999,9,practice-gen-v1,105,True
15,evaluation,B-A,0,0,0.0,0.0,0,0.0,13,practice-gen-v1,106,True
15,evaluation,C-B,-275,0,-1206.4782048324262,-102.16521399999999,-51,-1532.4782099999993,13,practice-gen-v1,106,True
15,evaluation,C-A,-275,0,-1206.4782048324262,-102.16521399999999,-51,-1532.4782099999993,13,practice-gen-v1,106,True
12,evaluation,B-A,0,0,0.0,0.0,0,0.0,10,practice-gen-v1,107,True
12,evaluation,C-B,-75,0,-1212.1854722283001,-107.26545558333328,0,-1287.1854669999993,10,practice-gen-v1,107,True
12,evaluation,C-A,-75,0,-1212.1854722283001,-107.26545558333328,0,-1287.1854669999993,10,practice-gen-v1,107,True
15,evaluation,B-A,0,0,0.0,0.0,0,0.0,5,practice-gen-v1,108,True
15,evaluation,C-B,-650,0,-610.8104354468348,-91.85402893333344,-117,-1377.810434000001,5,practice-gen-v1,108,True
15,evaluation,C-A,-650,0,-610.8104354468348,-91.85402893333344,-117,-1377.810434000001,5,practice-gen-v1,108,True
15,evaluation,B-A,0,0,0.0,0.0,0,0.0,2,practice-gen-v1,109,True
15,evaluation,C-B,5,0,-1071.2311478106035,-70.81540966666671,4,-1062.2311450000016,2,practice-gen-v1,109,True
15,evaluation,C-A,5,0,-1071.2311478106035,-70.81540966666671,4,-1062.2311450000016,2,practice-gen-v1,109,True
10,evaluation,B-A,0,0,0.0,0.0,0,0.0,7,practice-gen-v1,110,True
10,evaluation,C-B,-410,0,-301.9641798732322,-78.69641820000015,-75,-786.9641819999997,7,practice-gen-v1,110,True
10,evaluation,C-A,-410,0,-301.9641798732322,-78.69641820000015,-75,-786.9641819999997,7,practice-gen-v1,110,True
10,evaluation,B-A,0,0,0.0,0.0,0,0.0,8,practice-gen-v1,111,True
10,evaluation,C-B,-885,0,-546.7767217120287,-160.27767169999993,-171,-1602.7767169999988,8,practice-gen-v1,111,True
10,evaluation,C-A,-885,0,-546.7767217120287,-160.27767169999993,-171,-1602.7767169999988,8,practice-gen-v1,111,True
14,evaluation,B-A,0,0,0.0,0.0,0,0.0,11,practice-gen-v1,112,True
14,evaluation,C-B,-310,0,-1139.3718190498716,-107.52655821428573,-56,-1505.3718150000004,11,practice-gen-v1,112,True
14,evaluation,C-A,-310,0,-1139.3718190498716,-107.52655821428573,-56,-1505.3718150000004,11,practice-gen-v1,112,True
10,evaluation,B-A,0,0,0.0,0.0,0,0.0,9,practice-gen-v1,113,True
10,evaluation,C-B,-390,0,-1129.5452502494772,-158.05452520000006,-61,-1580.545252,9,practice-gen-v1,113,True
10,evaluation,C-A,-390,0,-1129.5452502494772,-158.05452520000006,-61,-1580.545252,9,practice-gen-v1,113,True
11,evaluation,B-A,0,0,0.0,0.0,0,0.0,9,practice-gen-v1,114,True
11,evaluation,C-B,-355,0,-225.55448413993,-58.23222554545464,-60,-640.554481000001,9,practice-gen-v1,114,True
11,evaluation,C-A,-355,0,-225.55448413993,-58.23222554545464,-60,-640.554481000001,9,practice-gen-v1,114,True
12,evaluation,B-A,0,0,0.0,0.0,0,0.0,5,practice-gen-v1,115,True
12,evaluation,C-B,-390,0,-857.5113332131768,-109.79261108333333,-70,-1317.5113330000004,5,practice-gen-v1,115,True
12,evaluation,C-A,-390,0,-857.5113332131768,-109.79261108333333,-70,-1317.5113330000004,5,practice-gen-v1,115,True
10,evaluation,B-A,0,0,0.0,0.0,0,0.0,9,practice-gen-v1,116,True
10,evaluation,C-B,-295,0,-1403.883010196993,-174.68830070000013,-48,-1746.8830070000004,9,practice-gen-v1,116,True
10,evaluation,C-A,-295,0,-1403.883010196993,-174.68830070000013,-48,-1746.8830070000004,9,practice-gen-v1,116,True
13,evaluation,B-A,0,0,0.0,0.0,0,0.0,6,practice-gen-v1,117,True
13,evaluation,C-B,-375,0,-1295.139895892229,-133.54922284615384,-66,-1736.139896999999,6,practice-gen-v1,117,True
13,evaluation,C-A,-375,0,-1295.139895892229,-133.54922284615384,-66,-1736.139896999999,6,practice-gen-v1,117,True
11,evaluation,B-A,0,0,0.0,0.0,0,0.0,7,practice-gen-v1,118,True
11,evaluation,C-B,-470,0,-999.2274149421821,-141.47521936363626,-87,-1556.2274129999987,7,practice-gen-v1,118,True
11,evaluation,C-A,-470,0,-999.2274149421821,-141.47521936363626,-87,-1556.2274129999987,7,practice-gen-v1,118,True
13,evaluation,B-A,0,0,0.0,0.0,0,0.0,10,practice-gen-v1,119,True
13,evaluation,C-B,25,0,56.92159526999603,6.6862766153846,5,86.92159600000014,10,practice-gen-v1,119,True
13,evaluation,C-A,25,0,56.92159526999603,6.6862766153846,5,86.92159600000014,10,practice-gen-v1,119,True
12,evaluation,B-A,0,0,0.0,0.0,0,0.0,7,practice-gen-v1,120,True
12,evaluation,C-B,-500,0,-983.1742271167583,-131.34785233333332,-93,-1576.1742279999999,7,practice-gen-v1,120,True
12,evaluation,C-A,-500,0,-983.1742271167583,-131.34785233333332,-93,-1576.1742279999999,7,practice-gen-v1,120,True
14,evaluation,B-A,0,0,0.0,0.0,0,0.0,7,practice-gen-v1,121,True
14,evaluation,C-B,-205,0,-991.5913714569891,-87.82795514285704,-33,-1229.591371999999,7,practice-gen-v1,121,True
14,evaluation,C-A,-205,0,-991.5913714569891,-87.82795514285704,-33,-1229.591371999999,7,practice-gen-v1,121,True
11,evaluation,B-A,0,0,0.0,0.0,0,0.0,4,practice-gen-v1,122,True
11,evaluation,C-B,-925,0,-1074.7691503461697,-197.7062861818182,-175,-2174.7691479999994,4,practice-gen-v1,122,True
11,evaluation,C-A,-925,0,-1074.7691503461697,-197.7062861818182,-175,-2174.7691479999994,4,practice-gen-v1,122,True
10,evaluation,B-A,0,0,0.0,0.0,0,0.0,3,practice-gen-v1,123,True
10,evaluation,C-B,-185,0,-784.6241279019748,-99.66241270000023,-27,-996.624127000001,3,practice-gen-v1,123,True
10,evaluation,C-A,-185,0,-784.6241279019748,-99.66241270000023,-27,-996.624127000001,3,practice-gen-v1,123,True
12,evaluation,B-A,0,0,0.0,0.0,0,0.0,8,practice-gen-v1,124,True
12,evaluation,C-B,-305,0,-1202.4421545468867,-129.95351299999993,-52,-1559.4421559999992,8,practice-gen-v1,124,True
12,evaluation,C-A,-305,0,-1202.4421545468867,-129.95351299999993,-52,-1559.4421559999992,8,practice-gen-v1,124,True
14,evaluation,B-A,0,0,0.0,0.0,0,0.0,5,practice-gen-v1,125,True
14,evaluation,C-B,-250,0,-1016.2568371740541,-93.37548828571425,-41,-1307.2568359999987,5,practice-gen-v1,125,True
14,evaluation,C-A,-250,0,-1016.2568371740541,-93.37548828571425,-41,-1307.2568359999987,5,practice-gen-v1,125,True
15,evaluation,B-A,0,0,0.0,0.0,0,0.0,8,practice-gen-v1,126,True
15,evaluation,C-B,-285,0,-1604.2360537380796,-128.81573666666657,-43,-1932.2360499999995,8,practice-gen-v1,126,True
15,evaluation,C-A,-285,0,-1604.2360537380796,-128.81573666666657,-43,-1932.2360499999995,8,practice-gen-v1,126,True
11,evaluation,B-A,0,0,0.0,0.0,0,0.0,7,practice-gen-v1,127,True
11,evaluation,C-B,-805,0,-1027.7173125956317,-180.33793745454534,-151,-1983.7173119999989,7,practice-gen-v1,127,True
11,evaluation,C-A,-805,0,-1027.7173125956317,-180.33793745454534,-151,-1983.7173119999989,7,practice-gen-v1,127,True
12,evaluation,B-A,0,0,0.0,0.0,0,0.0,3,practice-gen-v1,128,True
12,evaluation,C-B,-375,0,-1121.0242399570284,-130.16868666666664,-66,-1562.0242399999988,3,practice-gen-v1,128,True
12,evaluation,C-A,-375,0,-1121.0242399570284,-130.16868666666664,-66,-1562.0242399999988,3,practice-gen-v1,128,True
15,evaluation,B-A,0,0,0.0,0.0,0,0.0,6,practice-gen-v1,129,True
15,evaluation,C-B,15,0,-1672.093258456794,-109.60621733333335,13,-1644.0932599999996,6,practice-gen-v1,129,True
15,evaluation,C-A,15,0,-1672.093258456794,-109.60621733333335,13,-1644.0932599999996,6,practice-gen-v1,129,True
10,evaluation,B-A,0,0,0.0,0.0,0,0.0,8,practice-gen-v1,130,True
10,evaluation,C-B,-385,0,-554.4419418935125,-101.24419410000007,-73,-1012.441941000001,8,practice-gen-v1,130,True
10,evaluation,C-A,-385,0,-554.4419418935125,-101.24419410000007,-73,-1012.441941000001,8,practice-gen-v1,130,True
10,evaluation,B-A,0,0,0.0,0.0,0,0.0,4,practice-gen-v1,131,True
10,evaluation,C-B,-290,0,-889.8745956849016,-123.08745939999983,-51,-1230.874593999999,4,practice-gen-v1,131,True
10,evaluation,C-A,-290,0,-889.8745956849016,-123.08745939999983,-51,-1230.874593999999,4,practice-gen-v1,131,True
10,evaluation,B-A,0,0,0.0,0.0,0,0.0,9,practice-gen-v1,132,True
10,evaluation,C-B,-495,0,-835.4307295935548,-141.94307330000004,-89,-1419.4307329999992,9,practice-gen-v1,132,True
10,evaluation,C-A,-495,0,-835.4307295935548,-141.94307330000004,-89,-1419.4307329999992,9,practice-gen-v1,132,True
10,evaluation,B-A,0,0,0.0,0.0,0,0.0,3,practice-gen-v1,133,True
10,evaluation,C-B,-480,0,-1063.4661024744753,-163.24661040000012,-89,-1632.466104000001,3,practice-gen-v1,133,True
10,evaluation,C-A,-480,0,-1063.4661024744753,-163.24661040000012,-89,-1632.466104000001,3,practice-gen-v1,133,True
16,evaluation,B-A,-120,0,-1139.8786778575436,-79.92991737499995,-19,-1278.8786779999991,4,practice-gen-v1,134,True
16,evaluation,C-B,-570,0,-1427.5201821145347,-131.34501143750003,-104,-2101.5201830000005,4,practice-gen-v1,134,True
16,evaluation,C-A,-690,0,-2567.3988599720783,-211.27492881249998,-123,-3380.3988609999997,4,practice-gen-v1,134,True
12,evaluation,B-A,0,0,0.0,0.0,0,0.0,10,practice-gen-v1,135,True
12,evaluation,C-B,-315,0,-1224.1978438509286,-133.09982025,-58,-1597.197843,10,practice-gen-v1,135,True
12,evaluation,C-A,-315,0,-1224.1978438509286,-133.09982025,-58,-1597.197843,10,practice-gen-v1,135,True
11,evaluation,B-A,0,0,0.0,0.0,0,0.0,2,practice-gen-v1,136,True
11,evaluation,C-B,-65,0,-1303.9456800155226,-124.72233481818171,-3,-1371.945683,2,practice-gen-v1,136,True
11,evaluation,C-A,-65,0,-1303.9456800155226,-124.72233481818171,-3,-1371.945683,2,practice-gen-v1,136,True
13,evaluation,B-A,0,0,0.0,0.0,0,0.0,2,practice-gen-v1,137,True
13,evaluation,C-B,-165,0,-668.6731996220594,-65.8210153846153,-22,-855.6731999999993,2,practice-gen-v1,137,True
13,evaluation,C-A,-165,0,-668.6731996220594,-65.8210153846153,-22,-855.6731999999993,2,practice-gen-v1,137,True
12,evaluation,B-A,0,0,0.0,0.0,0,0.0,3,practice-gen-v1,138,True
12,evaluation,C-B,-465,0,-1191.8508782180775,-145.07090658333345,-84,-1740.8508790000014,3,practice-gen-v1,138,True
12,evaluation,C-A,-465,0,-1191.8508782180775,-145.07090658333345,-84,-1740.8508790000014,3,practice-gen-v1,138,True
15,evaluation,B-A,0,0,0.0,0.0,0,0.0,4,practice-gen-v1,139,True
15,evaluation,C-B,-265,0,-889.2415870628065,-80.08277239999995,-47,-1201.241586,4,practice-gen-v1,139,True
15,evaluation,C-A,-265,0,-889.2415870628065,-80.08277239999995,-47,-1201.241586,4,practice-gen-v1,139,True
16,evaluation,B-A,-80,0,-451.4428855139748,-34.027680375000045,-13,-544.4428860000007,8,practice-gen-v1,140,True
16,evaluation,C-B,-405,0,-1971.0381122053514,-152.752382,-68,-2444.038112,8,practice-gen-v1,140,True
16,evaluation,C-A,-485,0,-2422.4809977193263,-186.78006237500006,-81,-2988.480998000001,8,practice-gen-v1,140,True
13,evaluation,B-A,0,0,0.0,0.0,0,0.0,11,practice-gen-v1,141,True
13,evaluation,C-B,-200,0,-1166.245959381129,-107.24968938461552,-28,-1394.2459620000009,11,practice-gen-v1,141,True
13,evaluation,C-A,-200,0,-1166.245959381129,-107.24968938461552,-28,-1394.2459620000009,11,practice-gen-v1,141,True
14,evaluation,B-A,0,0,0.0,0.0,0,0.0,9,practice-gen-v1,142,True
14,evaluation,C-B,-315,0,-964.5151824744578,-95.10822735714282,-52,-1331.5151829999995,9,practice-gen-v1,142,True
14,evaluation,C-A,-315,0,-964.5151824744578,-95.10822735714282,-52,-1331.5151829999995,9,practice-gen-v1,142,True
14,evaluation,B-A,0,0,0.0,0.0,0,0.0,11,practice-gen-v1,143,True
14,evaluation,C-B,-385,0,-1055.682723830326,-107.90590907142871,-70,-1510.6827270000013,11,practice-gen-v1,143,True
14,evaluation,C-A,-385,0,-1055.682723830326,-107.90590907142871,-70,-1510.6827270000013,11,practice-gen-v1,143,True
12,evaluation,B-A,0,0,0.0,0.0,0,0.0,11,practice-gen-v1,144,True
12,evaluation,C-B,-120,0,-677.3404477843709,-68.02837016666672,-19,-816.3404420000006,11,practice-gen-v1,144,True
12,evaluation,C-A,-120,0,-677.3404477843709,-68.02837016666672,-19,-816.3404420000006,11,practice-gen-v1,144,True
11,evaluation,B-A,0,0,0.0,0.0,0,0.0,1,practice-gen-v1,145,True
11,evaluation,C-B,-640,0,-843.861351107523,-145.80557772727263,-120,-1603.861354999999,1,practice-gen-v1,145,True
11,evaluation,C-A,-640,0,-843.861351107523,-145.80557772727263,-120,-1603.861354999999,1,practice-gen-v1,145,True
10,evaluation,B-A,0,0,0.0,0.0,0,0.0,2,practice-gen-v1,146,True
10,evaluation,C-B,-860,0,-833.54160329628,-185.75416000000007,-164,-1857.5416000000005,2,practice-gen-v1,146,True
10,evaluation,C-A,-860,0,-833.54160329628,-185.75416000000007,-164,-1857.5416000000005,2,practice-gen-v1,146,True
13,evaluation,B-A,0,0,0.0,0.0,0,0.0,9,practice-gen-v1,147,True
13,evaluation,C-B,-145,0,-1005.8902592234648,-90.22232807692308,-22,-1172.890265,9,practice-gen-v1,147,True
13,evaluation,C-A,-145,0,-1005.8902592234648,-90.22232807692308,-22,-1172.890265,9,practice-gen-v1,147,True
11,evaluation,B-A,0,0,0.0,0.0,0,0.0,1,practice-gen-v1,148,True
11,evaluation,C-B,-385,0,-1000.2696174569835,-132.2972380000001,-70,-1455.2696180000003,1,practice-gen-v1,148,True
11,evaluation,C-A,-385,0,-1000.2696174569835,-132.2972380000001,-70,-1455.2696180000003,1,practice-gen-v1,148,True
15,evaluation,B-A,0,0,0.0,0.0,0,0.0,14,practice-gen-v1,149,True
15,evaluation,C-B,25,0,-946.8830803536912,-60.85887180000009,9,-912.8830770000004,14,practice-gen-v1,149,True
15,evaluation,C-A,25,0,-946.8830803536912,-60.85887180000009,9,-912.8830770000004,14,practice-gen-v1,149,True
10,evaluation,B-A,0,0,0.0,0.0,0,0.0,8,practice-gen-v1,150,True
10,evaluation,C-B,-675,0,-1089.5835167920268,-189.1583518,-127,-1891.5835180000013,8,practice-gen-v1,150,True
10,evaluation,C-A,-675,0,-1089.5835167920268,-189.1583518,-127,-1891.5835180000013,8,practice-gen-v1,150,True
11,evaluation,B-A,0,0,0.0,0.0,0,0.0,9,practice-gen-v1,151,True
11,evaluation,C-B,-540,0,-898.505741075518,-139.95506736363643,-101,-1539.5057410000009,9,practice-gen-v1,151,True
11,evaluation,C-A,-540,0,-898.505741075518,-139.95506736363643,-101,-1539.5057410000009,9,practice-gen-v1,151,True
16,evaluation,B-A,-60,0,-554.5999621627125,-39.037497625000015,-10,-624.5999620000002,14,practice-gen-v1,152,True
16,evaluation,C-B,-130,0,-1639.2680279371539,-111.01675150000005,-7,-1776.2680240000009,14,practice-gen-v1,152,True
16,evaluation,C-A,-190,0,-2193.8679900998663,-150.05424912500007,-17,-2400.867986000001,14,practice-gen-v1,152,True
10,evaluation,B-A,0,0,0.0,0.0,0,0.0,7,practice-gen-v1,153,True
10,evaluation,C-B,-510,0,-986.6360388413683,-159.2636038999998,-96,-1592.636038999999,7,practice-gen-v1,153,True
10,evaluation,C-A,-510,0,-986.6360388413683,-159.2636038999998,-96,-1592.636038999999,7,practice-gen-v1,153,True
16,evaluation,B-A,-180,0,-1361.4989950084905,-98.0311871875,-27,-1568.498995,3,practice-gen-v1,154,True
16,evaluation,C-B,230,0,-402.8031271312939,-7.987695625000015,45,-127.80313000000024,3,practice-gen-v1,154,True
16,evaluation,C-A,50,0,-1764.3021221397844,-106.01888281250001,18,-1696.3021250000002,3,practice-gen-v1,154,True
13,evaluation,B-A,0,0,0.0,0.0,0,0.0,7,practice-gen-v1,155,True
13,evaluation,C-B,-145,0,-1514.2917031772588,-128.8685926153846,-16,-1675.2917039999993,7,practice-gen-v1,155,True
13,evaluation,C-A,-145,0,-1514.2917031772588,-128.8685926153846,-16,-1675.2917039999993,7,practice-gen-v1,155,True
15,evaluation,B-A,0,0,0.0,0.0,0,0.0,12,practice-gen-v1,156,True
15,evaluation,C-B,-535,0,-1787.2073651081053,-161.41382413333338,-99,-2421.207362000001,12,practice-gen-v1,156,True
15,evaluation,C-A,-535,0,-1787.2073651081053,-161.41382413333338,-99,-2421.207362000001,12,practice-gen-v1,156,True
11,evaluation,B-A,0,0,0.0,0.0,0,0.0,2,practice-gen-v1,157,True
11,evaluation,C-B,-200,0,-1151.8688021180853,-125.80625500000008,-32,-1383.868805,2,practice-gen-v1,157,True
11,evaluation,C-A,-200,0,-1151.8688021180853,-125.80625500000008,-32,-1383.868805,2,practice-gen-v1,157,True
14,evaluation,B-A,0,0,0.0,0.0,0,0.0,14,practice-gen-v1,158,False
14,evaluation,C-B,-205,0,-1501.44485784758,-124.10320450000006,-31,-1737.4448630000006,14,practice-gen-v1,158,False
14,evaluation,C-A,-205,0,-1501.44485784758,-124.10320450000006,-31,-1737.4448630000006,14,practice-gen-v1,158,False
11,evaluation,B-A,0,0,0.0,0.0,0,0.0,1,practice-gen-v1,159,True
11,evaluation,C-B,-300,0,-1583.8436268469218,-176.07669345454542,-53,-1936.8436280000005,1,practice-gen-v1,159,True
11,evaluation,C-A,-300,0,-1583.8436268469218,-176.07669345454542,-53,-1936.8436280000005,1,practice-gen-v1,159,True
16,stress,B-A,-580,0,-4187.541756708463,-303.47135987499996,-88,-4855.541757999999,1,generated_16,160,True
16,stress,C-B,400,0,2058.6851238806853,157.66782024999998,64,2522.6851239999996,1,generated_16,160,True
16,stress,C-A,-180,0,-2128.8566328277784,-145.80353962499998,-24,-2332.8566339999998,1,generated_16,160,True
16,stress,B-A,-300,0,-2463.9169866188204,-175.61981168750003,-46,-2809.9169870000005,6,generated_16,161,True
16,stress,C-B,85,0,31.49458077856689,8.28091143749998,16,132.4945829999997,6,generated_16,161,True
16,stress,C-A,-215,0,-2432.4224058402533,-167.33890025000005,-30,-2677.422404000001,6,generated_16,161,True
16,stress,B-A,-20,0,-215.0564017570432,-14.94102512500001,-4,-239.05640200000016,13,generated_16,162,True
16,stress,C-B,-560,0,-445.35245492840767,-69.27202837499999,-103,-1108.3524539999999,13,generated_16,162,True
16,stress,C-A,-580,0,-660.4088566854509,-84.2130535,-107,-1347.408856,13,generated_16,162,True
16,stress,B-A,-20,0,-39.45221660642128,-3.965763562500001,-4,-63.45221700000002,12,generated_16,163,True
16,stress,C-B,50,0,-1908.963076355568,-114.93519212500007,20,-1838.9630740000011,12,generated_16,163,True
16,stress,C-A,30,0,-1948.4152929619893,-118.90095568750007,16,-1902.4152910000012,12,generated_16,163,True
16,stress,B-A,-380,0,-2732.619041390063,-198.1636900625,-58,-3170.619041,6,generated_16,164,True
16,stress,C-B,240,0,1225.587273406179,93.91170449999993,37,1502.5872719999988,6,generated_16,164,True
16,stress,C-A,-140,0,-1507.0317679838838,-104.25198556250007,-21,-1668.031769000001,6,generated_16,164,True
16,stress,B-A,-240,0,-1637.8737986234635,-119.6796124375,-37,-1914.873799,6,generated_16,165,True
16,stress,C-B,-390,0,-387.9847161734826,-53.561544749999996,-79,-856.9847159999999,6,generated_16,165,True
16,stress,C-A,-630,0,-2025.858514796946,-173.2411571875,-116,-2771.858515,6,generated_16,165,True
16,stress,B-A,-160,0,-1242.8977179073074,-89.18110737500001,-24,-1426.8977180000002,10,generated_16,166,True
16,stress,C-B,-180,3,-1490.3056844561688,-106.2066054375,-32,-1699.305687,10,generated_16,166,True
16,stress,C-A,-340,3,-2733.203402363476,-195.3877128125,-56,-3126.203405,10,generated_16,166,True
16,stress,B-A,-180,0,-1444.8946519637225,-103.24341575000005,-27,-1651.8946520000009,10,generated_16,167,True
16,stress,C-B,-110,0,-141.66644485398575,-17.104152812499933,-22,-273.66644499999893,10,generated_16,167,True
16,stress,C-A,-290,0,-1586.5610968177084,-120.34756856249999,-49,-1925.5610969999998,10,generated_16,167,True
16,stress,B-A,-80,0,-555.8315555016452,-40.55197225000006,-13,-648.831556000001,10,generated_16,168,True
16,stress,C-B,-145,0,-710.8091579122513,-54.86307231249998,-22,-877.8091569999997,10,generated_16,168,True
16,stress,C-A,-225,0,-1266.6407134138965,-95.41504456250004,-35,-1526.6407130000007,10,generated_16,168,True
16,stress,B-A,-180,0,-1485.6340055856447,-105.85212537500001,-28,-1693.6340060000002,2,generated_16,169,True
16,stress,C-B,-440,0,-162.37519719592675,-42.648449624999955,-80,-682.3751939999993,2,generated_16,169,True
16,stress,C-A,-620,0,-1648.0092027815713,-148.50057499999997,-108,-2376.0091999999995,2,generated_16,169,True
16,stress,B-A,-180,0,-1260.6324124480227,-91.72702581250007,-27,-1467.6324130000012,5,generated_16,170,True
16,stress,C-B,-195,0,-605.105202593693,-52.25657512499998,-36,-836.1052019999997,5,generated_16,170,True
16,stress,C-A,-375,0,-1865.7376150417156,-143.98360093750006,-63,-2303.737615000001,5,generated_16,170,True
16,stress,B-A,-500,0,-3978.103616441257,-284.63147612499995,-76,-4554.103617999999,5,generated_16,171,True
16,stress,C-B,435,0,2774.593982010477,204.97462387500002,70,3279.5939820000003,5,generated_16,171,True
16,stress,C-A,-65,0,-1203.5096344307808,-79.65685224999993,-6,-1274.5096359999989,5,generated_16,171,True
16,stress,B-A,-160,0,-1192.952908162614,-86.05955674999996,-24,-1376.9529079999993,15,generated_16,172,True
16,stress,C-B,90,0,1.754457921993162,6.859653437500015,18,109.75445500000023,15,generated_16,172,True
16,stress,C-A,-70,0,-1191.1984502406208,-79.19990331249994,-6,-1267.198452999999,15,generated_16,172,True
16,stress,B-A,-40,0,-314.29943961710234,-22.518715000000043,-6,-360.2994400000007,15,generated_16,173,True
16,stress,C-B,-540,0,-1305.7065806152525,-121.41916112499996,-97,-1942.7065779999994,15,generated_16,173,True
16,stress,C-A,-580,0,-1620.0060202323548,-143.937876125,-103,-2303.006018,15,generated_16,173,True
16,stress,B-A,-120,0,-749.9731937071716,-55.56082462500001,-19,-888.9731940000001,6,generated_16,174,True
16,stress,C-B,190,0,-490.49046767368566,-16.28065437500004,40,-260.49047000000064,6,generated_16,174,True
16,stress,C-A,70,0,-1240.4636613808573,-71.84147900000005,21,-1149.4636640000008,6,generated_16,174,True
16,stress,B-A,-260,0,-1814.8438545523757,-132.1777409375,-40,-2114.843855,12,generated_16,175,True
16,stress,C-B,-305,0,-247.0723140802511,-38.129519500000015,-58,-610.0723120000002,12,generated_16,175,True
16,stress,C-A,-565,0,-2061.916168632627,-170.30726043750002,-98,-2724.9161670000003,12,generated_16,175,True
10,stress,B-A,0,0,0.0,0.0,0,0.0,10,boundary_outward_r1000,176,False
10,stress,C-B,-435,0,-618.8213159533422,-113.28213170000004,-79,-1132.821317,10,boundary_outward_r1000,176,False
10,stress,C-A,-435,0,-618.8213159533422,-113.28213170000004,-79,-1132.821317,10,boundary_outward_r1000,176,False
15,stress,B-A,0,0,0.0,0.0,0,0.0,15,near_nodes_r1000,177,False
15,stress,C-B,-465,27,-1710.757309929972,-148.98382046666666,-86,-2234.757306999999,15,near_nodes_r1000,177,False
15,stress,C-A,-465,27,-1710.757309929972,-148.98382046666666,-86,-2234.757306999999,15,near_nodes_r1000,177,False
16,stress,B-A,-480,0,-3377.7150737436277,-245.60719212500004,-72,-3929.7150740000006,0,cluster_omni,178,False
16,stress,C-B,100,0,197.98989873223326,19.81186868750001,19,316.98989900000015,0,cluster_omni,178,False
16,stress,C-A,-380,0,-3179.7251750113946,-225.79532343750003,-53,-3612.7251750000005,0,cluster_omni,178,False
16,stress,B-A,-20,0,-170.48380532613373,-12.09273781249999,-3,-193.48380499999985,16,all_directional_boundary,179,False
16,stress,C-B,30,0,329.15597147394584,23.0097485,9,368.155976,16,all_directional_boundary,179,False
16,stress,C-A,10,0,158.6721661478121,10.91701068750001,6,174.67217100000016,16,all_directional_boundary,179,False
