certified_clears,clear_attempts,clear_rate,cleared,distance_m,error,evidence,localization_observations,mean_time_per_source_s,measure_count,mixed,optical_fallbacks,policy,runtime_s,seed,stress,switch_count,total,use_negative,virtual_time_s
15,15,1.0,15,28550.413520589063,,synthetic_local,37,425.80551360785427,105,False,0,P1,0.05484119999999998,0,random,77,15,True,6387.082704117814
15,15,1.0,15,30645.241443053525,,synthetic_local,36,453.4032192407137,104,False,0,P2,0.8471263,0,random,77,15,True,6801.048288610706
15,15,1.0,15,17929.9786341513,,synthetic_local,37,286.7330484553507,108,False,0,P3,0.7337795,0,random,100,15,True,4300.9957268302605
9,486,1.0,15,173355.34254088285,,synthetic_local,34,2598.8045672117723,484,True,6,P1,0.10346130000000003,0,random,403,15,True,38982.068508176584
15,15,1.0,15,42996.564104667086,,synthetic_local,50,788.3541880622281,533,True,0,P4,2.4522427,0,random,486,15,True,11825.31282093342
14,18,1.0,15,43021.203537944086,,synthetic_local,49,789.2827138392546,533,True,1,P4,1.7035144,0,random,486,15,False,11839.240707588819
13,13,1.0,13,25916.67962831752,,synthetic_local,37,460.2566096664233,127,False,0,P1,0.053372500000000045,1,edge,100,13,True,5983.335925663503
13,13,1.0,13,26506.789217667363,,synthetic_local,30,466.6429110410364,120,False,0,P2,0.6661816999999999,1,edge,100,13,True,6066.357843533474
13,13,1.0,13,17483.756325245377,,synthetic_local,32,329.5193280806982,122,False,0,P3,0.8263255999999999,1,edge,112,13,True,4283.751265049076
5,954,1.0,13,272064.44198031595,,synthetic_local,22,4672.683722774097,587,True,8,P1,0.08753389999999994,1,edge,509,13,True,60744.88839606326
12,195,1.0,13,46880.95107882881,,synthetic_local,34,1043.168478135827,603,True,1,P4,2.1360827,1,edge,559,13,True,13561.190215765751
8,217,1.0,13,48004.31640732736,,synthetic_local,30,1066.6817908819585,606,True,5,P4,1.5770697,1,edge,559,13,False,13866.86328146546
15,15,1.0,15,34534.22836902352,,synthetic_local,42,503.65637825364695,101,False,0,P1,0.03645299999999985,2,bias,68,15,True,7554.845673804704
15,15,1.0,15,36414.78904799112,,synthetic_local,42,528.7305206398818,101,False,0,P2,1.098992,2,bias,68,15,True,7930.957809598226
15,15,1.0,15,18014.551567365863,,synthetic_local,44,286.1273542315449,104,False,0,P3,1.0181339,2,bias,94,15,True,4291.910313473174
13,84,1.0,15,70034.04808147394,,synthetic_local,38,1109.720641086319,405,True,2,P1,0.11317540000000026,2,bias,332,15,True,16645.809616294784
15,15,1.0,15,39674.117552369135,,synthetic_local,45,710.9882340315885,449,True,0,P4,1.8896782,2,bias,410,15,True,10664.823510473827
13,29,1.0,15,40725.04250599378,,synthetic_local,43,728.1339000799169,450,True,2,P4,1.4528132999999999,2,bias,410,15,False,10922.008501198754
15,15,1.0,15,29600.97658486185,,synthetic_local,45,429.279687798158,80,False,0,P1,0.05925909999999979,3,cluster,44,15,True,6439.19531697237
15,15,1.0,15,32562.885316894706,,synthetic_local,45,468.7718042252627,80,False,0,P2,1.2211509999999999,3,cluster,44,15,True,7031.577063378941
15,15,1.0,15,11667.612401460556,,synthetic_local,45,191.83483201947402,80,False,0,P3,0.9792910999999993,3,cluster,69,15,True,2877.5224802921102
8,891,1.0,15,330025.1352149269,,synthetic_local,29,4760.935136199037,464,True,7,P1,0.09498590000000018,3,cluster,386,15,True,71414.02704298554
13,15,1.0,15,35642.725718049885,,synthetic_local,43,718.769676240665,604,True,2,P4,1.7482106000000002,3,cluster,558,15,True,10781.545143609976
11,24,1.0,15,36066.17112552055,,synthetic_local,41,727.5489483402738,608,True,4,P4,1.4994378,3,cluster,558,15,False,10913.234225104106
15,15,1.0,15,33709.477105352715,,synthetic_local,40,493.5263614047027,103,False,0,P1,0.041556900000000674,4,random,71,15,True,7402.895421070541
15,15,1.0,15,35731.963462323394,,synthetic_local,40,520.4928461643119,103,False,0,P2,1.1380005000000004,4,random,71,15,True,7807.3926924646785
15,15,1.0,15,17751.696495459,,synthetic_local,44,287.5559532727867,116,False,0,P3,1.0644341000000006,4,random,108,15,True,4313.339299091801
8,477,1.0,15,180727.53351624173,,synthetic_local,33,2664.300446883223,407,True,7,P1,0.12003640000000004,4,random,323,15,True,39964.50670324834
13,114,1.0,15,52308.45870604912,,synthetic_local,43,889.9794494139888,428,True,2,P4,2.141682500000001,4,random,376,15,True,13349.691741209832
10,438,1.0,15,152942.69365436968,,synthetic_local,38,2296.5692487249244,428,True,5,P4,1.7584657000000004,4,random,376,15,False,34448.538730873865
14,14,1.0,14,30771.050101561843,,synthetic_local,42,492.72928716516935,118,False,0,P1,0.039890800000000226,5,edge,84,14,True,6898.210020312371
14,14,1.0,14,31652.96908623845,,synthetic_local,39,504.2567012319778,115,False,0,P2,1.2272811,5,edge,84,14,True,7059.593817247689
14,14,1.0,14,17340.69746519686,,synthetic_local,37,302.1528209313837,117,False,0,P3,1.2068015999999995,5,edge,107,14,True,4230.139493039372
9,576,1.0,14,164202.11942235747,,synthetic_local,30,2725.601706033684,606,True,5,P1,0.10441690000000037,5,edge,532,14,True,38158.42388447157
9,45,1.0,14,40949.60895979667,,synthetic_local,36,862.2801279970948,627,True,5,P4,3.4319483,5,edge,584,14,True,12071.921791959328
6,333,1.0,14,115147.41881148827,,synthetic_local,32,1985.0345544498325,630,True,8,P4,1.6707236000000005,5,edge,584,14,False,27790.483762297656
13,13,1.0,13,29728.213988980333,,synthetic_local,36,507.1263690612358,102,False,0,P1,0.05269820000000003,6,bias,72,13,True,6592.642797796065
13,13,1.0,13,31501.046857601945,,synthetic_local,34,533.631490116953,100,False,0,P2,0.9521721000000003,6,bias,72,13,True,6937.209371520389
12,47,1.0,13,17718.177514002185,,synthetic_local,35,337.5873463692643,114,False,1,P3,0.7033881999999991,6,bias,108,13,True,4388.635502800436
7,466,1.0,13,120652.60168857995,,synthetic_local,26,2169.578487516617,454,True,6,P1,0.1185887000000001,6,bias,380,13,True,28204.52033771602
12,94,1.0,13,54017.0513813931,,synthetic_local,35,1074.4930981752784,485,True,1,P4,2.3422861999999984,6,bias,432,13,True,13968.41027627862
9,245,1.0,13,84226.92728939369,,synthetic_local,31,1574.4911890675953,486,True,4,P4,2.0948186,6,bias,432,13,False,20468.38545787874
16,16,1.0,16,31156.25049670683,,synthetic_local,48,420.5781312088355,76,False,0,P1,0.09377500000000083,7,cluster,38,16,True,6729.250099341368
16,16,1.0,16,34300.86563847597,,synthetic_local,48,459.8858204809496,76,False,0,P2,1.6104269999999996,7,cluster,38,16,True,7358.173127695193
16,16,1.0,16,12626.53892019521,,synthetic_local,48,190.5817365024401,76,False,0,P3,1.2397335999999992,7,cluster,64,16,True,3049.3077840390415
10,1164,1.0,16,457870.91997567343,,synthetic_local,36,6088.136499695915,399,True,6,P1,0.17440679999999986,7,cluster,317,16,True,97410.18399513463
16,16,1.0,16,35648.94315201636,,synthetic_local,56,674.4242894002048,605,True,0,P4,2.859895999999999,7,cluster,556,16,True,10790.788630403276
11,39,1.0,16,36508.986178266954,,synthetic_local,52,691.674827228337,612,True,5,P4,2.5558247000000005,7,cluster,556,16,False,11066.797235653392
15,15,1.0,15,33784.25573429945,,synthetic_local,41,490.990076457326,94,False,0,P1,0.060933699999999646,8,random,63,15,True,7364.85114685989
15,15,1.0,15,35865.625798484165,,synthetic_local,40,518.4083439797889,93,False,0,P2,1.3114845000000006,8,random,63,15,True,7776.125159696833
15,15,1.0,15,18895.383605356932,,synthetic_local,44,299.6717814047591,108,False,0,P3,1.0340346,8,random,101,15,True,4495.076721071387
9,478,1.0,15,187300.0740253652,,synthetic_local,32,2758.467653671541,422,True,6,P1,0.13614749999999987,8,random,343,15,True,41377.014805073115
14,207,1.0,15,123227.20291425771,,synthetic_local,44,1879.6293721901027,491,True,1,P4,2.3833995000000012,8,random,443,15,True,28194.44058285154
12,225,1.0,15,97368.26402952136,,synthetic_local,42,1539.1101870602834,493,True,3,P4,1.8280066999999995,8,random,443,15,False,23086.65280590425
12,12,1.0,12,26980.25156181089,,synthetic_local,34,515.3375260301815,126,False,0,P1,0.04327140000000007,9,edge,98,12,True,6184.050312362178
12,12,1.0,12,27824.009004842053,,synthetic_local,30,527.7334834140341,122,False,0,P2,0.9283684000000001,9,edge,98,12,True,6332.80180096841
12,12,1.0,12,16896.81445566772,,synthetic_local,31,351.2802409277953,131,False,0,P3,0.9942072,9,edge,121,12,True,4215.362891133544
4,1065,1.0,12,303222.9868334362,,synthetic_local,20,5639.1331138906025,647,True,8,P1,0.14221219999999946,9,edge,571,12,True,67669.59736668723
12,12,1.0,12,42898.245328471865,,synthetic_local,32,1038.7207554745307,645,True,0,P4,2.328861899999998,9,edge,600,12,True,12464.64906569437
9,59,1.0,12,47203.604521308866,,synthetic_local,29,1123.0600753551475,647,True,3,P4,1.668822800000001,9,edge,600,12,False,13476.72090426177
15,15,1.0,15,30467.246755873257,,synthetic_local,40,450.3632900783101,103,False,0,P1,0.05468169999999972,10,bias,72,15,True,6755.449351174651
15,15,1.0,15,32217.51658958044,,synthetic_local,37,472.7002211944058,100,False,0,P2,1.1588489000000006,10,bias,72,15,True,7090.503317916087
15,15,1.0,15,15514.642557082267,,synthetic_local,40,252.92856742776354,104,False,0,P3,1.1537824000000008,10,bias,96,15,True,3793.928511416453
7,767,1.0,15,226614.14729240033,,synthetic_local,26,3358.4552972320184,467,True,8,P1,0.1451418000000011,10,bias,388,15,True,50376.82945848028
14,27,1.0,15,45143.94852724209,,synthetic_local,43,795.4526470298948,472,True,1,P4,2.1620279999999994,10,bias,432,15,True,11931.789705448422
12,71,1.0,15,49809.23799693626,,synthetic_local,41,867.4565066258169,475,True,3,P4,1.8071772000000017,10,bias,432,15,False,13011.847599387254
10,10,1.0,10,21701.009915000417,,synthetic_local,30,496.42019830000834,100,False,0,P1,0.043680099999999555,11,cluster,74,10,True,4964.201983000084
10,10,1.0,10,23826.897111816434,,synthetic_local,30,538.9379422363286,100,False,0,P2,0.9539966,11,cluster,74,10,True,5389.379422363286
10,10,1.0,10,11633.721867072538,,synthetic_local,30,296.67443734145075,100,False,0,P3,0.8202563999999981,11,cluster,90,10,True,2966.7443734145077
5,647,1.0,10,235155.47365493482,,synthetic_local,20,5198.909473098696,511,True,5,P1,0.1107572999999995,11,cluster,442,10,True,51989.09473098696
10,10,1.0,10,34569.74898990393,,synthetic_local,32,1099.1949797980787,679,True,0,P4,1.8895114,11,cluster,633,10,True,10991.949797980787
7,17,1.0,10,34727.165281113295,,synthetic_local,30,1105.443305622266,681,True,3,P4,1.6113491999999994,11,cluster,633,10,False,11054.43305622266
14,14,1.0,14,34444.68835476033,,synthetic_local,42,537.8526907822903,101,False,0,P1,0.06532760000000337,12,random,66,14,True,7529.937670952064
14,14,1.0,14,35798.16902514465,,synthetic_local,39,556.1167003592094,98,False,0,P2,1.3933557999999984,12,random,66,14,True,7785.633805028932
14,14,1.0,14,16381.787223643263,,synthetic_local,41,287.95410319490355,115,False,0,P3,1.0316451999999998,12,random,110,14,True,4031.35744472865
12,215,1.0,14,137538.95511397516,,synthetic_local,38,2228.270787342501,515,True,2,P1,0.12317669999999836,12,random,440,14,True,31195.791022795016
11,455,1.0,14,192957.9251606915,,synthetic_local,36,3093.9703594384487,562,True,3,P4,2.1759912999999997,12,random,521,14,True,43315.58503213828
10,458,1.0,14,202995.61979662956,,synthetic_local,35,3238.7231399518496,564,True,4,P4,1.463367899999998,12,random,521,14,False,45342.123959325894
16,16,1.0,16,36210.17415632048,,synthetic_local,44,500.43967695400585,120,False,0,P1,0.07360470000000063,13,edge,85,16,True,8007.034831264094
16,16,1.0,16,37213.15775233544,,synthetic_local,40,511.7269719041934,116,False,0,P2,1.365053500000002,13,edge,85,16,True,8187.631550467095
16,16,1.0,16,19286.27107021288,,synthetic_local,40,289.0158883776609,116,False,0,P3,1.3089340000000007,13,edge,107,16,True,4624.254214042574
7,1259,1.0,16,383348.65969266294,,synthetic_local,31,5239.108246158288,572,True,9,P1,0.1677950000000017,13,edge,487,16,True,83825.73193853261
15,154,1.0,16,78223.39178948222,,synthetic_local,44,1228.1048973685267,593,True,1,P4,3.5405017,13,edge,546,16,True,19649.678357896428
12,282,1.0,16,114723.91270294013,,synthetic_local,41,1709.2989087867495,596,True,4,P4,1.9951086000000018,13,edge,546,16,False,27348.782540587992
11,11,1.0,11,26544.684340726344,,synthetic_local,32,551.8124425586607,122,False,0,P1,0.0554667000000002,14,bias,96,11,True,6069.936868145267
11,11,1.0,11,27532.79046519154,,synthetic_local,28,567.9598266398461,118,False,0,P2,0.9209771000000018,14,bias,96,11,True,6247.558093038308
11,11,1.0,11,15089.89484427278,,synthetic_local,29,343.5435426231415,119,False,0,P3,0.799507000000002,14,bias,111,11,True,3778.978968854556
8,374,1.0,11,136955.51642463118,,synthetic_local,28,2854.0093895387513,488,True,3,P1,0.10765739999999724,14,bias,419,11,True,31394.103284926266
11,11,1.0,11,39464.04069189423,,synthetic_local,36,1010.0734671253499,535,True,0,P4,1.9110511000000017,14,bias,488,11,True,11110.808138378849
10,15,1.0,11,39598.238079905255,,synthetic_local,34,1013.1497832710047,534,True,1,P4,1.5162793999999984,14,bias,488,11,False,11144.647615981052
16,16,1.0,16,32167.943392719742,,synthetic_local,48,433.16179240899686,76,False,0,P1,0.07563840000000255,15,cluster,37,16,True,6930.58867854395
16,16,1.0,16,35491.9954293029,,synthetic_local,48,474.7124428662859,76,False,0,P2,1.7531531999999999,15,cluster,37,16,True,7595.399085860575
16,16,1.0,16,11854.218120271074,,synthetic_local,48,181.0527265033884,76,False,0,P3,1.2473400999999988,15,cluster,66,16,True,2896.8436240542146
11,558,1.0,16,212017.64611317927,,synthetic_local,35,2879.7830764147425,341,True,5,P1,0.14323269999999866,15,cluster,262,16,True,46076.52922263588
15,16,1.0,16,35732.79484033691,,synthetic_local,55,657.3474355042118,556,True,1,P4,2.0051977,15,cluster,511,16,True,10517.55896806739
15,16,1.0,16,35724.93478231712,,synthetic_local,56,657.5616847789644,557,True,1,P4,1.5966406000000006,15,cluster,511,16,False,10520.98695646343
13,13,1.0,13,29499.03442439925,,synthetic_local,35,506.9851449907577,109,False,0,P1,0.0592398999999979,16,random,81,13,True,6590.80688487985
13,13,1.0,13,31144.04480267773,,synthetic_local,35,532.2929969642726,109,False,0,P2,1.1386441000000005,16,random,81,13,True,6919.8089605355435
13,13,1.0,13,14514.998729257815,,synthetic_local,36,282.53844198858184,119,False,0,P3,0.9093643,16,random,110,13,True,3672.9997458515636
7,427,1.0,13,152026.12141131493,,synthetic_local,28,2664.7864832510045,501,True,6,P1,0.13689159999999845,16,random,425,13,True,34642.22428226306
12,15,1.0,13,43285.43867632097,,synthetic_local,40,904.0836719433994,513,True,1,P4,2.6281512000000014,16,random,460,13,True,11753.087735264193
8,26,1.0,13,43372.59516430726,,synthetic_local,35,909.1168486816501,516,True,5,P4,2.2466234999999983,16,random,460,13,False,11818.519032861452
15,15,1.0,15,32465.840225535,,synthetic_local,45,484.2112030071335,122,False,0,P1,0.07861340000000183,17,edge,85,15,True,7263.168045107002
15,15,1.0,15,33315.026847818684,,synthetic_local,40,493.86702463758263,117,False,0,P2,1.2984006000000008,17,edge,85,15,True,7408.00536956374
15,15,1.0,15,16530.4435833723,,synthetic_local,38,270.67258111163085,115,False,0,P3,1.1681424000000007,17,edge,104,15,True,4060.0887166744624
5,1329,1.0,15,393920.7481371109,,synthetic_local,25,5739.743308494827,563,True,10,P1,0.15050289999999933,17,edge,480,15,True,86096.1496274224
10,817,1.0,15,210305.11678283816,,synthetic_local,36,3201.0015571045174,587,True,5,P4,3.4987354999999987,17,edge,538,15,True,48015.02335656776
9,773,1.0,15,231378.75607176276,,synthetic_local,34,3479.250080956846,602,True,6,P4,2.1154957000000003,17,edge,554,15,False,52188.75121435269
16,16,1.0,16,32308.595579139634,,synthetic_local,43,442.4824447392457,95,False,0,P1,0.07007189999999852,18,bias,63,16,True,7079.719115827931
16,16,1.0,16,34449.48900797956,,synthetic_local,40,468.3061125997445,92,False,0,P2,1.2250842000000013,18,bias,63,16,True,7492.897801595912
16,16,1.0,16,19925.382458119253,,synthetic_local,43,292.19228072649076,103,False,0,P3,1.2349926999999994,18,bias,95,16,True,4675.076491623852
10,255,1.0,16,107569.32088278077,,synthetic_local,37,1538.9290110347604,399,True,6,P1,0.14896089999999873,18,bias,317,16,True,24622.864176556166
16,16,1.0,16,44771.003365040495,,synthetic_local,51,714.8250420630063,408,True,0,P4,3.020335899999999,18,bias,363,16,True,11437.200673008101
13,36,1.0,16,45581.6094285972,,synthetic_local,49,730.5826178574652,414,True,3,P4,2.299822800000001,18,bias,363,16,False,11689.321885719442
14,14,1.0,14,27981.939366205843,,synthetic_local,42,438.31341951722624,84,False,0,P1,0.06171060000000139,19,cluster,50,14,True,6136.387873241168
14,14,1.0,14,30684.57383433511,,synthetic_local,42,476.92248334764463,84,False,0,P2,1.3933776000000009,19,cluster,50,14,True,6676.914766867025
14,14,1.0,14,11842.576012001537,,synthetic_local,42,209.46537160002194,84,False,0,P3,1.0309141000000004,19,cluster,74,14,True,2932.5152024003073
10,440,1.0,14,172808.00543517212,,synthetic_local,32,2741.4000776453217,424,True,4,P1,0.13155190000000516,19,cluster,350,14,True,38379.601087034505
13,14,1.0,14,35134.743466788015,,synthetic_local,50,759.8534780969718,598,True,1,P4,1.6958590000000058,19,cluster,551,14,True,10637.948693357604
13,14,1.0,14,35095.91580016883,,synthetic_local,50,759.2987971452691,598,True,1,P4,1.5247679999999946,19,cluster,551,14,False,10630.183160033766
16,16,1.0,16,34758.74598028326,,synthetic_local,42,469.67182475354065,86,False,0,P1,0.0858994000000024,20,random,53,16,True,7514.74919605665
16,16,1.0,16,37459.58765495926,,synthetic_local,43,503.74484568699074,87,False,0,P2,1.4867983999999979,20,random,53,16,True,8059.917530991852
16,16,1.0,16,14407.872415433698,,synthetic_local,51,224.97340519292118,107,False,0,P3,1.1037873000000005,20,random,103,16,True,3599.574483086739
6,904,1.0,16,417438.5474770437,,synthetic_local,33,5502.60684346305,317,True,10,P1,0.1485351000000037,20,random,225,16,True,88041.7094954088
13,382,1.0,16,124381.90243259745,,synthetic_local,47,1759.1487804074693,358,True,3,P4,2.759915399999997,20,random,302,16,True,28146.38048651951
10,296,1.0,16,129877.07475619466,,synthetic_local,48,1839.4009344524304,432,True,6,P4,2.6122124999999983,20,random,375,16,False,29430.414951238887
12,12,1.0,12,26759.26952903425,,synthetic_local,34,511.07115881723763,125,False,0,P1,0.06256960000000333,21,edge,96,12,True,6132.853905806852
12,12,1.0,12,27492.383047994612,,synthetic_local,33,522.8730507999101,124,False,0,P2,1.2210476000000057,21,edge,96,12,True,6274.476609598921
12,12,1.0,12,16223.233023090308,,synthetic_local,29,334.7205503848385,120,False,0,P3,0.9630735000000001,21,edge,112,12,True,4016.6466046180617
2,1674,1.0,12,539778.0551549698,,synthetic_local,17,9720.63425258284,621,True,10,P1,0.16317620000000232,21,edge,541,12,True,116647.61103099409
11,84,1.0,12,43002.168293908355,,synthetic_local,30,1052.5361382318056,633,True,1,P4,2.6008039000000025,21,edge,589,12,True,12630.433658781667
5,439,1.0,12,105365.04839014291,,synthetic_local,22,2181.9174731690464,636,True,7,P4,2.2221924999999985,21,edge,589,12,False,26183.009678028557
15,15,1.0,15,33898.531853450106,,synthetic_local,44,495.0470913793348,101,False,0,P1,0.07170080000000212,22,bias,66,15,True,7425.706370690022
15,15,1.0,15,35320.592631514744,,synthetic_local,42,513.3412350868633,99,False,0,P2,1.4027695999999992,22,bias,66,15,True,7700.11852630295
15,15,1.0,15,16714.3767452949,,synthetic_local,40,266.058356603932,97,False,0,P3,1.025837799999998,22,bias,88,15,True,3990.87534905898
9,402,1.0,15,125810.0083354838,,synthetic_local,35,1931.2667778064497,442,True,6,P1,0.13791160000000247,22,bias,361,15,True,28969.001667096745
15,15,1.0,15,39482.76837535765,,synthetic_local,48,741.6369116714357,533,True,0,P4,2.2477472000000063,22,bias,488,15,True,11124.553675071535
11,91,1.0,15,45180.04561082372,,synthetic_local,43,834.467274810983,538,True,4,P4,2.0640963000000028,22,bias,488,15,False,12517.009122164745
10,10,1.0,10,22680.75801704586,,synthetic_local,30,515.9151603409173,100,False,0,P1,0.047266900000003886,23,cluster,73,10,True,5159.151603409173
10,10,1.0,10,24652.377806031025,,synthetic_local,30,555.3475561206205,100,False,0,P2,1.033543299999998,23,cluster,73,10,True,5553.475561206205
10,10,1.0,10,12156.98898738973,,synthetic_local,30,307.03977974779457,100,False,0,P3,0.8416421999999955,23,cluster,89,10,True,3070.3977974779455
5,634,1.0,10,212360.94071023818,,synthetic_local,19,4751.118814204767,531,True,5,P1,0.10236779999999612,23,cluster,462,10,True,47511.18814204767
8,11,1.0,10,34586.10727812554,,synthetic_local,29,1099.7221455625108,679,True,2,P4,1.7196393999999984,23,cluster,632,10,True,10997.22145562511
6,12,1.0,10,34511.117595704316,,synthetic_local,27,1099.0223519140866,680,True,4,P4,1.450033100000006,23,cluster,632,10,False,10990.223519140865
12,12,1.0,12,27456.6800996214,,synthetic_local,32,513.3613349936901,106,False,0,P1,0.04005060000000071,24,random,79,12,True,6160.336019924282
12,12,1.0,12,29356.86603904664,,synthetic_local,32,545.0311006507773,106,False,0,P2,1.038756399999997,24,random,79,12,True,6540.373207809327
12,12,1.0,12,16922.55373030423,,synthetic_local,32,339.2092288384038,106,False,0,P3,0.9373895999999959,24,random,96,12,True,4070.5107460608456
6,703,1.0,12,192485.71162531673,,synthetic_local,23,3612.261860421951,465,True,6,P1,0.1101877999999985,24,random,392,12,True,43347.14232506341
11,19,1.0,12,38561.15212065433,,synthetic_local,45,913.8525353442392,537,True,1,P4,2.300469100000001,24,random,488,12,True,10966.23042413087
8,115,1.0,12,60000.594737095904,,synthetic_local,39,1295.593245618265,538,True,4,P4,2.114311100000002,24,random,488,12,False,15547.11894741918
13,13,1.0,13,29439.634980471328,,synthetic_local,37,510.4559227764819,119,False,0,P1,0.05293429999999688,25,edge,88,13,True,6635.926996094265
13,13,1.0,13,30228.024850907183,,synthetic_local,35,521.8157669370337,117,False,0,P2,1.1929869999999951,25,edge,88,13,True,6783.604970181437
13,13,1.0,13,17245.546923137146,,synthetic_local,31,321.9314911251869,113,False,0,P3,0.8241835000000037,25,edge,106,13,True,4185.10938462743
4,1108,1.0,13,328133.10439604986,,synthetic_local,20,5587.432375323837,623,True,9,P1,0.14237880000000303,25,edge,545,13,True,72636.62087920988
10,99,1.0,13,45660.12646756457,,synthetic_local,29,1037.617330270224,680,True,3,P4,3.086225599999999,25,edge,634,13,True,13489.025293512914
7,205,1.0,13,60623.03830769944,,synthetic_local,26,1294.6621278107616,686,True,6,P4,1.8258220999999963,25,edge,635,13,False,16830.6076615399
16,16,1.0,16,32719.987542414176,,synthetic_local,44,450.06234428017734,102,False,0,P1,0.07595380000000063,26,bias,67,16,True,7200.9975084828375
16,16,1.0,16,34588.09626843646,,synthetic_local,42,472.78870335545554,100,False,0,P2,1.3587497999999982,26,bias,67,16,True,7564.619253687289
16,16,1.0,16,19674.146197588037,,synthetic_local,45,289.61432746985054,105,False,0,P3,1.418504899999995,26,bias,94,16,True,4633.829239517609
11,439,1.0,16,139912.86533137687,,synthetic_local,37,1974.4108166422095,390,True,5,P1,0.10632960000000224,26,bias,309,16,True,31590.573066275352
14,38,1.0,16,44081.900707990964,,synthetic_local,49,722.2112588498873,439,True,2,P4,2.669040300000006,26,bias,398,16,True,11555.380141598196
10,165,1.0,16,79032.26745430377,,synthetic_local,44,1184.5283431787975,444,True,6,P4,2.233122299999998,26,bias,399,16,False,18952.45349086076
10,10,1.0,10,22629.07430129628,,synthetic_local,30,514.8814860259256,100,False,0,P1,0.047460399999998515,27,cluster,73,10,True,5148.814860259256
10,10,1.0,10,24692.724680954067,,synthetic_local,30,556.1544936190813,100,False,0,P2,1.0520659000000023,27,cluster,73,10,True,5561.544936190813
10,10,1.0,10,11392.709284818378,,synthetic_local,30,291.85418569636755,100,False,0,P3,0.8611965999999995,27,cluster,90,10,True,2918.5418569636754
5,272,1.0,10,90427.76342108226,,synthetic_local,19,2239.2552684216453,590,True,5,P1,0.07091989999999981,27,cluster,521,10,True,22392.552684216455
10,10,1.0,10,34130.03023777083,,synthetic_local,34,1094.3006047554168,686,True,0,P4,1.875909,27,cluster,637,10,True,10943.006047554167
7,13,1.0,10,34187.026781825756,,synthetic_local,31,1097.8405356365156,689,True,3,P4,1.7447675000000018,27,cluster,637,10,False,10978.405356365156
14,14,1.0,14,32563.83267768293,,synthetic_local,37,505.91189539547037,88,False,0,P1,0.059468899999998825,28,random,60,14,True,7082.766535536585
14,14,1.0,14,34863.100040178986,,synthetic_local,39,539.4728577168424,90,False,0,P2,1.2481805000000037,28,random,60,14,True,7552.620008035795
14,14,1.0,14,19128.72171083216,,synthetic_local,36,314.6245958690309,87,False,0,P3,1.0720132000000007,28,random,74,14,True,4404.744342166432
8,253,1.0,14,129713.5010603958,,synthetic_local,32,2126.9785865770823,521,True,6,P1,0.12999020000000172,28,random,443,14,True,29777.700212079155
13,162,1.0,14,72471.3991310471,,synthetic_local,42,1311.8771304435286,567,True,1,P4,2.316739300000002,28,random,523,14,True,18366.2798262094
11,165,1.0,14,72476.82190720103,,synthetic_local,40,1314.0260272457276,571,True,3,P4,1.8183928999999992,28,random,523,14,False,18396.364381440188
16,16,1.0,16,31520.46608970431,,synthetic_local,47,444.630826121304,128,False,0,P1,0.06994329999999849,29,edge,90,16,True,7114.093217940864
16,16,1.0,16,32290.64991559506,,synthetic_local,37,451.1331239449382,118,False,0,P2,1.1069758999999948,29,edge,90,16,True,7218.129983119011
15,194,1.0,16,32628.92060632157,,synthetic_local,36,490.7990075790186,120,False,1,P3,1.095523,29,edge,113,16,True,7852.784121264298
6,1660,1.0,16,486977.95403178973,,synthetic_local,28,6592.786925397387,527,True,10,P1,0.19672369999999972,29,edge,442,16,True,105484.59080635819
13,464,1.0,16,153450.44328338522,,synthetic_local,41,2215.6930410423124,563,True,3,P4,2.3229331,29,edge,522,16,True,35451.088656677
12,504,1.0,16,195227.47064576353,,synthetic_local,40,2745.405883072051,563,True,4,P4,1.4087880999999953,29,edge,522,16,False,43926.494129152816
10,10,1.0,10,22523.992898739616,,synthetic_local,26,526.4798579747923,122,False,0,P1,0.052063900000000274,30,bias,100,10,True,5264.798579747922
10,10,1.0,10,23964.467496440673,,synthetic_local,26,555.2893499288135,122,False,0,P2,0.8156995000000009,30,bias,100,10,True,5552.893499288135
10,10,1.0,10,15672.423316051823,,synthetic_local,27,391.2484663210365,123,False,0,P3,0.9085621999999987,30,bias,113,10,True,3912.484663210365
5,144,1.0,10,80948.76491265083,,synthetic_local,24,2006.5752982530162,583,True,5,P1,0.09925450000000069,30,bias,509,10,True,20065.75298253016
10,10,1.0,10,42116.38468754146,,synthetic_local,31,1191.9276937508296,582,True,0,P4,1.940819900000001,30,bias,536,10,True,11919.276937508295
7,92,1.0,10,60664.25503915583,,synthetic_local,26,1587.9851007831169,583,True,3,P4,1.7061609000000004,30,bias,536,10,False,15879.851007831168
13,13,1.0,13,27392.532572104978,,synthetic_local,39,464.5005011093072,88,False,0,P1,0.07532330000000087,31,cluster,55,13,True,6038.506514420994
13,13,1.0,13,29988.569373315146,,synthetic_local,39,504.4395288202329,88,False,0,P2,1.2783342000000033,31,cluster,55,13,True,6557.713874663028
13,13,1.0,13,11643.610479049345,,synthetic_local,39,223.97862275460528,88,False,0,P3,0.9442939000000052,31,cluster,78,13,True,2911.7220958098687
6,1062,1.0,13,452931.607702381,,synthetic_local,24,7441.94781080586,504,True,7,P1,0.12306159999999977,31,cluster,427,13,True,96745.32154047619
12,13,1.0,13,34599.95137439146,,synthetic_local,42,823.6915596060227,628,True,1,P4,1.8298435000000026,31,cluster,583,13,True,10707.990274878295
11,14,1.0,13,34635.3011167386,,synthetic_local,41,824.8507864113633,629,True,2,P4,1.5087374000000011,31,cluster,583,13,False,10723.060223347722
16,16,1.0,16,35144.8604169416,,synthetic_local,44,474.43575521177013,86,False,0,P1,0.06087889999999874,32,random,52,16,True,7590.972083388322
16,16,1.0,16,37693.214195386165,,synthetic_local,43,505.97767744232704,85,False,0,P2,1.3115591999999978,32,random,52,16,True,8095.642839077233
16,16,1.0,16,21484.795258356175,,synthetic_local,42,304.30994072945225,84,False,0,P3,1.2446253000000027,32,random,72,16,True,4868.959051671236
12,677,1.0,16,301338.2479435036,,synthetic_local,39,3999.8530992937913,291,True,4,P1,0.13307309999999717,32,random,212,16,True,63997.64958870066
15,272,1.0,16,58151.468870315366,,synthetic_local,47,901.393360878944,332,True,1,P4,1.8466442999999941,32,random,284,16,True,14422.293774063104
15,272,1.0,16,58137.723591666894,,synthetic_local,47,901.2215448958381,332,True,1,P4,1.6519221000000002,32,random,284,16,False,14419.544718333409
16,16,1.0,16,34805.52367038511,,synthetic_local,46,485.131545879814,126,False,0,P1,0.08848229999999546,33,edge,91,16,True,7762.104734077024
16,16,1.0,16,35736.651982743766,,synthetic_local,41,495.2081497842969,121,False,0,P2,1.2171992000000031,33,edge,91,16,True,7923.33039654875
16,16,1.0,16,17469.216588188952,,synthetic_local,44,269.0527073523618,124,False,0,P3,1.4091559000000018,33,edge,111,16,True,4304.8433176377885
7,1643,1.0,16,565194.3318448637,,synthetic_local,30,7564.24164806079,519,True,9,P1,0.16486859999999837,33,edge,433,16,True,121027.86636897264
15,30,1.0,16,42900.137590549275,,synthetic_local,45,743.6267198818662,541,True,1,P4,3.4639173999999997,33,edge,491,16,True,11898.027518109859
12,51,1.0,16,43951.50871033826,,synthetic_local,42,761.9563588792284,545,True,4,P4,2.618578300000003,33,edge,491,16,False,12191.301742067655
10,10,1.0,10,23870.227465130007,,synthetic_local,29,550.6045493025999,118,False,0,P1,0.05160500000000212,34,bias,92,10,True,5506.045493025999
10,10,1.0,10,25210.145790512473,,synthetic_local,27,576.4029158102494,116,False,0,P2,0.8962738999999971,34,bias,92,10,True,5764.029158102494
10,10,1.0,10,17598.51264557973,,synthetic_local,27,426.3702529115947,117,False,0,P3,0.8271106999999986,34,bias,109,10,True,4263.702529115947
2,538,1.0,10,169192.16717084797,,synthetic_local,15,3916.6433434169653,628,True,8,P1,0.09601359999999914,34,bias,554,10,True,39166.43343416965
10,10,1.0,10,40041.085159691356,,synthetic_local,31,1177.0217031938273,626,True,0,P4,2.0506586999999996,34,bias,582,10,True,11770.217031938273
8,75,1.0,10,48329.664144249145,,synthetic_local,28,1362.793282884983,627,True,2,P4,1.501868100000003,34,bias,582,10,False,13627.93282884983
10,10,1.0,10,21565.192736041325,,synthetic_local,30,493.70385472082637,100,False,0,P1,0.060802400000000034,35,cluster,74,10,True,4937.0385472082635
10,10,1.0,10,23539.016114293736,,synthetic_local,30,533.1803222858748,100,False,0,P2,1.005530400000005,35,cluster,74,10,True,5331.803222858748
10,10,1.0,10,12284.46068387411,,synthetic_local,30,309.58921367748223,100,False,0,P3,0.9359962999999993,35,cluster,89,10,True,3095.8921367748226
5,434,1.0,10,189685.51184011847,,synthetic_local,21,4252.610236802369,556,True,5,P1,0.12366810000000328,35,cluster,487,10,True,42526.1023680237
9,10,1.0,10,34846.47496660431,,synthetic_local,28,1106.0294993320863,681,True,1,P4,1.4652875999999964,35,cluster,636,10,True,11060.294993320864
9,10,1.0,10,34816.27798531649,,synthetic_local,28,1105.42555970633,681,True,1,P4,1.2667730000000006,35,cluster,636,10,False,11054.2555970633
12,12,1.0,12,29685.870678765586,,synthetic_local,33,550.4311779794267,106,False,0,P1,0.06427779999999927,36,random,78,12,True,6605.17413575312
12,12,1.0,12,31291.08425212593,,synthetic_local,33,577.1847375354321,106,False,0,P2,1.076236300000005,36,random,78,12,True,6926.216850425185
12,12,1.0,12,15292.030451129558,,synthetic_local,35,321.700507518826,124,False,0,P3,0.8176795999999982,36,random,122,12,True,3860.406090225912
5,734,1.0,12,258015.8642271269,,synthetic_local,23,4739.931070452136,521,True,7,P1,0.11298229999999876,36,random,445,12,True,56879.17284542563
12,12,1.0,12,42727.32741863227,,synthetic_local,32,971.0387903105379,515,True,0,P4,1.3491189000000006,36,random,472,12,True,11652.465483726455
9,39,1.0,12,44769.835759770074,,synthetic_local,30,1013.9139293295015,520,True,3,P4,1.440691600000001,36,random,472,12,False,12166.967151954017
11,11,1.0,11,25042.265538676445,,synthetic_local,31,527.2230097941173,127,False,0,P1,0.06492519999999757,37,edge,101,11,True,5799.45310773529
11,11,1.0,11,25590.215685428215,,synthetic_local,27,535.3675579168766,123,False,0,P2,0.8252881999999957,37,edge,101,11,True,5889.043137085643
11,11,1.0,11,15457.295088716184,,synthetic_local,26,351.8599107039307,122,False,0,P3,0.7687746999999945,37,edge,114,11,True,3870.459017743238
5,1143,1.0,11,376326.9097487814,,synthetic_local,18,7502.034722705121,646,True,6,P1,0.12384679999999548,37,edge,576,11,True,82522.38194975632
10,261,1.0,11,113972.78808316427,,synthetic_local,28,2492.7779651484384,644,True,1,P4,2.1153657999999993,37,edge,601,11,True,27420.557616632825
9,384,1.0,11,136079.46769732356,,synthetic_local,26,2927.8085035877016,643,True,2,P4,1.5015269999999958,37,edge,601,11,False,32205.89353946472
11,11,1.0,11,31286.122000996875,,synthetic_local,34,631.6567636544886,111,False,0,P1,0.03787049999999681,38,bias,81,11,True,6948.224400199375
11,11,1.0,11,32010.136109230796,,synthetic_local,30,643.0024747132873,107,False,0,P2,0.9329460999999952,38,bias,81,11,True,7073.02722184616
11,11,1.0,11,16009.162112870543,,synthetic_local,31,355.62112932491885,110,False,0,P3,0.8494888999999972,38,bias,105,11,True,3911.8324225741076
8,47,1.0,11,59170.71065135132,,synthetic_local,30,1409.6492845700234,597,True,3,P1,0.08189619999999564,38,bias,524,11,True,15506.142130270258
11,11,1.0,11,39536.13984056832,,synthetic_local,41,1055.1116334648787,615,True,0,P4,2.410963599999995,38,bias,569,11,True,11606.227968113664
10,12,1.0,11,39547.10443636401,,synthetic_local,42,1056.4928079338913,617,True,1,P4,1.8531337999999948,38,bias,569,11,False,11621.420887272803
16,16,1.0,16,31142.01588370508,,synthetic_local,48,420.40019854631345,76,False,0,P1,0.059013299999996605,39,cluster,38,16,True,6726.403176741015
16,16,1.0,16,34334.070664667066,,synthetic_local,48,460.3008833083384,76,False,0,P2,1.6030110000000022,39,cluster,38,16,True,7364.814132933415
16,16,1.0,16,11734.950229238186,,synthetic_local,48,179.56187786547736,76,False,0,P3,1.065838400000004,39,cluster,66,16,True,2872.9900458476377
7,1201,1.0,16,367135.0547767146,,synthetic_local,29,4945.063184708934,357,True,9,P1,0.12637119999999413,39,cluster,274,16,True,79121.01095534295
12,16,1.0,16,35610.48219477848,,synthetic_local,58,666.7560274347312,585,True,4,P4,1.9542552000000057,39,cluster,541,16,True,10668.0964389557
12,16,1.0,16,35610.48219477848,,synthetic_local,58,666.7560274347312,585,True,4,P4,1.5473612000000116,39,cluster,541,16,False,10668.0964389557
13,13,1.0,13,27730.650546290217,,synthetic_local,33,477.163854558311,103,False,0,P1,0.061679400000002715,40,random,77,13,True,6203.130109258043
13,13,1.0,13,29961.159872735367,,synthetic_local,33,511.4793826574672,103,False,0,P2,1.090994600000002,40,random,77,13,True,6649.231974547074
13,13,1.0,13,12767.638258569079,,synthetic_local,35,254.27135782413964,115,False,0,P3,0.6730800999999929,40,random,112,13,True,3305.5276517138154
7,443,1.0,13,132909.4995635017,,synthetic_local,27,2359.2230702077195,468,True,6,P1,0.1006703999999985,40,random,393,13,True,30669.89991270035
11,27,1.0,13,38966.664369438295,,synthetic_local,37,870.1794518375123,576,True,2,P4,1.7862396000000018,40,random,532,13,True,11312.332873887659
9,49,1.0,13,40285.18026180118,,synthetic_local,34,896.6950809507872,579,True,4,P4,1.4519537999999983,40,random,532,13,False,11657.036052360234
14,14,1.0,14,30760.841797678448,,synthetic_local,42,502.79773996683485,142,False,0,P1,0.05484909999999843,41,edge,107,14,True,7039.168359535688
14,14,1.0,14,31399.529958304014,,synthetic_local,37,510.13614226148576,137,False,0,P2,1.1934631999999965,41,edge,107,14,True,7141.9059916608
14,14,1.0,14,16542.823108817436,,synthetic_local,37,299.1831872688204,137,False,0,P3,1.2572107999999957,41,edge,125,14,True,4188.564621763486
8,714,1.0,14,243822.71471546913,,synthetic_local,28,3848.467353078133,503,True,6,P1,0.10230659999999148,41,edge,429,14,True,53878.54294309386
13,176,1.0,14,49548.98864858431,,synthetic_local,35,965.3426949797746,515,True,1,P4,1.6242877000000107,41,edge,474,14,True,13514.797729716844
11,226,1.0,14,53904.817414293735,,synthetic_local,33,1038.997391632766,517,True,3,P4,1.294997600000002,41,edge,474,14,False,14545.963482858726
10,10,1.0,10,22538.879483128097,,synthetic_local,29,525.3775896625621,120,False,0,P1,0.053548800000001506,42,bias,96,10,True,5253.775896625621
10,10,1.0,10,23677.61747530422,,synthetic_local,25,546.1523495060844,116,False,0,P2,0.8405501999999956,42,bias,96,10,True,5461.523495060845
10,10,1.0,10,14701.12818072979,,synthetic_local,25,367.82256361459565,116,False,0,P3,0.6681638000000021,42,bias,108,10,True,3678.2256361459567
6,146,1.0,10,71091.22610592202,,synthetic_local,24,1816.3245221184402,593,True,4,P1,0.10495089999999152,42,bias,522,10,True,18163.245221184403
9,29,1.0,10,42994.76810034347,,synthetic_local,30,1223.3953620068692,596,True,1,P4,1.798059699999996,42,bias,548,10,True,12233.95362006869
8,30,1.0,10,42985.51382517656,,synthetic_local,27,1223.010276503531,595,True,2,P4,1.4718984000000006,42,bias,548,10,False,12230.10276503531
13,13,1.0,13,26396.785698222542,,synthetic_local,39,449.2582415111161,88,False,0,P1,0.05692940000000135,43,cluster,56,13,True,5840.3571396445095
13,13,1.0,13,28984.649267045657,,synthetic_local,39,489.07152718531773,88,False,0,P2,1.305996900000011,43,cluster,56,13,True,6357.92985340913
13,13,1.0,13,11770.947016984188,,synthetic_local,39,225.93764641514133,88,False,0,P3,0.966266499999989,43,cluster,78,13,True,2937.1894033968374
7,571,1.0,13,196146.82508432047,,synthetic_local,28,3342.18192437417,426,True,6,P1,0.11761189999999999,43,cluster,350,13,True,43448.36501686421
12,15,1.0,13,35537.93151104769,,synthetic_local,48,837.5835617084261,626,True,1,P4,2.0026142999999905,43,cluster,580,13,True,10888.58630220954
11,25,1.0,13,36625.162996563624,,synthetic_local,47,857.387123024056,628,True,2,P4,1.7778152000000063,43,cluster,580,13,False,11146.032599312728
14,14,1.0,14,30840.556787984046,,synthetic_local,39,483.650811256915,94,False,0,P1,0.06224339999999984,44,random,63,14,True,6771.11135759681
14,14,1.0,14,32471.8258116744,,synthetic_local,36,505.8832258810629,91,False,0,P2,1.1936364000000026,44,random,63,14,True,7082.365162334881
13,29,1.0,14,16070.723874702264,,synthetic_local,36,284.93891249574654,111,False,1,P3,0.8241426000000018,44,random,105,14,True,3989.1447749404515
9,229,1.0,14,89103.8233935277,,synthetic_local,30,1489.697477050395,399,True,5,P1,0.11160290000000828,44,random,325,14,True,20855.76467870553
13,20,1.0,14,41100.67908967483,,synthetic_local,41,789.7954155667836,466,True,1,P4,2.2920718999999963,44,random,419,14,True,11057.13581793497
11,100,1.0,14,52479.96779589876,,synthetic_local,36,968.4281113699824,463,True,3,P4,1.5145291000000043,44,random,419,14,False,13557.993559179753
16,16,1.0,16,33678.64951758976,,synthetic_local,44,477.8581189698718,144,False,0,P1,0.0698990000000066,45,edge,110,16,True,7645.7299035179485
16,16,1.0,16,34496.08492893948,,synthetic_local,40,486.82606161174357,140,False,0,P2,1.344565700000004,45,edge,110,16,True,7789.216985787897
16,16,1.0,16,18239.858469497474,,synthetic_local,41,285.18573086871834,141,False,0,P3,1.3433016000000038,45,edge,130,16,True,4562.971693899493
7,1571,1.0,16,533982.328397939,,synthetic_local,29,7133.716604974258,447,True,9,P1,0.1735623000000004,45,edge,363,16,True,114139.46567958813
15,293,1.0,16,126302.94807868263,,synthetic_local,41,1823.4118509835312,508,True,1,P4,2.7630855000000025,45,edge,463,16,True,29174.5896157365
12,393,1.0,16,143148.37924804585,,synthetic_local,37,2053.0422406005723,509,True,4,P4,1.8642451999999992,45,edge,463,16,False,32848.67584960916
13,13,1.0,13,28331.32184391102,,synthetic_local,37,484.17418221401545,99,False,0,P1,0.04533290000000534,46,bias,68,13,True,6294.264368782201
13,13,1.0,13,30888.597503192228,,synthetic_local,35,522.747653895265,97,False,0,P2,1.0837199999999996,46,bias,68,13,True,6795.719500638445
13,13,1.0,13,17633.43183594389,,synthetic_local,33,319.5912590145215,95,False,0,P3,0.8990049000000084,46,bias,88,13,True,4154.6863671887795
9,144,1.0,13,85564.72462749844,,synthetic_local,31,1586.9188404230526,522,True,4,P1,0.09662390000001153,46,bias,449,13,True,20629.944925499683
11,257,1.0,13,102176.95493601989,,synthetic_local,33,1870.5685374772288,521,True,2,P4,1.6794538000000045,46,bias,480,13,True,24317.390987203973
10,265,1.0,13,102351.94383529307,,synthetic_local,32,1875.8760590045085,523,True,3,P4,1.409579100000002,46,bias,480,13,False,24386.388767058612
10,10,1.0,10,22658.909793110342,,synthetic_local,30,515.4781958622067,100,False,0,P1,0.05625639999999521,47,cluster,73,10,True,5154.781958622067
10,10,1.0,10,24744.35807458378,,synthetic_local,30,557.1871614916756,100,False,0,P2,0.9361508000000072,47,cluster,73,10,True,5571.871614916756
10,10,1.0,10,12089.474170524936,,synthetic_local,30,305.6894834104987,100,False,0,P3,0.8026361999999949,47,cluster,89,10,True,3056.8948341049872
3,690,1.0,10,191354.99271285237,,synthetic_local,17,4377.399854257064,581,True,7,P1,0.10731099999999572,47,cluster,508,10,True,43773.99854257064
9,10,1.0,10,33893.59076520384,,synthetic_local,33,1090.3718153040768,687,True,1,P4,1.6638252000000051,47,cluster,640,10,True,10903.718153040769
8,12,1.0,10,33930.24781756728,,synthetic_local,32,1091.7049563513458,687,True,2,P4,1.3469465000000014,47,cluster,640,10,False,10917.049563513458
10,10,1.0,10,21661.245262004242,,synthetic_local,27,504.4249052400852,114,False,0,P1,0.04700149999999326,48,random,92,10,True,5044.249052400852
10,10,1.0,10,23114.269639562186,,synthetic_local,27,533.485392791244,114,False,0,P2,0.9441498000000053,48,random,92,10,True,5334.85392791244
10,10,1.0,10,13673.800486186114,,synthetic_local,27,346.5760097237223,115,False,0,P3,0.8432596999999902,48,random,106,10,True,3465.760097237223
7,334,1.0,10,167550.439580388,,synthetic_local,22,3756.9087916077588,517,True,3,P1,0.11461299999999142,48,random,452,10,True,37569.08791607759
10,10,1.0,10,38137.37733278926,,synthetic_local,37,1126.1475466557852,605,True,0,P4,1.4830050999999997,48,random,559,10,True,11261.475466557851
9,13,1.0,10,38192.65309987841,,synthetic_local,36,1128.6530619975679,606,True,1,P4,1.2558526999999913,48,random,559,10,False,11286.53061997568
10,10,1.0,10,23119.56650072793,,synthetic_local,29,542.8913300145585,130,False,0,P1,0.04706939999999804,49,edge,105,10,True,5428.913300145586
10,10,1.0,10,23399.37613654454,,synthetic_local,22,544.9875227308905,123,False,0,P2,0.5621168999999924,49,edge,105,10,True,5449.875227308906
10,10,1.0,10,15084.871727281108,,synthetic_local,23,382.9974345456222,128,False,0,P3,0.5741562999999985,49,edge,123,10,True,3829.9743454562217
3,880,1.0,10,287715.0809196906,,synthetic_local,16,6401.401618393818,647,True,7,P1,0.13739619999999775,49,edge,576,10,True,64014.01618393818
9,27,1.0,10,38900.019104536084,,synthetic_local,23,1185.5003820907223,670,True,1,P4,1.925415000000001,49,edge,624,10,True,11855.003820907223
6,269,1.0,10,89100.33087201048,,synthetic_local,19,2262.6066174402104,671,True,4,P4,1.3878428000000014,49,edge,624,10,False,22626.0661744021
15,15,1.0,15,33768.55170148424,,synthetic_local,43,490.580689353123,94,False,0,P1,0.05186329999999373,50,bias,60,15,True,7358.710340296845
15,15,1.0,15,35458.22754811882,,synthetic_local,40,512.1097006415844,91,False,0,P2,1.2456004999999948,50,bias,60,15,True,7681.645509623765
14,82,1.0,15,25594.790160599885,,synthetic_local,41,397.8638688079987,97,False,1,P3,1.0997229999999973,50,bias,88,15,True,5967.95803211998
8,646,1.0,15,180216.47726050185,,synthetic_local,29,2723.5530301400354,487,True,7,P1,0.14297310000000607,50,bias,407,15,True,40853.29545210053
15,15,1.0,15,41793.305228555786,,synthetic_local,47,770.1107363807439,527,True,0,P4,2.4673483999999917,50,bias,483,15,True,11551.661045711158
12,84,1.0,15,49806.242128369755,,synthetic_local,43,891.4165617115967,529,True,3,P4,1.8130172999999985,50,bias,483,15,False,13371.248425673952
12,12,1.0,12,24854.199394434185,,synthetic_local,36,462.7366565739031,92,False,0,P1,0.045985199999989845,51,cluster,62,12,True,5552.839878886837
12,12,1.0,12,27311.788802945153,,synthetic_local,36,503.6964800490859,92,False,0,P2,1.1174667000000085,51,cluster,62,12,True,6044.3577605890305
12,12,1.0,12,11681.773004975177,,synthetic_local,36,244.8628834162529,92,False,0,P3,0.852993799999993,51,cluster,82,12,True,2938.354600995035
6,971,1.0,12,371381.40676665894,,synthetic_local,23,6690.440112777658,524,True,6,P1,0.11280759999999646,51,cluster,452,12,True,80285.2813533319
11,12,1.0,12,35177.31537154725,,synthetic_local,38,912.2052561924542,649,True,1,P4,1.668453999999997,51,cluster,606,12,True,10946.46307430945
11,12,1.0,12,35177.31537154725,,synthetic_local,38,912.2052561924542,649,True,1,P4,1.3726081000000079,51,cluster,606,12,False,10946.46307430945
16,16,1.0,16,33563.69029135644,,synthetic_local,44,456.1086286419553,90,False,0,P1,0.06961350000000266,52,random,55,16,True,7297.738058271285
16,16,1.0,16,35740.96073283413,,synthetic_local,41,482.3870091604265,87,False,0,P2,1.3223349999999954,52,random,55,16,True,7718.192146566824
16,16,1.0,16,18704.306063326574,,synthetic_local,43,275.30382579158214,98,False,0,P3,1.0306580999999966,52,random,94,16,True,4404.861212665314
8,418,1.0,16,142224.88936166698,,synthetic_local,34,2000.1861170208413,393,True,8,P1,0.12838080000000218,52,random,307,16,True,32002.97787233346
12,580,1.0,16,137619.32831762466,,synthetic_local,44,1986.929103970308,423,True,4,P4,2.2523942999999917,52,random,380,16,True,31790.865663524928
12,580,1.0,16,137526.45395899838,,synthetic_local,44,1985.1431744874792,421,True,4,P4,1.5124813000000046,52,random,380,16,False,31762.290791799667
15,15,1.0,15,33623.99707813012,,synthetic_local,46,504.4532943750681,134,False,0,P1,0.0826099999999883,53,edge,97,15,True,7566.799415626021
15,15,1.0,15,34297.807529812875,,synthetic_local,38,510.7707670641714,126,False,0,P2,1.3078677999999968,53,edge,97,15,True,7661.561505962572
15,15,1.0,15,19525.621336228975,,synthetic_local,36,314.8082844830529,125,False,0,P3,1.1858778,53,edge,117,15,True,4722.124267245793
3,1736,1.0,15,544063.2566107915,,synthetic_local,20,7798.043421477242,501,True,12,P1,0.16289140000000657,53,edge,415,15,True,116970.65132215864
11,412,1.0,15,169578.39084244988,,synthetic_local,35,2568.1118778993396,564,True,4,P4,2.473659699999999,53,edge,520,15,True,38521.67816849009
10,118,1.0,15,45450.406411494645,,synthetic_local,34,852.005418819928,559,True,5,P4,1.9058241999999979,53,edge,511,15,False,12780.08128229892
12,12,1.0,12,28073.411589706993,,synthetic_local,33,519.55685982845,98,False,0,P1,0.043752900000001205,54,bias,70,12,True,6234.6823179414
12,12,1.0,12,29681.010821874694,,synthetic_local,32,545.9335136979115,97,False,0,P2,1.1293309999999934,54,bias,70,12,True,6551.202164374939
12,12,1.0,12,17797.26513516409,,synthetic_local,32,349.2877522527347,97,False,0,P3,1.0878167999999988,54,bias,87,12,True,4191.453027032817
8,389,1.0,12,180409.98663331053,,synthetic_local,29,3372.416443888509,545,True,4,P1,0.13329190000000324,54,bias,471,12,True,40468.99732666211
12,12,1.0,12,41053.47759633725,,synthetic_local,31,971.974626605621,573,True,0,P4,2.0492232,54,bias,528,12,True,11663.695519267452
9,25,1.0,12,41451.33880866361,,synthetic_local,28,982.6889801443937,575,True,3,P4,1.5346701999999937,54,bias,528,12,False,11792.267761732724
16,16,1.0,16,32175.310904745595,,synthetic_local,48,433.25388630931997,76,False,0,P1,0.08149759999999162,55,cluster,37,16,True,6932.0621809491195
16,16,1.0,16,35672.457277027046,,synthetic_local,48,476.96821596283814,76,False,0,P2,1.3496257000000043,55,cluster,37,16,True,7631.49145540541
16,16,1.0,16,12703.012055957093,,synthetic_local,48,191.60015069946365,76,False,0,P3,0.9668188999999927,55,cluster,65,16,True,3065.6024111914185
9,946,1.0,16,324609.6850539544,,synthetic_local,33,4346.558563174428,306,True,7,P1,0.10605650000000821,55,cluster,223,16,True,69544.93701079085
15,17,1.0,16,35171.644328782175,,synthetic_local,64,658.9580541097774,579,True,1,P4,2.054257199999995,55,cluster,531,16,True,10543.328865756439
15,17,1.0,16,35220.0252326646,,synthetic_local,64,659.9378154083075,580,True,1,P4,1.758108699999994,55,cluster,532,16,False,10559.00504653292
12,12,1.0,12,28276.002924504628,,synthetic_local,33,524.433382075077,101,False,0,P1,0.032843899999988935,56,random,73,12,True,6293.200584900925
12,12,1.0,12,29654.810003479142,,synthetic_local,31,546.5801667246524,99,False,0,P2,0.7403532999999953,56,random,73,12,True,6558.9620006958285
11,69,1.0,12,29037.88334081614,,synthetic_local,30,556.1313890136023,107,False,1,P3,0.6388584000000037,56,random,100,12,True,6673.576668163228
6,208,1.0,12,84224.78223085693,,synthetic_local,28,1716.66303718095,531,True,6,P1,0.09635249999999473,56,random,452,12,True,20599.9564461714
11,49,1.0,12,38988.69272082807,,synthetic_local,40,945.728212013802,570,True,1,P4,1.7042438000000004,56,random,530,12,True,11348.738544165624
11,49,1.0,12,38993.99142855471,,synthetic_local,40,945.8165238092457,570,True,1,P4,1.2416594999999973,56,random,530,12,False,11349.79828571095
10,10,1.0,10,22298.81582222696,,synthetic_local,27,527.1763164445392,131,False,0,P1,0.03270649999998909,57,edge,107,10,True,5271.763164445392
10,10,1.0,10,22830.992079861066,,synthetic_local,24,536.3198415972213,128,False,0,P2,0.5630633000000103,57,edge,107,10,True,5363.198415972212
10,10,1.0,10,14878.667555752334,,synthetic_local,24,378.47335111504674,128,False,0,P3,0.5802259000000021,57,edge,119,10,True,3784.733511150467
2,1135,1.0,10,371987.36609663675,,synthetic_local,14,8161.647321932745,644,True,8,P1,0.10420589999999663,57,edge,574,10,True,81616.47321932745
9,220,1.0,10,44476.07429417775,,synthetic_local,23,1345.9214858835535,654,True,1,P4,1.5374312999999944,57,edge,614,10,True,13459.214858835534
5,372,1.0,10,67050.97004944152,,synthetic_local,19,1844.5194009888262,657,True,5,P4,1.0768559999999923,57,edge,614,10,False,18445.194009888262
13,13,1.0,13,29362.628093034957,,synthetic_local,36,499.2712014313071,97,False,0,P1,0.05180659999999193,58,bias,68,13,True,6490.525618606992
13,13,1.0,13,31126.421956859507,,synthetic_local,33,525.2526454901463,94,False,0,P2,0.7083815000000016,58,bias,68,13,True,6828.284391371902
13,13,1.0,13,17179.514983733035,,synthetic_local,32,311.454076672816,93,False,0,P3,0.6600999999999999,58,bias,83,13,True,4048.9029967466076
10,115,1.0,13,64105.65650795347,,synthetic_local,32,1256.1639462762066,535,True,3,P1,0.07426789999999528,58,bias,463,13,True,16330.131301590687
12,14,1.0,13,40796.20586673712,,synthetic_local,41,883.172397949802,550,True,1,P4,1.6124010000000055,58,bias,504,13,True,11481.241173347426
12,14,1.0,13,40279.58553958123,,synthetic_local,42,875.6090083012498,551,True,1,P4,1.2108999999999952,58,bias,504,13,False,11382.917107916248
15,15,1.0,15,30563.395294385493,,synthetic_local,45,442.0452705918067,80,False,0,P1,0.03840610000000311,59,cluster,43,15,True,6630.6790588771
15,15,1.0,15,33684.920585277294,,synthetic_local,45,483.6656078036974,80,False,0,P2,1.123724199999998,59,cluster,43,15,True,7254.984117055461
15,15,1.0,15,11778.89693903715,,synthetic_local,45,193.3852925204954,80,False,0,P3,0.8164349999999985,59,cluster,70,15,True,2900.779387807431
9,503,1.0,15,150091.37335986883,,synthetic_local,33,2218.8183114649178,301,True,6,P1,0.07242970000000071,59,cluster,220,15,True,33282.27467197377
14,19,1.0,15,33923.42931284809,,synthetic_local,47,680.1790575046414,563,True,1,P4,1.7911758000000049,59,cluster,516,15,True,10202.68586256962
13,19,1.0,15,33826.841575237835,,synthetic_local,46,678.8912210031712,563,True,2,P4,1.4437988000000104,59,cluster,516,15,False,10183.368315047568
11,11,1.0,11,23256.73125810886,,synthetic_local,27,482.12238651107003,103,False,0,P1,0.033428400000005354,60,random,82,11,True,5303.3462516217705
11,11,1.0,11,25215.691022096213,,synthetic_local,28,518.194382219931,104,False,0,P2,0.5969561999999939,60,random,82,11,True,5700.1382044192405
11,11,1.0,11,12450.667468236501,,synthetic_local,32,292.37577214975454,113,False,0,P3,0.4708053000000092,60,random,106,11,True,3216.1334936473
6,265,1.0,11,142867.43362537443,,synthetic_local,23,3012.4078840977177,636,True,5,P1,0.07305650000000696,60,random,566,11,True,33136.486725074894
11,11,1.0,11,38809.56563003576,,synthetic_local,32,1055.9921023642864,640,True,0,P4,1.456959100000006,60,random,599,11,True,11615.913126007152
11,11,1.0,11,38811.48988263343,,synthetic_local,32,1056.0270887751533,640,True,0,P4,1.0895107999999993,60,random,599,11,False,11616.297976526686
12,12,1.0,12,26552.490540027942,,synthetic_local,36,511.95817566713225,134,False,0,P1,0.04028719999999453,61,edge,103,12,True,6143.498108005587
12,12,1.0,12,27103.610512563282,,synthetic_local,31,519.0601752093879,129,False,0,P2,0.7834788999999915,61,edge,103,12,True,6228.722102512655
12,12,1.0,12,16073.972408195337,,synthetic_local,30,336.23287346992225,128,False,0,P3,0.7272878999999932,61,edge,120,12,True,4034.794481639067
6,811,1.0,12,265106.7630510334,,synthetic_local,24,4894.446050850572,555,True,6,P1,0.09839159999999936,61,edge,480,12,True,58733.35261020686
11,40,1.0,12,40053.89255266907,,synthetic_local,34,965.6482092111518,580,True,1,P4,2.235030699999996,61,edge,533,12,True,11587.77851053382
7,136,1.0,12,53195.082954718135,,synthetic_local,29,1209.9180492453027,583,True,5,P4,1.5029269000000056,61,edge,533,12,False,14519.016590943631
13,13,1.0,13,32762.418391167757,,synthetic_local,37,552.4218214025808,99,False,0,P1,0.04525959999999429,62,bias,69,13,True,7181.483678233551
13,13,1.0,13,34244.57846027221,,synthetic_local,36,574.8396686195723,98,False,0,P2,0.8037752999999981,62,bias,69,13,True,7472.91569205444
13,13,1.0,13,14866.823288502686,,synthetic_local,39,284.41266597696443,111,False,0,P3,0.6715769999999992,62,bias,104,13,True,3697.364657700538
9,476,1.0,13,217640.04931714555,,synthetic_local,30,3703.7699894945617,540,True,4,P1,0.07881689999999253,62,bias,467,13,True,48149.0098634293
12,16,1.0,13,41866.16650074583,,synthetic_local,40,901.6333307807053,553,True,1,P4,1.807089700000006,62,bias,509,13,True,11721.233300149168
8,130,1.0,13,57104.28315449185,,synthetic_local,35,1163.527433146028,556,True,5,P4,1.4523513999999977,62,bias,509,13,False,15125.856630898363
13,13,1.0,13,26364.463884188954,,synthetic_local,39,448.760982833676,88,False,0,P1,0.04561719999999525,63,cluster,56,13,True,5833.892776837788
13,13,1.0,13,29367.58935094823,,synthetic_local,39,494.96291309151127,88,False,0,P2,0.9980218999999977,63,cluster,56,13,True,6434.517870189647
13,13,1.0,13,12477.266030700943,,synthetic_local,39,236.72716970309145,88,False,0,P3,0.7371586000000008,63,cluster,77,13,True,3077.4532061401887
8,435,1.0,13,126729.08792066919,,synthetic_local,28,2232.4475064718345,403,True,5,P1,0.07911430000000053,63,cluster,330,13,True,29021.817584133845
10,118,1.0,13,71726.26062326695,,synthetic_local,45,1411.2501634348764,612,True,3,P4,2.047180499999996,63,cluster,561,13,True,18346.252124653394
9,94,1.0,13,52227.47708034998,,synthetic_local,44,1105.730416620769,612,True,4,P4,1.4780738000000042,63,cluster,561,13,False,14374.495416069996
13,13,1.0,13,27959.653488972144,,synthetic_local,38,483.53313059957145,110,False,0,P1,0.038182300000002556,64,random,79,13,True,6285.930697794429
13,13,1.0,13,29285.10574878468,,synthetic_local,34,502.38624228899494,106,False,0,P2,0.8147967000000023,64,random,79,13,True,6531.021149756934
13,13,1.0,13,14385.803655259806,,synthetic_local,35,277.5508254655355,112,False,0,P3,0.743922100000006,64,random,106,13,True,3608.160731051962
6,578,1.0,13,221607.5992606906,,synthetic_local,26,3804.116911702938,575,True,7,P1,0.10983639999999184,64,random,497,13,True,49453.5198521382
11,254,1.0,13,141567.5740584672,,synthetic_local,38,2508.962677822574,593,True,2,P4,2.2884320999999943,64,random,550,13,True,32616.51481169346
8,395,1.0,13,140237.3886329587,,synthetic_local,33,2521.421363583981,594,True,5,P4,1.401486900000009,64,random,550,13,False,32778.47772659175
11,11,1.0,11,23517.544430580805,,synthetic_local,33,496.13717146510584,121,False,0,P1,0.03414840000000652,65,edge,94,11,True,5457.508886116164
11,11,1.0,11,24028.29888922762,,synthetic_local,27,502.69634344050206,115,False,0,P2,0.6307414000000051,65,edge,94,11,True,5529.6597778455225
11,11,1.0,11,16980.856402024394,,synthetic_local,27,375.6519345822617,115,False,0,P3,0.8838366000000093,65,edge,106,11,True,4132.171280404878
5,420,1.0,11,122581.22229387761,,synthetic_local,22,2709.476768979592,680,True,6,P1,0.1256759000000045,65,edge,606,11,True,29804.244458775513
11,11,1.0,11,38603.27200206752,,synthetic_local,29,1073.0594909466822,678,True,0,P4,2.3953326999999973,65,edge,638,11,True,11803.654400413505
8,25,1.0,11,38838.196568330975,,synthetic_local,26,1082.9672103332905,682,True,3,P4,1.673511099999999,65,edge,638,11,False,11912.639313666195
16,16,1.0,16,35920.74724674129,,synthetic_local,48,488.38434058426617,98,False,0,P1,0.09191470000000379,66,bias,60,16,True,7814.149449348259
16,16,1.0,16,37709.474688189905,,synthetic_local,41,508.5559336023739,91,False,0,P2,1.391620500000002,66,bias,60,16,True,8136.894937637982
16,16,1.0,16,19682.97002883444,,synthetic_local,45,287.8496253604305,100,False,0,P3,1.400989899999999,66,bias,89,16,True,4605.594005766888
10,446,1.0,16,150403.62846499897,,synthetic_local,35,2125.6078558124896,440,True,6,P1,0.15035229999999444,66,bias,359,16,True,34009.72569299983
16,16,1.0,16,41170.00546091155,,synthetic_local,51,701.1250682613943,491,True,0,P4,2.7276231000000024,66,bias,449,16,True,11218.001092182309
14,41,1.0,16,42637.699649986884,,synthetic_local,49,725.0962456248362,494,True,2,P4,1.9831677000000099,66,bias,449,16,False,11601.53992999738
15,15,1.0,15,29568.171626483974,,synthetic_local,45,428.8422883531195,80,False,0,P1,0.07252600000001053,67,cluster,44,15,True,6432.634325296793
15,15,1.0,15,32681.508110422226,,synthetic_local,45,470.35344147229625,80,False,0,P2,1.541279799999998,67,cluster,44,15,True,7055.301622084444
15,15,1.0,15,12755.061344635573,,synthetic_local,45,206.33415126180768,80,False,0,P3,1.2593430000000012,67,cluster,69,15,True,3095.012268927115
10,476,1.0,15,170879.63709922633,,synthetic_local,36,2516.328494656358,365,True,5,P1,0.1248343000000034,67,cluster,286,15,True,37744.92741984537
14,15,1.0,15,35400.146192121785,,synthetic_local,52,706.4019492282904,581,True,1,P4,1.8179654999999997,67,cluster,536,15,True,10596.029238424357
14,15,1.0,15,35400.146192121785,,synthetic_local,52,706.4019492282904,581,True,1,P4,1.456575700000002,67,cluster,536,15,False,10596.029238424357
13,13,1.0,13,28857.908930584923,,synthetic_local,35,490.1216758551528,94,False,0,P1,0.040957000000005905,68,random,65,13,True,6371.581786116986
13,13,1.0,13,31006.15118754157,,synthetic_local,34,522.7869413467931,93,False,0,P2,1.0260887999999966,68,random,65,13,True,6796.230237508311
13,13,1.0,13,18264.40834114762,,synthetic_local,38,332.68320524842505,103,False,0,P3,1.1547862000000038,68,random,92,13,True,4324.8816682295255
8,334,1.0,13,162499.09749608638,,synthetic_local,30,2798.063038401332,487,True,5,P1,0.12931150000000002,68,random,412,13,True,36374.819499217316
13,13,1.0,13,38866.53651750779,,synthetic_local,43,855.4851771924276,554,True,0,P4,1.6761525000000006,68,random,513,13,True,11121.307303501559
11,17,1.0,13,38888.292218502895,,synthetic_local,41,857.8968033615831,557,True,2,P4,1.5016324999999995,68,random,513,13,False,11152.65844370058
10,10,1.0,10,22984.873473449235,,synthetic_local,27,543.997469468985,136,False,0,P1,0.042980499999998756,69,edge,113,10,True,5439.9746946898495
10,10,1.0,10,23510.12845130216,,synthetic_local,23,552.5025690260431,132,False,0,P2,0.6419616000000019,69,edge,113,10,True,5525.0256902604315
10,10,1.0,10,16098.35781440385,,synthetic_local,24,405.96715628807704,133,False,0,P3,0.7239480000000071,69,edge,125,10,True,4059.6715628807706
4,906,1.0,10,280434.5688651928,,synthetic_local,19,6246.291377303868,618,True,6,P1,0.13152990000000386,69,edge,548,10,True,62462.91377303868
9,229,1.0,10,96753.37746359328,,synthetic_local,24,2393.3675492718676,653,True,1,P4,1.6974031000000025,69,edge,611,10,True,23933.675492718674
6,437,1.0,10,126864.47481017058,,synthetic_local,20,3057.9894962034136,653,True,4,P4,1.2704341000000028,69,edge,611,10,False,30579.894962034137
14,14,1.0,14,30692.13875296795,,synthetic_local,37,478.6734107566849,87,False,0,P1,0.0636133000000001,70,bias,58,14,True,6701.427750593589
14,14,1.0,14,32813.71246053254,,synthetic_local,36,508.62446372189345,86,False,0,P2,1.1709551000000005,70,bias,58,14,True,7120.7424921065085
14,14,1.0,14,15264.328018061251,,synthetic_local,40,262.41897168658926,93,False,0,P3,1.0573751000000016,70,bias,86,14,True,3673.8656036122497
7,194,1.0,14,74523.29423051595,,synthetic_local,25,1284.4042032930847,424,True,7,P1,0.10482860000000471,70,bias,347,14,True,17981.658846103186
13,17,1.0,14,41245.826238415626,,synthetic_local,40,807.940374834509,505,True,1,P4,2.1510412999999886,70,bias,458,14,True,11311.165247683126
9,31,1.0,14,41705.29492379878,,synthetic_local,36,819.6470703399825,511,True,5,P4,2.060935999999998,70,bias,458,14,False,11475.058984759755
16,16,1.0,16,31144.670348843436,,synthetic_local,48,420.43337936054303,76,False,0,P1,0.09099199999999996,71,cluster,38,16,True,6726.9340697686885
16,16,1.0,16,34435.94673576121,,synthetic_local,48,461.5743341970152,76,False,0,P2,1.7656353999999936,71,cluster,38,16,True,7385.1893471522435
16,16,1.0,16,12647.741919962784,,synthetic_local,48,190.90927399953475,76,False,0,P3,1.3050415000000015,71,cluster,65,16,True,3054.548383992556
8,928,1.0,16,286781.72864729096,,synthetic_local,32,3890.1466080911387,359,True,8,P1,0.14134629999999504,71,cluster,275,16,True,62242.34572945822
14,21,1.0,16,35674.29444308161,,synthetic_local,47,670.1161805385203,590,True,2,P4,2.391558500000002,71,cluster,542,16,True,10721.858888616325
12,28,1.0,16,35949.53107070955,,synthetic_local,45,675.2441383838694,591,True,4,P4,1.9328518000000088,71,cluster,543,16,False,10803.90621414191
16,16,1.0,16,34127.31471292941,,synthetic_local,44,465.4664339116175,96,False,0,P1,0.08441540000001169,72,random,62,16,True,7447.46294258588
16,16,1.0,16,36198.261208819335,,synthetic_local,43,491.0407651102418,95,False,0,P2,1.4203258999999946,72,random,62,16,True,7856.652241763869
16,16,1.0,16,17479.618717315905,,synthetic_local,44,263.9952339664487,109,False,0,P3,1.082739100000012,72,random,103,16,True,4223.92374346318
10,442,1.0,16,220497.01588828067,,synthetic_local,33,2979.4001986035123,382,True,6,P1,0.11630089999999882,72,random,303,16,True,47670.4031776562
16,16,1.0,16,44786.44011652707,,synthetic_local,46,716.7680014565883,413,True,0,P4,1.8774398000000048,72,random,366,16,True,11468.288023305413
14,129,1.0,16,62048.840702338726,,synthetic_local,41,953.735508779234,413,True,2,P4,1.3947780000000023,72,random,366,16,False,15259.768140467744
15,15,1.0,15,32510.49486338252,,synthetic_local,45,484.8065981784335,122,False,0,P1,0.043544400000001815,73,edge,85,15,True,7272.098972676502
15,15,1.0,15,33299.10725987743,,synthetic_local,38,492.9880967983661,115,False,0,P2,0.8167009000000007,73,edge,85,15,True,7394.821451975491
15,15,1.0,15,17861.66641250695,,synthetic_local,36,287.822218833426,113,False,0,P3,0.7566513999999955,73,edge,105,15,True,4317.33328250139
5,1358,1.0,15,470538.05467516265,,synthetic_local,23,6785.640729002155,609,True,10,P1,0.09834000000000742,73,edge,528,15,True,101784.61093503232
13,127,1.0,15,46886.29337775021,,synthetic_local,41,910.4172450366688,652,True,2,P4,2.7688495000000017,73,edge,608,15,True,13656.25867555003
9,257,1.0,15,57652.25285508711,,synthetic_local,35,1080.9633714011604,655,True,6,P4,1.6264023999999893,73,edge,608,15,False,16214.450571017405
11,11,1.0,11,26310.242019308676,,synthetic_local,29,538.9134912601578,106,False,0,P1,0.027188699999996402,74,bias,81,11,True,5928.048403861736
11,11,1.0,11,27716.30216192015,,synthetic_local,28,564.0236756712756,105,False,0,P2,0.5519072000000023,74,bias,81,11,True,6204.260432384031
11,11,1.0,11,15774.89041424631,,synthetic_local,29,351.17982571356924,110,False,0,P3,0.49016669999998896,74,bias,103,11,True,3862.9780828492617
7,654,1.0,11,263115.0557895056,,synthetic_local,26,5241.455559809208,520,True,4,P1,0.07183820000000196,74,bias,449,11,True,57656.01115790129
9,405,1.0,11,115145.8772257493,,synthetic_local,35,2497.9250404681716,543,True,2,P4,1.971274699999995,74,bias,496,11,True,27477.175445149885
10,12,1.0,11,39020.52130600135,,synthetic_local,35,1030.4640237454792,587,True,1,P4,1.7201314999999937,74,bias,538,11,False,11335.104261200271
14,14,1.0,14,27963.90167562517,,synthetic_local,42,438.0557382232167,84,False,0,P1,0.07714810000000227,75,cluster,50,14,True,6132.780335125033
14,14,1.0,14,30883.565548500275,,synthetic_local,42,479.7652221214326,84,False,0,P2,1.3889429000000035,75,cluster,50,14,True,6716.7131097000565
14,14,1.0,14,11686.846163693313,,synthetic_local,42,207.24065948133304,84,False,0,P3,0.9923385999999965,75,cluster,74,14,True,2901.3692327386625
7,937,1.0,14,307322.56626053323,,synthetic_local,30,4776.465232293345,441,True,7,P1,0.14882539999999267,75,cluster,362,14,True,66870.51325210683
13,14,1.0,14,35606.0721979971,,synthetic_local,46,776.1581742571015,620,True,1,P4,1.8776104999999887,75,cluster,575,14,True,10866.21443959942
11,27,1.0,14,36263.39453610544,,synthetic_local,44,789.7627790872205,624,True,3,P4,1.5697772999999984,75,cluster,575,14,False,11056.678907221087
13,13,1.0,13,31002.273349249353,,synthetic_local,37,524.3426669115285,97,False,0,P1,0.05260330000000124,76,random,66,13,True,6816.45466984987
13,13,1.0,13,32431.229287373244,,synthetic_local,35,545.5573736518959,95,False,0,P2,0.9643904000000134,76,random,66,13,True,7092.245857474646
13,13,1.0,13,17197.54154566099,,synthetic_local,35,314.6544853178615,99,False,0,P3,0.8934738000000095,76,random,91,13,True,4090.508309132199
10,189,1.0,13,79402.24749700975,,synthetic_local,32,1497.4191922616874,511,True,3,P1,0.09053459999999802,76,random,438,13,True,19466.449499401937
13,13,1.0,13,40742.0023465588,,synthetic_local,39,878.0308053316738,541,True,0,P4,1.7172201000000058,76,random,496,13,True,11414.40046931176
9,78,1.0,13,46652.7194074834,,synthetic_local,34,985.8879908843597,546,True,4,P4,1.5478279999999955,76,random,496,13,False,12816.543881496676
10,10,1.0,10,24649.740392394226,,synthetic_local,30,576.2948078478845,135,False,0,P1,0.06059089999999401,77,edge,108,10,True,5762.948078478845
10,10,1.0,10,25129.7208464711,,synthetic_local,24,582.8944169294219,129,False,0,P2,0.6062898000000132,77,edge,108,10,True,5828.944169294219
10,10,1.0,10,14167.53848037707,,synthetic_local,25,365.65076960754146,130,False,0,P3,0.7061984999999993,77,edge,123,10,True,3656.5076960754145
3,1151,1.0,10,341247.29849699925,,synthetic_local,15,7565.445969939993,667,True,7,P1,0.09938990000000558,77,edge,597,10,True,75654.45969939993
8,65,1.0,10,40356.904116975384,,synthetic_local,22,1233.5380823395076,682,True,2,P4,1.435518099999996,77,edge,639,10,True,12335.380823395075
6,73,1.0,10,40704.35718671892,,synthetic_local,20,1244.8871437343782,686,True,4,P4,1.0293628999999953,77,edge,639,10,False,12448.871437343782
15,15,1.0,15,35629.86499646076,,synthetic_local,46,520.4648666194768,107,False,0,P1,0.05099459999999567,78,bias,71,15,True,7806.972999292151
15,15,1.0,15,36912.522005090985,,synthetic_local,44,536.900293401213,105,False,0,P2,1.2684944000000087,78,bias,71,15,True,8053.504401018196
15,15,1.0,15,20308.70200380747,,synthetic_local,46,318.11602671743304,108,False,0,P3,1.2173877000000033,78,bias,95,15,True,4771.740400761496
5,409,1.0,15,106350.55020274922,,synthetic_local,27,1674.2073360366555,445,True,10,P1,0.12142839999999921,78,bias,361,15,True,25113.110040549833
12,139,1.0,15,59837.241010818434,,synthetic_local,39,1008.6965468109127,460,True,3,P4,2.050441500000005,78,bias,416,15,True,15130.44820216369
8,236,1.0,15,72279.66685027795,,synthetic_local,35,1195.6622246703723,465,True,7,P4,1.6867289999999997,78,bias,416,15,False,17934.933370055584
10,10,1.0,10,22674.716611976255,,synthetic_local,30,515.794332239525,100,False,0,P1,0.043400000000005434,79,cluster,73,10,True,5157.94332239525
10,10,1.0,10,24885.253086386947,,synthetic_local,30,560.005061727739,100,False,0,P2,0.9274972000000048,79,cluster,73,10,True,5600.050617277389
10,10,1.0,10,12287.797576179652,,synthetic_local,30,309.65595152359305,100,False,0,P3,0.7765579000000002,79,cluster,89,10,True,3096.5595152359306
4,491,1.0,10,131052.75868996682,,synthetic_local,18,3066.855173799337,506,True,6,P1,0.08808359999999027,79,cluster,435,10,True,30668.55173799337
9,10,1.0,10,33492.76478165369,,synthetic_local,35,1073.2552956330742,672,True,1,P4,1.5883163000000025,79,cluster,624,10,True,10732.552956330743
8,10,1.0,10,33468.830864807445,,synthetic_local,34,1072.7766172961492,672,True,2,P4,1.3651199000000105,79,cluster,624,10,False,10727.766172961492
16,16,1.0,16,36265.60894476734,,synthetic_local,45,490.2576118095916,91,False,0,P1,0.06245160000000283,80,random,56,16,True,7844.1217889534655
16,16,1.0,16,38729.062255718854,,synthetic_local,43,520.4257781964858,89,False,0,P2,1.250763500000005,80,random,56,16,True,8326.812451143773
15,31,1.0,16,19701.29123024511,,synthetic_local,42,291.1411403780641,100,False,1,P3,0.9415716999999972,80,random,93,16,True,4658.258246049026
11,312,1.0,16,159728.74623774618,,synthetic_local,37,2179.9843279718257,341,True,5,P1,0.13084110000001203,80,random,261,16,True,34879.74924754921
11,289,1.0,16,111421.46873021415,,synthetic_local,39,1577.8933591276777,351,True,5,P4,1.432103699999999,80,random,308,16,True,25246.293746042844
9,293,1.0,16,111583.82959223723,,synthetic_local,37,1581.922869902966,355,True,7,P4,1.2737876000000057,80,random,308,16,False,25310.765918447458
10,10,1.0,10,24793.719889683027,,synthetic_local,29,572.7743977936606,124,False,0,P1,0.051995699999991984,81,edge,99,10,True,5727.743977936606
10,10,1.0,10,25403.04358235263,,synthetic_local,26,583.4608716470526,121,False,0,P2,0.8324190999999956,81,edge,99,10,True,5834.608716470526
10,10,1.0,10,15288.650169108247,,synthetic_local,30,389.4730033821649,133,False,0,P3,1.0608457999999956,81,edge,122,10,True,3894.730033821649
3,1080,1.0,10,363776.0506372769,,synthetic_local,16,8006.22101274553,686,True,7,P1,0.09180069999999318,81,edge,617,10,True,80062.2101274553
9,27,1.0,10,37475.34170253158,,synthetic_local,24,1162.906834050631,679,True,1,P4,1.5331608999999986,81,edge,638,10,True,11629.06834050631
6,177,1.0,10,64428.92553018753,,synthetic_local,21,1748.9785106037502,683,True,4,P4,1.155331199999992,81,edge,638,10,False,17489.785106037503
15,15,1.0,15,35130.371859428575,,synthetic_local,43,509.07162479238116,95,False,0,P1,0.055811300000002007,82,bias,60,15,True,7636.0743718857175
15,15,1.0,15,36939.7891604567,,synthetic_local,39,531.8638554727559,91,False,0,P2,1.131350900000001,82,bias,60,15,True,7977.957832091338
15,15,1.0,15,19344.231089467816,,synthetic_local,42,299.8564145262375,94,False,0,P3,1.109218999999996,82,bias,84,15,True,4497.846217893562
7,158,1.0,15,75794.7373036963,,synthetic_local,31,1265.72983071595,568,True,8,P1,0.11521469999999567,82,bias,483,15,True,18985.947460739248
14,175,1.0,15,77890.72195562511,,synthetic_local,46,1312.3429594083348,599,True,1,P4,2.810709700000004,82,bias,557,15,True,19685.14439112502
9,199,1.0,15,78612.2500243648,,synthetic_local,41,1328.763333658197,605,True,6,P4,1.969718400000005,82,bias,557,15,False,19931.450004872957
15,15,1.0,15,29572.902484067286,,synthetic_local,45,428.9053664542305,80,False,0,P1,0.06932890000000214,83,cluster,44,15,True,6433.580496813457
15,15,1.0,15,32581.01550915654,,synthetic_local,45,469.0135401220871,80,False,0,P2,1.3616872000000058,83,cluster,44,15,True,7035.203101831306
15,15,1.0,15,11693.116030587087,,synthetic_local,45,192.1748804078278,80,False,0,P3,0.9828871999999933,83,cluster,69,15,True,2882.623206117417
8,644,1.0,15,164650.90614182298,,synthetic_local,29,2446.8787485576386,315,True,7,P1,0.10352149999999938,83,cluster,236,15,True,36703.18122836458
10,16,1.0,15,33908.12051579299,,synthetic_local,43,675.3082735439067,553,True,5,P4,1.8872783999999996,83,cluster,505,15,True,10129.6241031586
7,100,1.0,15,45008.27183917216,,synthetic_local,40,840.7769578556287,555,True,8,P4,1.5495857000000086,83,cluster,505,15,False,12611.65436783443
14,14,1.0,14,34403.4979896589,,synthetic_local,39,533.2642569951272,91,False,0,P1,0.06200690000000009,84,random,60,14,True,7465.699597931781
14,14,1.0,14,35857.74284727138,,synthetic_local,37,553.3248978181624,89,False,0,P2,1.0085468000000049,84,random,60,14,True,7746.548569454274
12,25,1.0,14,16296.32781055331,,synthetic_local,41,286.6618258650473,110,False,2,P3,0.9098754999999983,84,random,101,14,True,4013.265562110663
8,246,1.0,14,100875.32601353696,,synthetic_local,35,1687.4332287648133,461,True,6,P1,0.09572149999999624,84,random,378,14,True,23624.065202707385
13,224,1.0,14,94605.67779811186,,synthetic_local,42,1595.7239685444551,461,True,1,P4,2.345559399999999,84,random,414,14,True,22340.135559622373
9,186,1.0,14,88487.39864093387,,synthetic_local,38,1501.9628377276263,466,True,5,P4,2.1417787000000033,84,random,414,14,False,21027.47972818677
14,14,1.0,14,27038.720175988463,,synthetic_local,39,443.55314537126384,127,False,0,P1,0.0631027999999958,85,edge,97,14,True,6209.744035197694
14,14,1.0,14,27823.07748757317,,synthetic_local,35,453.3296783939023,123,False,0,P2,1.068608800000007,85,edge,97,14,True,6346.615497514633
14,14,1.0,14,18147.040345937636,,synthetic_local,34,315.8862906562521,122,False,0,P3,1.0470550000000145,85,edge,113,14,True,4422.408069187529
8,692,1.0,14,248014.1001877156,,synthetic_local,30,3923.1300026816575,549,True,6,P1,0.15785089999999968,85,edge,472,14,True,54923.820037543206
13,29,1.0,14,40784.110055966135,,synthetic_local,42,831.2015722280876,568,True,1,P4,2.396991500000013,85,edge,525,14,True,11636.822011193226
10,203,1.0,14,80895.0953698725,,synthetic_local,37,1442.2156481410364,570,True,4,P4,1.5928130000000067,85,edge,525,14,False,20191.01907397451
16,16,1.0,16,32496.550464779524,,synthetic_local,43,444.831880809744,95,False,0,P1,0.07469000000000392,86,bias,63,16,True,7117.310092955904
16,16,1.0,16,34602.18691173365,,synthetic_local,40,470.2148363966705,92,False,0,P2,1.1209455000000048,86,bias,63,16,True,7523.437382346728
16,16,1.0,16,14906.016844216636,,synthetic_local,42,226.82521055270797,96,False,0,P3,0.9875863999999979,86,bias,88,16,True,3629.2033688433276
7,700,1.0,16,224913.1744458545,,synthetic_local,33,3088.9146805731903,399,True,9,P1,0.15635299999999575,86,bias,313,16,True,49422.634889171044
15,128,1.0,16,62709.389974179445,,synthetic_local,57,974.7423746772428,447,True,1,P4,2.8909683999999913,86,bias,403,16,True,15595.877994835884
12,150,1.0,16,63523.31780933501,,synthetic_local,52,989.6664726166871,449,True,4,P4,2.024485700000014,86,bias,403,16,False,15834.663561866993
14,14,1.0,14,28004.86056794572,,synthetic_local,42,438.6408652563674,84,False,0,P1,0.04576460000001248,87,cluster,50,14,True,6140.972113589144
14,14,1.0,14,31108.104375213992,,synthetic_local,42,482.97291964591403,84,False,0,P2,1.336876899999993,87,cluster,50,14,True,6761.620875042797
14,14,1.0,14,12611.903342937378,,synthetic_local,42,220.38433347053402,84,False,0,P3,0.9827115000000219,87,cluster,73,14,True,3085.380668587476
9,434,1.0,14,155680.2486124071,,synthetic_local,32,2479.789265891536,388,True,5,P1,0.10460050000000365,87,cluster,311,14,True,34717.049722481504
13,15,1.0,14,35530.8006242032,,synthetic_local,51,769.1542946314742,606,True,1,P4,1.947970199999986,87,cluster,559,14,True,10768.160124840639
12,20,1.0,14,35917.0846279864,,synthetic_local,50,776.4583518283771,608,True,2,P4,1.6711958000000209,87,cluster,559,14,False,10870.41692559728
13,13,1.0,13,28877.4736846993,,synthetic_local,38,498.5765182261432,112,False,0,P1,0.07347050000001332,88,random,81,13,True,6481.4947369398615
13,13,1.0,13,30065.160262180332,,synthetic_local,35,515.6947732643129,109,False,0,P2,1.093482100000017,88,random,81,13,True,6704.032052436068
13,13,1.0,13,16887.465803178056,,synthetic_local,38,319.8840892796624,121,False,0,P3,1.2101916000000017,88,random,111,13,True,4158.493160635611
7,226,1.0,13,77303.83616485065,,synthetic_local,28,1462.2128640746253,487,True,6,P1,0.10120610000001307,88,random,409,13,True,19008.767232970127
13,13,1.0,13,43096.315340350164,,synthetic_local,41,898.5586975438487,507,True,0,P4,2.2980366000000174,88,random,462,13,True,11681.263068070033
10,20,1.0,13,43130.71438964752,,synthetic_local,36,901.4725290715002,509,True,3,P4,1.9450856999999928,88,random,462,13,False,11719.142877929502
16,16,1.0,16,34603.88657667028,,synthetic_local,48,483.17358220837826,128,False,0,P1,0.07781839999998397,89,edge,90,16,True,7730.777315334052
16,16,1.0,16,35362.107589303705,,synthetic_local,39,489.8388448662964,119,False,0,P2,1.2605575999999985,89,edge,90,16,True,7837.421517860743
16,16,1.0,16,19847.86223843625,,synthetic_local,43,298.34827798045313,123,False,0,P3,1.461179900000019,89,edge,109,16,True,4773.57244768725
6,1618,1.0,16,466853.16784172994,,synthetic_local,27,6333.039598021631,526,True,10,P1,0.17935820000002423,89,edge,442,16,True,101328.6335683461
13,351,1.0,16,87450.95774956308,,synthetic_local,38,1360.4494718695416,540,True,3,P4,3.0787142000000074,89,edge,492,16,True,21767.191549912666
11,524,1.0,16,118014.57997620315,,synthetic_local,35,1775.2447497025405,541,True,5,P4,2.0334779000000083,89,edge,492,16,False,28403.915995240648
14,14,1.0,14,30985.595267626366,,synthetic_local,41,489.36564668037664,103,False,0,P1,0.06646489999999972,90,bias,69,14,True,6851.119053525273
14,14,1.0,14,32905.21467786833,,synthetic_local,37,515.3602096838333,99,False,0,P2,1.1039254000000085,90,bias,69,14,True,7215.042935573667
14,14,1.0,14,20889.620724517936,,synthetic_local,42,346.9945817788278,104,False,0,P3,1.3058292000000051,90,bias,90,14,True,4857.924144903589
10,411,1.0,14,147698.55777467633,,synthetic_local,32,2386.765111066805,448,True,4,P1,0.12166150000001608,90,bias,374,14,True,33414.71155493527
13,108,1.0,14,47893.31097861716,,synthetic_local,44,907.0472996945316,469,True,1,P4,2.239959700000014,90,bias,423,14,True,12698.662195723442
11,112,1.0,14,47994.68762694265,,synthetic_local,42,910.4241089563245,472,True,3,P4,2.044887799999998,90,bias,423,14,False,12745.937525388543
15,15,1.0,15,29588.622341528117,,synthetic_local,45,429.1149645537082,80,False,0,P1,0.06669800000000237,91,cluster,44,15,True,6436.724468305623
15,15,1.0,15,32606.722846594075,,synthetic_local,45,469.3563046212544,80,False,0,P2,1.6308951000000036,91,cluster,44,15,True,7040.344569318816
15,15,1.0,15,12441.909664109142,,synthetic_local,45,202.15879552145518,80,False,0,P3,1.2550377999999967,91,cluster,69,15,True,3032.381932821828
11,416,1.0,15,167763.965828575,,synthetic_local,37,2470.4528777143346,384,True,4,P1,0.14912709999998697,91,cluster,306,15,True,37056.79316571502
14,15,1.0,15,35305.96081242261,,synthetic_local,51,708.0128108323013,588,True,1,P4,2.3440107000000125,91,cluster,544,15,True,10620.19216248452
13,17,1.0,15,35312.41215488793,,synthetic_local,50,709.1654953985055,590,True,2,P4,1.9250767000000053,91,cluster,544,15,False,10637.482430977583
13,13,1.0,13,28022.91607895406,,synthetic_local,41,481.12178583006244,103,False,0,P1,0.08199999999999363,92,random,70,13,True,6254.583215790812
13,13,1.0,13,29515.8254929307,,synthetic_local,34,501.39731527585695,96,False,0,P2,1.2336803000000032,92,random,70,13,True,6518.165098586141
13,13,1.0,13,18213.61639570925,,synthetic_local,36,329.8248676262962,98,False,0,P3,1.1279440999999792,92,random,90,13,True,4287.723279141851
9,571,1.0,13,211720.06301046262,,synthetic_local,31,3620.847123237885,510,True,4,P1,0.12555649999998764,92,random,438,13,True,47071.01260209251
13,13,1.0,13,41872.12533644776,,synthetic_local,46,895.4942359453505,542,True,0,P4,2.867302699999982,92,random,492,13,True,11641.425067289556
8,40,1.0,13,42283.88865212243,,synthetic_local,42,910.7521331095763,549,True,5,P4,2.5218584000000135,92,random,492,13,False,11839.777730424492
16,16,1.0,16,30153.23115224869,,synthetic_local,46,424.79038940310846,120,False,0,P1,0.08076299999999037,93,edge,86,16,True,6796.646230449735
16,16,1.0,16,31020.283629922153,,synthetic_local,42,434.37854537402706,116,False,0,P2,1.316769800000003,93,edge,86,16,True,6950.056725984433
16,16,1.0,16,18591.44421775191,,synthetic_local,42,280.14305272189887,116,False,0,P3,1.312939,93,edge,104,16,True,4482.288843550382
5,1718,1.0,16,524782.4217272849,,synthetic_local,26,7092.530271591076,571,True,11,P1,0.1518130000000042,93,edge,483,16,True,113480.48434545721
12,554,1.0,16,247936.94830489802,,synthetic_local,39,3426.274353811227,598,True,4,P4,4.097321899999997,93,edge,549,16,True,54820.38966097963
7,785,1.0,16,251031.27361150418,,synthetic_local,31,3507.0159201438055,594,True,9,P4,1.9136447000000203,93,edge,549,16,False,56112.25472230089
10,10,1.0,10,24760.93717638915,,synthetic_local,28,566.9187435277832,115,False,0,P1,0.057989800000001424,94,bias,92,10,True,5669.187435277832
10,10,1.0,10,25971.909021949952,,synthetic_local,28,591.1381804389991,115,False,0,P2,0.8542922999999973,94,bias,92,10,True,5911.381804389992
10,10,1.0,10,11646.57684945055,,synthetic_local,30,309.331536989011,120,False,0,P3,0.7737644999999986,94,bias,114,10,True,3093.31536989011
9,11,1.0,10,50402.53307736414,,synthetic_local,26,1328.6506615472829,536,True,1,P1,0.10074859999997443,94,bias,473,10,True,13286.506615472828
10,10,1.0,10,38501.83562172828,,synthetic_local,32,1096.9367124345656,544,True,0,P4,1.4427445999999975,94,bias,499,10,True,10969.367124345656
8,17,1.0,10,38429.37122420349,,synthetic_local,31,1100.08742448407,549,True,2,P4,1.643022099999996,94,bias,499,10,False,11000.8742448407
13,13,1.0,13,26390.358470692885,,synthetic_local,39,449.1593610875828,88,False,0,P1,0.06748329999999214,95,cluster,56,13,True,5839.071694138576
13,13,1.0,13,29119.83776396614,,synthetic_local,39,491.1513502148638,88,False,0,P2,1.2276785999999902,95,cluster,56,13,True,6384.9675527932295
13,13,1.0,13,12412.906164146441,,synthetic_local,39,235.73701790994528,88,False,0,P3,0.9464210999999807,95,cluster,77,13,True,3064.5812328292886
8,646,1.0,13,225369.57373697916,,synthetic_local,27,3807.993442107375,423,True,5,P1,0.108436399999988,95,cluster,351,13,True,49503.91474739587
10,19,1.0,13,34996.100934708855,,synthetic_local,38,826.8630913032133,619,True,3,P4,1.9488646000000074,95,cluster,572,13,True,10749.220186941773
9,16,1.0,13,34888.155084810336,,synthetic_local,37,825.2793089970821,621,True,4,P4,1.5067188999999814,95,cluster,572,13,False,10728.631016962068
15,15,1.0,15,32913.3956422158,,synthetic_local,42,478.51194189621066,92,False,0,P1,0.0453431999999907,96,random,60,15,True,7177.67912844316
15,15,1.0,15,34905.19149236138,,synthetic_local,41,504.73588656481826,91,False,0,P2,1.1760382999999877,96,random,60,15,True,7571.038298472274
14,99,1.0,15,20700.356466465117,,synthetic_local,40,338.2714195528669,103,False,1,P3,0.9121135000000038,96,random,92,15,True,5074.071293293004
10,261,1.0,15,95132.3318097094,,synthetic_local,34,1472.2977574627923,387,True,5,P1,0.10737749999998414,96,random,310,15,True,22084.466361941886
14,19,1.0,15,45219.9545249343,,synthetic_local,47,779.3993936657909,434,True,1,P4,1.6060324000000037,96,random,390,15,True,11690.990904986862
12,22,1.0,15,45390.78018178485,,synthetic_local,46,783.9437357571313,439,True,3,P4,1.636603100000002,96,random,390,15,False,11759.15603635697
10,10,1.0,10,22444.56259051757,,synthetic_local,29,526.3912518103513,125,False,0,P1,0.04403419999999869,97,edge,100,10,True,5263.912518103512
10,10,1.0,10,22945.39324479687,,synthetic_local,25,534.4078648959375,121,False,0,P2,0.7534744999999816,97,edge,100,10,True,5344.078648959375
10,10,1.0,10,14591.425286106587,,synthetic_local,26,369.1285057221318,122,False,0,P3,0.81170130000001,97,edge,113,10,True,3691.2850572213183
2,685,1.0,10,194631.9097840051,,synthetic_local,14,4505.738195680103,688,True,8,P1,0.1021686999999929,97,edge,616,10,True,45057.38195680103
9,12,1.0,10,38926.67038637738,,synthetic_local,27,1202.133407727548,704,True,1,P4,2.404033699999985,97,edge,660,10,True,12021.33407727548
5,149,1.0,10,55475.801397050316,,synthetic_local,22,1575.216027941006,706,True,5,P4,1.5177493999999854,97,edge,660,10,False,15752.16027941006
12,12,1.0,12,27436.122244469316,,synthetic_local,36,512.2687040744886,105,False,0,P1,0.047758600000008755,98,bias,75,12,True,6147.224448893863
12,12,1.0,12,29038.906108893785,,synthetic_local,33,537.731768481563,102,False,0,P2,1.0413959999999918,98,bias,75,12,True,6452.781221778756
12,12,1.0,12,15443.043874685294,,synthetic_local,34,317.800731244755,112,False,0,P3,0.888075299999997,98,bias,105,12,True,3813.6087749370604
4,745,1.0,12,265334.2964803345,,synthetic_local,22,4902.488274672262,597,True,8,P1,0.11021030000000565,98,bias,519,12,True,58829.859296067145
12,12,1.0,12,42085.242143751755,,synthetic_local,39,1021.9207023958626,638,True,0,P4,2.36085300000002,98,bias,596,12,True,12263.048428750351
8,161,1.0,12,62169.152765392864,,synthetic_local,34,1395.9858794232143,643,True,4,P4,1.5282300000000077,98,bias,596,12,False,16751.830553078573
16,16,1.0,16,31162.59088944057,,synthetic_local,48,420.65738611800714,76,False,0,P1,0.06428749999997763,99,cluster,38,16,True,6730.518177888114
16,16,1.0,16,34297.54675990818,,synthetic_local,48,459.8443344988524,76,False,0,P2,1.5459133999999892,99,cluster,38,16,True,7357.509351981638
16,16,1.0,16,12733.557760097488,,synthetic_local,48,191.98197200121862,76,False,0,P3,1.1318080000000066,99,cluster,65,16,True,3071.711552019498
7,845,1.0,16,265851.6082939555,,synthetic_local,30,3609.8951036744465,351,True,9,P1,0.10310519999998746,99,cluster,266,16,True,57758.321658791145
13,16,1.0,16,35362.04641707015,,synthetic_local,55,654.963080213377,562,True,3,P4,1.6291177999999888,99,cluster,517,16,True,10479.409283414032
12,16,1.0,16,35381.74206532485,,synthetic_local,54,655.8342758165608,564,True,4,P4,1.3996687000000065,99,cluster,517,16,False,10493.348413064972
