seed,stress,variant,total,cleared,clear_rate,error,mean_time_per_source,distance,fallback_count,grid_points,clear_attempts,optical_clear_attempts,diagnostic_count,detect_count,switch_count,runtime,config_hash
0,random,P4_current,15,15,1.0,,788.3541880622281,42996.564104667086,0,0,15,0,0,533,486,3.0757128999994165,2fa715e1dcfd6fc70fc744e5c9d93d446823ad806bed0b77d6bace9168105808
0,random,P4_diagnostic_v1,15,15,1.0,,788.3541880622281,42996.564104667086,0,0,15,0,0,533,486,3.119600400001218,20e64799f04f01d1fb1b5464620a5f79d1600c80ea31ba792e04019f6bab6949
0,random,P4_diagnostic_v2,15,15,1.0,,788.3541880622281,42996.564104667086,0,0,15,0,0,533,486,3.0214235999992525,307bdde9bb28e4e31fe57181341b7fbf2ce954ab6927a71e683371dd70a5a695
0,random,P4_route_only,15,15,1.0,,788.3541880622281,42996.564104667086,0,0,15,0,0,533,486,3.113262200000463,7137893ecb99cb1d66ea52c4632cb5aa1efd276b6882c4f93f74497d2cbdf232
1,edge,P4_current,13,13,1.0,,1043.168478135827,46880.95107882881,1,200,195,183,0,603,559,2.3395414000005985,2fa715e1dcfd6fc70fc744e5c9d93d446823ad806bed0b77d6bace9168105808
1,edge,P4_diagnostic_v1,13,13,1.0,,893.9229684410662,39859.9929486693,0,0,13,0,2,605,559,2.5221641000007367,20e64799f04f01d1fb1b5464620a5f79d1600c80ea31ba792e04019f6bab6949
1,edge,P4_diagnostic_v2,13,13,1.0,,893.1953055292282,39787.694859399824,0,0,13,0,3,606,559,3.9334667999992234,307bdde9bb28e4e31fe57181341b7fbf2ce954ab6927a71e683371dd70a5a695
1,edge,P4_route_only,13,13,1.0,,975.3582854396301,42473.288553575956,1,200,195,183,0,603,559,2.460752999999386,7137893ecb99cb1d66ea52c4632cb5aa1efd276b6882c4f93f74497d2cbdf232
2,bias,P4_current,15,15,1.0,,710.9882340315885,39674.117552369135,0,0,15,0,0,449,410,2.0257232999992993,2fa715e1dcfd6fc70fc744e5c9d93d446823ad806bed0b77d6bace9168105808
2,bias,P4_diagnostic_v1,15,15,1.0,,710.9882340315885,39674.117552369135,0,0,15,0,0,449,410,2.080553100000543,20e64799f04f01d1fb1b5464620a5f79d1600c80ea31ba792e04019f6bab6949
2,bias,P4_diagnostic_v2,15,15,1.0,,710.9882340315885,39674.117552369135,0,0,15,0,0,449,410,2.123478299999988,307bdde9bb28e4e31fe57181341b7fbf2ce954ab6927a71e683371dd70a5a695
2,bias,P4_route_only,15,15,1.0,,710.9882340315885,39674.117552369135,0,0,15,0,0,449,410,2.188607599999159,7137893ecb99cb1d66ea52c4632cb5aa1efd276b6882c4f93f74497d2cbdf232
3,cluster,P4_current,15,15,1.0,,718.769676240665,35642.725718049885,2,620,15,2,0,604,558,1.9323772999996436,2fa715e1dcfd6fc70fc744e5c9d93d446823ad806bed0b77d6bace9168105808
3,cluster,P4_diagnostic_v1,15,15,1.0,,847.1656705407994,42092.42529055997,1,312,218,204,5,609,560,2.381830500000433,20e64799f04f01d1fb1b5464620a5f79d1600c80ea31ba792e04019f6bab6949
3,cluster,P4_diagnostic_v2,15,15,1.0,,748.2521419609759,37718.9106470732,0,0,15,0,5,609,560,4.45193289999952,307bdde9bb28e4e31fe57181341b7fbf2ce954ab6927a71e683371dd70a5a695
3,cluster,P4_route_only,15,15,1.0,,756.3357088162339,37695.17816121755,2,620,66,53,0,604,558,1.9546387999998842,7137893ecb99cb1d66ea52c4632cb5aa1efd276b6882c4f93f74497d2cbdf232
4,random,P4_current,15,15,1.0,,889.9794494139888,52308.45870604912,2,425,114,101,0,428,376,2.370529300000271,2fa715e1dcfd6fc70fc744e5c9d93d446823ad806bed0b77d6bace9168105808
4,random,P4_diagnostic_v1,15,15,1.0,,741.4106480522577,42540.7986039193,0,0,15,0,4,432,378,2.6235106000003725,20e64799f04f01d1fb1b5464620a5f79d1600c80ea31ba792e04019f6bab6949
4,random,P4_diagnostic_v2,15,15,1.0,,737.8721988295205,42300.41491221401,0,0,15,0,3,431,378,3.5896216000001004,307bdde9bb28e4e31fe57181341b7fbf2ce954ab6927a71e683371dd70a5a695
4,random,P4_route_only,15,15,1.0,,842.3689638921127,46832.67229190843,2,425,241,228,0,428,376,2.1631421000001865,7137893ecb99cb1d66ea52c4632cb5aa1efd276b6882c4f93f74497d2cbdf232
5,edge,P4_current,14,14,1.0,,862.2801279970948,40949.60895979667,5,346,45,36,0,627,584,3.1022434000005887,2fa715e1dcfd6fc70fc744e5c9d93d446823ad806bed0b77d6bace9168105808
5,edge,P4_diagnostic_v1,14,14,1.0,,861.2996626139072,41125.976382973495,1,10,17,4,6,633,589,3.8441852999985713,20e64799f04f01d1fb1b5464620a5f79d1600c80ea31ba792e04019f6bab6949
5,edge,P4_diagnostic_v2,14,14,1.0,,846.5418336516041,40137.92835561229,0,0,14,0,6,633,589,5.705190500000754,307bdde9bb28e4e31fe57181341b7fbf2ce954ab6927a71e683371dd70a5a695
5,edge,P4_route_only,14,14,1.0,,879.5970505855582,41351.79354098908,5,346,99,90,0,627,584,2.9533876000004966,7137893ecb99cb1d66ea52c4632cb5aa1efd276b6882c4f93f74497d2cbdf232
6,bias,P4_current,13,13,1.0,,1074.4930981752784,54017.0513813931,1,325,94,82,0,485,432,2.0730650999994396,2fa715e1dcfd6fc70fc744e5c9d93d446823ad806bed0b77d6bace9168105808
6,bias,P4_diagnostic_v1,13,13,1.0,,886.9920381418872,42994.482479222665,0,0,13,0,2,487,432,2.285832499999742,20e64799f04f01d1fb1b5464620a5f79d1600c80ea31ba792e04019f6bab6949
6,bias,P4_diagnostic_v2,13,13,1.0,,881.4253373594157,42632.64692836203,0,0,13,0,2,487,432,2.919413899999199,307bdde9bb28e4e31fe57181341b7fbf2ce954ab6927a71e683371dd70a5a695
6,bias,P4_route_only,13,13,1.0,,905.8169491578869,43338.101695262645,1,325,75,63,0,485,432,1.9799705000004906,7137893ecb99cb1d66ea52c4632cb5aa1efd276b6882c4f93f74497d2cbdf232
7,cluster,P4_current,16,16,1.0,,674.4242894002048,35648.94315201636,0,0,16,0,0,605,556,2.39332370000011,2fa715e1dcfd6fc70fc744e5c9d93d446823ad806bed0b77d6bace9168105808
7,cluster,P4_diagnostic_v1,16,16,1.0,,674.4242894002048,35648.94315201636,0,0,16,0,0,605,556,2.6006808999991335,20e64799f04f01d1fb1b5464620a5f79d1600c80ea31ba792e04019f6bab6949
7,cluster,P4_diagnostic_v2,16,16,1.0,,674.4242894002048,35648.94315201636,0,0,16,0,0,605,556,2.611909300001571,307bdde9bb28e4e31fe57181341b7fbf2ce954ab6927a71e683371dd70a5a695
7,cluster,P4_route_only,16,16,1.0,,674.4242894002048,35648.94315201636,0,0,16,0,0,605,556,2.431238299999677,7137893ecb99cb1d66ea52c4632cb5aa1efd276b6882c4f93f74497d2cbdf232
8,random,P4_current,15,15,1.0,,1879.6293721901027,123227.20291425771,1,308,207,193,0,491,443,2.029568800000561,2fa715e1dcfd6fc70fc744e5c9d93d446823ad806bed0b77d6bace9168105808
8,random,P4_diagnostic_v1,15,15,1.0,,805.2796477296046,45480.97357972035,0,0,15,0,2,493,443,2.1687652000000526,20e64799f04f01d1fb1b5464620a5f79d1600c80ea31ba792e04019f6bab6949
8,random,P4_diagnostic_v2,15,15,1.0,,800.9886998119166,45159.152485893734,0,0,15,0,2,493,443,2.6224679999995715,307bdde9bb28e4e31fe57181341b7fbf2ce954ab6927a71e683371dd70a5a695
8,random,P4_route_only,15,15,1.0,,874.5558395049768,48206.68796287325,1,308,183,169,0,491,443,1.9932828000000882,7137893ecb99cb1d66ea52c4632cb5aa1efd276b6882c4f93f74497d2cbdf232
9,edge,P4_current,12,12,1.0,,1038.7207554745307,42898.245328471865,0,0,12,0,0,645,600,1.9394329999995534,2fa715e1dcfd6fc70fc744e5c9d93d446823ad806bed0b77d6bace9168105808
9,edge,P4_diagnostic_v1,12,12,1.0,,1038.7207554745307,42898.245328471865,0,0,12,0,0,645,600,1.9863005000006524,20e64799f04f01d1fb1b5464620a5f79d1600c80ea31ba792e04019f6bab6949
9,edge,P4_diagnostic_v2,12,12,1.0,,1038.7207554745307,42898.245328471865,0,0,12,0,0,645,600,2.0085875000004307,307bdde9bb28e4e31fe57181341b7fbf2ce954ab6927a71e683371dd70a5a695
9,edge,P4_route_only,12,12,1.0,,1038.7207554745307,42898.245328471865,0,0,12,0,0,645,600,1.914944899999682,7137893ecb99cb1d66ea52c4632cb5aa1efd276b6882c4f93f74497d2cbdf232
10,bias,P4_current,15,15,1.0,,795.4526470298948,45143.94852724209,1,28,27,13,0,472,432,1.7435461999994004,2fa715e1dcfd6fc70fc744e5c9d93d446823ad806bed0b77d6bace9168105808
10,bias,P4_diagnostic_v1,15,15,1.0,,790.9738203288537,44933.03652466402,0,0,15,0,2,474,433,1.8127906999998231,20e64799f04f01d1fb1b5464620a5f79d1600c80ea31ba792e04019f6bab6949
10,bias,P4_diagnostic_v2,15,15,1.0,,791.3453996377568,44935.90497283175,0,0,15,0,3,475,433,3.028849199999968,307bdde9bb28e4e31fe57181341b7fbf2ce954ab6927a71e683371dd70a5a695
10,bias,P4_route_only,15,15,1.0,,793.9128947217267,44968.4671041295,1,28,31,17,0,472,432,1.762167999999292,7137893ecb99cb1d66ea52c4632cb5aa1efd276b6882c4f93f74497d2cbdf232
11,cluster,P4_current,10,10,1.0,,1099.1949797980787,34569.74898990393,0,0,10,0,0,679,633,1.5877574000005552,2fa715e1dcfd6fc70fc744e5c9d93d446823ad806bed0b77d6bace9168105808
11,cluster,P4_diagnostic_v1,10,10,1.0,,1099.1949797980787,34569.74898990393,0,0,10,0,0,679,633,1.660621999999421,20e64799f04f01d1fb1b5464620a5f79d1600c80ea31ba792e04019f6bab6949
11,cluster,P4_diagnostic_v2,10,10,1.0,,1099.1949797980787,34569.74898990393,0,0,10,0,0,679,633,1.6464255999999295,307bdde9bb28e4e31fe57181341b7fbf2ce954ab6927a71e683371dd70a5a695
11,cluster,P4_route_only,10,10,1.0,,1099.1949797980787,34569.74898990393,0,0,10,0,0,679,633,1.699702599999,7137893ecb99cb1d66ea52c4632cb5aa1efd276b6882c4f93f74497d2cbdf232
12,random,P4_current,14,14,1.0,,3093.9703594384487,192957.9251606915,3,729,455,444,0,562,521,1.8767382000005455,2fa715e1dcfd6fc70fc744e5c9d93d446823ad806bed0b77d6bace9168105808
12,random,P4_diagnostic_v1,14,14,1.0,,891.9390968578822,45290.736780051746,0,0,14,0,5,567,524,2.227376299999378,20e64799f04f01d1fb1b5464620a5f79d1600c80ea31ba792e04019f6bab6949
12,random,P4_diagnostic_v2,14,14,1.0,,887.9401522939954,45010.810660579664,0,0,14,0,5,567,524,3.7037666000014724,307bdde9bb28e4e31fe57181341b7fbf2ce954ab6927a71e683371dd70a5a695
12,random,P4_route_only,14,14,1.0,,1060.392242227919,51972.45695595433,3,729,364,353,0,562,521,1.7853023999996367,7137893ecb99cb1d66ea52c4632cb5aa1efd276b6882c4f93f74497d2cbdf232
13,edge,P4_current,16,16,1.0,,1228.1048973685267,78223.39178948222,1,235,154,139,0,593,546,2.7262637999992876,2fa715e1dcfd6fc70fc744e5c9d93d446823ad806bed0b77d6bace9168105808
13,edge,P4_diagnostic_v1,16,16,1.0,,734.4181104844829,40733.448838758624,1,15,18,3,1,594,548,3.1297061999994185,20e64799f04f01d1fb1b5464620a5f79d1600c80ea31ba792e04019f6bab6949
13,edge,P4_diagnostic_v2,16,16,1.0,,734.910531481368,40752.84251850943,0,0,16,0,3,596,548,4.245977600001424,307bdde9bb28e4e31fe57181341b7fbf2ce954ab6927a71e683371dd70a5a695
13,edge,P4_route_only,16,16,1.0,,730.72904438354,40338.32355068319,1,235,27,12,0,593,546,2.889608400000725,7137893ecb99cb1d66ea52c4632cb5aa1efd276b6882c4f93f74497d2cbdf232
14,bias,P4_current,11,11,1.0,,1010.0734671253499,39464.04069189423,0,0,11,0,0,535,488,1.5714122999997926,2fa715e1dcfd6fc70fc744e5c9d93d446823ad806bed0b77d6bace9168105808
14,bias,P4_diagnostic_v1,11,11,1.0,,1010.0734671253499,39464.04069189423,0,0,11,0,0,535,488,1.6452298999993218,20e64799f04f01d1fb1b5464620a5f79d1600c80ea31ba792e04019f6bab6949
14,bias,P4_diagnostic_v2,11,11,1.0,,1010.0734671253499,39464.04069189423,0,0,11,0,0,535,488,1.730495300000257,307bdde9bb28e4e31fe57181341b7fbf2ce954ab6927a71e683371dd70a5a695
14,bias,P4_route_only,11,11,1.0,,1010.0734671253499,39464.04069189423,0,0,11,0,0,535,488,1.6751416999995854,7137893ecb99cb1d66ea52c4632cb5aa1efd276b6882c4f93f74497d2cbdf232
15,cluster,P4_current,16,16,1.0,,657.3474355042118,35732.79484033691,1,57,16,1,0,556,511,1.619783500000267,2fa715e1dcfd6fc70fc744e5c9d93d446823ad806bed0b77d6bace9168105808
15,cluster,P4_diagnostic_v1,16,16,1.0,,662.9570713792228,36151.565710337796,0,0,16,0,1,557,512,1.744099700001243,20e64799f04f01d1fb1b5464620a5f79d1600c80ea31ba792e04019f6bab6949
15,cluster,P4_diagnostic_v2,16,16,1.0,,661.0086168594125,35995.689348752974,0,0,16,0,1,557,512,2.058592299999873,307bdde9bb28e4e31fe57181341b7fbf2ce954ab6927a71e683371dd70a5a695
15,cluster,P4_route_only,16,16,1.0,,663.644328147041,36041.54625176325,1,57,29,14,0,556,511,1.7574026999991474,7137893ecb99cb1d66ea52c4632cb5aa1efd276b6882c4f93f74497d2cbdf232
16,random,P4_current,13,13,1.0,,904.0836719433994,43285.43867632097,1,15,15,3,0,513,460,2.1663776999994298,2fa715e1dcfd6fc70fc744e5c9d93d446823ad806bed0b77d6bace9168105808
16,random,P4_diagnostic_v1,13,13,1.0,,906.0529194768586,43418.4397659958,0,0,13,0,1,514,460,2.2064217000006465,20e64799f04f01d1fb1b5464620a5f79d1600c80ea31ba792e04019f6bab6949
16,random,P4_diagnostic_v2,13,13,1.0,,906.0529194768586,43418.4397659958,0,0,13,0,1,514,460,2.5501870999996754,307bdde9bb28e4e31fe57181341b7fbf2ce954ab6927a71e683371dd70a5a695
16,random,P4_route_only,13,13,1.0,,905.7040765454151,43360.76497545197,1,15,17,5,0,513,460,2.1068185999993148,7137893ecb99cb1d66ea52c4632cb5aa1efd276b6882c4f93f74497d2cbdf232
17,edge,P4_current,15,15,1.0,,3201.0015571045174,210305.11678283816,5,1295,817,807,0,587,538,2.8986167999992176,2fa715e1dcfd6fc70fc744e5c9d93d446823ad806bed0b77d6bace9168105808
17,edge,P4_diagnostic_v1,15,15,1.0,,935.3736319453295,50218.02239589969,1,325,142,128,11,598,541,3.870345500001349,20e64799f04f01d1fb1b5464620a5f79d1600c80ea31ba792e04019f6bab6949
17,edge,P4_diagnostic_v2,15,15,1.0,,916.3958080866752,48819.685606500585,1,325,142,128,10,597,541,6.93790860000081,307bdde9bb28e4e31fe57181341b7fbf2ce954ab6927a71e683371dd70a5a695
17,edge,P4_route_only,15,15,1.0,,941.666924319192,48310.019323939385,5,1295,320,310,0,587,538,2.8992261000003055,7137893ecb99cb1d66ea52c4632cb5aa1efd276b6882c4f93f74497d2cbdf232
18,bias,P4_current,16,16,1.0,,714.8250420630063,44771.003365040495,0,0,16,0,0,408,363,2.4428597999994963,2fa715e1dcfd6fc70fc744e5c9d93d446823ad806bed0b77d6bace9168105808
18,bias,P4_diagnostic_v1,16,16,1.0,,714.8250420630063,44771.003365040495,0,0,16,0,0,408,363,2.580124500000238,20e64799f04f01d1fb1b5464620a5f79d1600c80ea31ba792e04019f6bab6949
18,bias,P4_diagnostic_v2,16,16,1.0,,714.8250420630063,44771.003365040495,0,0,16,0,0,408,363,2.4282913000006374,307bdde9bb28e4e31fe57181341b7fbf2ce954ab6927a71e683371dd70a5a695
18,bias,P4_route_only,16,16,1.0,,714.8250420630063,44771.003365040495,0,0,16,0,0,408,363,2.5264144000011584,7137893ecb99cb1d66ea52c4632cb5aa1efd276b6882c4f93f74497d2cbdf232
19,cluster,P4_current,14,14,1.0,,759.8534780969718,35134.743466788015,1,308,14,1,0,598,551,1.3991863999999623,2fa715e1dcfd6fc70fc744e5c9d93d446823ad806bed0b77d6bace9168105808
19,cluster,P4_diagnostic_v1,14,14,1.0,,766.8229338046142,35592.605366322976,0,0,14,0,1,599,552,1.4795821999996406,20e64799f04f01d1fb1b5464620a5f79d1600c80ea31ba792e04019f6bab6949
19,cluster,P4_diagnostic_v2,14,14,1.0,,766.8229338046142,35592.605366322976,0,0,14,0,1,599,552,1.6280288999987533,307bdde9bb28e4e31fe57181341b7fbf2ce954ab6927a71e683371dd70a5a695
19,cluster,P4_route_only,14,14,1.0,,780.2267561749024,36170.87293224316,1,308,40,27,0,598,551,1.2566339000004518,7137893ecb99cb1d66ea52c4632cb5aa1efd276b6882c4f93f74497d2cbdf232
