seed,total,C_s_per_source,R12_s_per_source,delta_s_per_source,delta_distance_m
0,15,592.0359094666667,473.6239288,-118.4119806666667,-7430.898528789548
1,14,633.5556095714285,496.24756399999995,-137.30804557142852,-6606.563202139088
2,13,624.3987870769231,526.5085661538461,-97.89022092307698,-5922.864347244242
3,12,724.9943040833333,613.4315271666667,-111.56277691666662,-4573.766592258828
4,11,763.4049139090909,610.4727456363636,-152.93216827272727,-5636.269228900146
5,13,690.797416,555.7716373846154,-135.02577861538464,-5686.675593845055
6,11,824.9228486363637,622.3694409090908,-202.55340772727288,-9330.437413341635
7,10,945.5701865000001,847.5218719000001,-98.04831460000003,-2582.4156940740613
8,16,546.0760354375,360.732773125,-185.34326231249997,-12082.460983188863
9,16,496.3483019375,387.303786125,-109.04451581250004,-6553.561246357782
10,14,592.2402097142857,562.9809808571429,-29.25922885714283,-888.1460182150477
11,16,543.6129920625,446.6840178125,-96.92897425000001,-4414.317901610993
12,15,582.7174298666666,490.1994171333333,-92.51801273333331,-5118.850950475036
13,10,912.4087872,674.4176567000001,-237.99113049999994,-7619.556509086997
14,10,922.0907577,678.4602971,-243.6304606,-7641.5230214438125
15,13,738.9626210769231,544.134776,-194.82784507692315,-9563.809914679987
16,15,594.0387980666667,543.0459140666667,-50.992884000000004,-1644.4662876696057
17,15,549.1142476666666,411.12736413333334,-137.9868835333333,-7784.016256745395
18,10,944.9337269,705.6717234,-239.2620035,-8383.100129908944
19,10,923.2798716,710.0439117,-213.2359599,-5891.797983121898
20,12,734.7006186666667,556.9447335,-177.75588516666676,-8075.353096681378
21,12,775.9092835833334,594.43112875,-181.4781548333334,-7478.689290034821
22,13,703.1921893076923,491.28162100000003,-211.91056830769224,-9614.186926060542
23,13,686.7394014615385,586.752105076923,-99.98729638461543,-5924.174249026139
24,16,581.9899994375,424.0385121875,-157.95148725000007,-9201.118963441797
25,14,648.7464835714285,515.76334,-132.9831435714285,-5883.82005868273
26,11,818.5203292727273,665.6253081818181,-152.89502109090915,-6104.226141667128
27,15,615.7275296666667,428.4770116,-187.25051806666664,-10063.788832811733
28,14,626.727606642857,466.47805014285717,-160.24955649999987,-8062.468929241761
29,14,648.4401305,456.59954921428573,-191.84058128571428,-9083.84067806949
30,16,578.8853391875,314.267740625,-264.6175985625,-14844.407889337162
31,12,761.4130275833332,574.3392551666667,-187.07377241666654,-8469.426335416396
32,15,596.2979063333333,470.4117336,-125.88617273333335,-8631.462968652195
33,11,821.3254775454545,637.935518,-183.38995954545453,-5916.447758295955
34,15,618.4643402,465.0107632666667,-153.45357693333335,-5489.018255200339
35,11,854.6185463636364,625.5042414545455,-229.11430490909083,-9251.286734162706
36,14,632.4017715714286,457.3684320714286,-175.03333950000007,-10922.333740176586
37,15,552.3216605333333,520.9637752666666,-31.3578852666667,-2491.841398056218
38,16,516.4805898125,384.39478475,-132.08580506250007,-7211.864398347767
39,15,594.8649766,484.62318933333336,-110.24178726666662,-7138.134020886209
40,15,597.4007230666666,413.41365986666665,-183.98706319999997,-10874.029745994976
41,10,938.5090861000001,712.1028785000001,-226.40620760000002,-6790.310343925215
42,13,655.4073319230769,524.9509686923077,-130.45636323076917,-6064.663611671302
43,14,627.1028220714286,512.8020784285715,-114.30074364285713,-5571.0520338973765
44,16,422.872026625,317.607846125,-105.26418050000001,-4966.134448956829
45,15,598.6216162666666,440.9800397333333,-157.6415765333333,-7683.118248079525
46,14,642.3233089285715,497.19457471428575,-145.1287342142857,-7609.011376176793
47,11,856.414371,661.1239938181818,-195.29037718181814,-8240.970725092437
48,14,600.6289367857142,481.86486378571425,-118.764073,-5988.48510025629
49,10,876.6270560999999,724.4790301,-152.14802599999985,-4507.401290706537
50,16,519.313673125,368.0214825,-151.29219062500005,-9258.375243742375
51,11,828.9312764545455,647.811462,-181.11981445454546,-7671.589779764159
52,14,664.7022975714286,547.4432462142858,-117.25905135714288,-4633.133578902587
53,13,660.8227444615385,520.6009,-140.22184446153847,-6779.419862943931
54,11,908.1228930909091,672.9226101818182,-235.2002829090909,-9231.015549733209
55,12,753.7843030833333,562.7015455,-191.08275758333332,-7929.965456168884
56,15,620.1472241333333,451.91215266666666,-168.23507146666668,-9027.630337688985
57,12,808.6764503333334,557.7450345,-250.9314158333334,-9500.884928419495
58,10,1030.6685201,774.6203467,-256.0481734,-7472.408669221804
59,14,631.5629857857142,489.7949798571429,-141.7680059285713,-8243.760396046822
60,15,597.1880892666667,446.6665354666667,-150.5215538,-9324.116522721339
61,15,634.8375285999999,498.29636653333336,-136.54116206666657,-5135.587145715246
62,13,691.1301741538462,516.3963337692308,-174.7338403846154,-9572.699592796522
63,12,752.66958825,583.8879041666667,-168.7816840833333,-7331.901029776665
64,11,869.5569724545454,645.1851217272728,-224.37185072727266,-8850.451747984174
65,11,800.9483590909091,760.016654909091,-40.93170418181808,-1101.2437023750608
66,12,766.2343543333333,561.2775723333333,-204.95678199999998,-9022.406893443054
67,14,609.8157442857143,435.3782582857143,-174.43748600000004,-8575.624028459097
68,10,949.3934438,734.4130173,-214.98042650000002,-5904.021319157277
69,13,736.3349104615385,557.1729518461539,-179.1619586153846,-8290.527324543396
70,10,951.2261642999999,728.3570311999999,-222.8691331,-6233.456624735012
71,11,835.566532090909,646.626678,-188.93985409090908,-6126.691960672091
72,11,769.4479932727273,626.1423421818182,-143.30565109090912,-7176.810795289868
73,14,654.3642605714285,566.6699177857142,-87.6943427857143,-3233.603951095578
74,10,950.4079955,794.7510357,-155.65695979999998,-3277.8479799524503
75,16,353.37480625,451.94848275,98.57367649999998,7395.894134303166
76,11,863.0174208181819,668.3844432727273,-194.63297754545465,-7029.813737855431
77,12,727.6835409166666,592.6479008333333,-135.0356400833333,-3547.138382108813
78,16,370.679326625,411.51739175,40.838065125000014,2757.045205936538
79,14,628.7316337857143,469.0374921428571,-159.69414164285718,-9083.58990757064
80,15,611.0421977999999,466.5592396,-144.48295819999993,-6366.221852375813
81,14,611.1714072857143,502.1018067857143,-109.06960049999998,-4629.87203861848
82,15,549.6762678,460.45224326666664,-89.22402453333336,-4806.801842673609
83,13,729.9349876153847,513.3441758461538,-216.59081176923087,-9033.402743860723
84,14,640.1540355,531.066345,-109.08769050000001,-6906.138345463358
85,12,750.2500095,527.4446931666666,-222.8053163333334,-9808.318987213119
86,14,629.0618082142856,527.8126697142858,-101.24913849999984,-4392.4396896465005
87,10,949.2418497000001,694.9675919,-254.2742578000001,-6643.712859813197
88,14,658.3874154285714,499.8269045714286,-158.56051085714284,-8059.235763662065
89,14,657.7908117857143,493.67310978571425,-164.117702,-7033.239103807246
90,10,899.5653878999999,693.9767539000001,-205.58863399999984,-8434.431686378233
91,10,1022.9764787,754.4576791000001,-268.51879959999997,-8180.9399667197795
92,10,891.5906847,714.1394895000001,-177.45119519999992,-6192.559732555732
93,13,624.2820690769231,517.3581173846153,-106.92395169230781,-4115.056832441882
94,13,649.7040076923076,488.57034346153847,-161.13366423076917,-7658.688166094202
95,13,637.1220085384616,516.166773,-120.95523553846158,-6987.090296840313
96,16,509.688934,346.3979374375,-163.29099656250003,-9528.279707474107
97,13,698.8482884615385,533.5141263076923,-165.33416215384614,-6486.720517734651
98,15,566.2133749999999,452.8064247333333,-113.40695026666663,-5325.521267672306
99,12,721.7978657499999,530.1066155833333,-191.69125016666658,-8936.474981257685
100,13,701.6742943846153,538.0474412307692,-163.62685315384613,-7140.745427956495
101,13,740.4844819230768,593.3923365384616,-147.09214538461526,-7025.989448999502
102,11,837.8398209090909,643.9455599090909,-193.89426100000003,-7304.18434695213
103,16,504.85490125,359.064484625,-145.79041662500003,-8388.233321828036
104,13,681.6924076923077,563.6215512307692,-118.07085646153848,-4264.605658521232
105,13,657.8387442307692,527.7894273076923,-130.04931692307684,-5993.2056019141855
106,12,767.9343746666667,616.2020721666667,-151.73230250000006,-4963.938133127744
107,13,686.4113343846154,495.54663453846155,-190.86469984615388,-10321.20549166331
108,11,786.4957343636364,661.8960099090909,-124.59972445454548,-4487.984831062673
109,13,695.5933551538461,566.1111193076923,-129.4822358461538,-6446.345313762577
110,16,440.501631,392.521489875,-47.98014112499999,251.58871819539854
111,12,765.2768773333333,560.5447356666667,-204.73214166666662,-9073.928478715094
112,14,652.19165,517.8109287857143,-134.3807212142857,-7166.6504686211665
113,15,596.8885854666667,465.60533419999996,-131.2832512666667,-7376.243842724078
114,13,743.1818165384616,572.4390872307692,-170.74272930769234,-8053.277380598043
115,10,893.0887101000001,721.1922522,-171.8964579000001,-4674.822875427744
116,12,764.1957429166667,596.4430269166667,-167.75271600000008,-5370.162941346214
117,11,840.8883934545454,652.8976837272727,-187.9907097272727,-6724.489007012264
118,11,881.727853,721.738486909091,-159.98936609090902,-6269.415124532603
119,14,661.6339425,537.5500477142857,-124.08389478571428,-5750.872600759041
120,12,833.7766123333334,616.7913509166666,-216.98526141666684,-9084.11567384678
121,15,580.6858087333333,455.5164205333333,-125.16938819999996,-6982.704104064924
122,16,448.179309875,305.0885694375,-143.09074043750002,-6412.259255261346
123,12,735.5462195,566.47186275,-169.07435675,-6624.461400727167
124,15,606.4802888666667,450.4435102,-156.0367786666667,-9267.758372441655
125,13,744.878005,540.5561654615384,-204.32183953846163,-10655.919560819326
126,13,747.0647487692307,665.360514,-81.70423476923077,-2550.7752334640245
127,15,594.2412928666668,504.48315513333336,-89.7581377333334,-6371.86032019855
128,15,612.0735311999999,495.7820435333333,-116.29148766666663,-6651.86158348083
129,10,928.7298843000001,730.2163864,-198.51349790000006,-7040.674866299421
130,11,815.9568790909092,622.1251264545455,-193.83175263636372,-8250.746387693325
131,11,793.9340715454546,650.9801389090909,-142.95393263636367,-5992.46628769087
132,11,838.7418517272727,561.8822355454545,-276.8596161818182,-11777.278885827855
133,11,803.1715732727273,710.979692,-92.1918812727273,-2850.553447727554
134,14,623.9755188571428,511.0225805,-112.95293835714278,-4896.705678409518
135,11,885.0540107272728,662.789505,-222.26450572727288,-8009.547809447911
136,14,663.2881327857142,524.7589194999999,-138.52921328571426,-5872.044915444945
137,13,692.435407,491.2930833076923,-201.14232369230774,-8869.251028821782
138,14,644.8269422857144,529.182671,-115.64427128571435,-6385.098982797623
139,15,596.3030133333334,459.87937619999997,-136.42363713333344,-8396.772774515593
140,14,610.2307007142857,515.176234,-95.0544667142857,-4563.812637524705
141,14,621.5196147142858,518.4661416428572,-103.05347307142858,-5833.743075470298
142,16,522.873737875,356.974840875,-165.89889699999998,-8516.911752519107
143,12,743.7355491666667,551.7411668333333,-191.99438233333342,-7024.662935755481
144,14,612.8993813571429,475.2153309285714,-137.68405042857154,-8477.883511941687
145,13,718.309804923077,533.9410806153846,-184.36872430769233,-8728.967065138168
146,13,660.4972762307692,542.4054374615384,-118.09183876923078,-4640.969489036575
147,12,781.2204845,544.73612025,-236.48436425,-11839.061851396087
148,15,564.589688,475.00814353333334,-89.58154446666668,-3548.615827721129
149,13,694.8092394615385,567.5505886153846,-127.25865084615384,-7001.812297324854
150,15,586.5092299333334,485.51659993333334,-100.99263000000002,-5134.447249214372
151,10,925.4590706000001,716.8785261,-208.5805445000001,-6764.027211735411
152,13,732.9191246923076,583.2640930769231,-149.65503161538447,-7352.577057000217
153,11,862.4658207272728,625.9470341818183,-236.51878654545453,-9388.533259654341
154,13,666.073418,527.8923789230769,-138.18103907692307,-6791.767531458914
155,16,391.2400146875,291.6671763125,-99.572838375,-5335.827085471203
156,14,621.5234019285715,609.4623153571429,-12.061086571428632,1790.7239465250823
157,12,762.6011185000001,560.3212221666666,-202.27989633333345,-8926.793748704986
158,13,747.3244011538462,579.2139123846154,-168.11048876923087,-7057.181760942454
159,15,606.1619956,466.18856113333334,-139.97343446666662,-7338.007579250927
160,11,855.4912931818182,649.8879845454545,-205.60330863636364,-8148.1819725734385
161,16,468.9846415625,324.5661706875,-144.41847087499997,-8538.477658850694
162,11,839.2621625454544,688.0461902727274,-151.21597227272707,-4031.8784733106477
163,11,834.5683836363637,646.3982390909091,-188.1701445454546,-7769.3579258237405
164,11,833.5366943636363,628.0632361818182,-205.47345818181816,-8081.040178081912
165,15,594.9831507333333,460.2156445333333,-134.7675062,-6832.562949516312
166,10,996.2255948,752.9230660999999,-243.30252870000004,-7145.1264286445075
167,12,743.1307046666667,576.68909625,-166.44160841666667,-7966.4964994239745
168,11,865.8126037272727,666.8636416363636,-198.94896209090916,-6277.192921440703
169,13,672.2455494615385,515.4243834615385,-156.82116600000006,-7633.375792237184
170,15,595.8845085333334,449.999474,-145.88503453333334,-8786.377572179892
171,10,936.1349117,690.0646735,-246.07023819999995,-6868.511885869448
172,11,800.0880046363636,642.0170721818182,-158.0709324545454,-4918.901287487795
173,14,646.9025955,485.53279307142856,-161.3698024285714,-9155.886133101303
174,15,555.5359071333334,457.6893310666666,-97.84657606666673,-5423.493189017503
175,14,672.0256908571429,470.6459977857143,-201.37969307142856,-8586.578504096578
176,15,605.1915914,440.7836173333333,-164.40797406666667,-9165.598038870157
177,10,925.6962949000001,725.9254345,-199.77086040000006,-7183.5430087640525
178,11,836.0546323636364,599.0681061818182,-236.98652618181825,-8154.25892555256
179,10,934.1319401000001,685.4266729,-248.7052672000001,-6280.263347858661
180,10,909.2902064,785.6936686,-123.59653779999996,-2944.8268760937353
181,13,704.2224858461539,547.2062735384615,-157.0162123076924,-6946.053784570355
182,13,679.5546323076924,493.94005069230764,-185.61458161538474,-9004.94780535093
183,13,730.7819565384616,526.7990781538462,-203.98287838461545,-9278.887050478988
184,10,985.0035025,782.3875586,-202.61594389999993,-6825.7971647673
185,15,593.1519840666666,502.7291428,-90.42284126666664,-4766.7131004003495
186,14,660.7702579999999,508.7174140714286,-152.0528439285713,-6688.699051589192
187,14,622.8395495000001,482.7091782142857,-140.13037128571438,-6534.125964515792
188,10,942.8331625000001,705.1405784,-237.6925841000001,-7889.629186487942
189,10,939.2011203,789.5666117,-149.6345086,-3966.7254188088664
190,12,823.63695925,591.317764,-232.31919525,-10319.151685943492
191,16,599.17696925,503.831059125,-95.34591012499993,-4517.6728123353605
192,12,787.3021516666666,574.0341251666667,-213.2680264999999,-8811.081569359168
193,14,671.9798979999999,549.0843135714287,-122.89558442857128,-5752.690874936186
194,16,432.8646859375,446.4610791875,13.596393250000006,2657.7114681231833
195,15,584.0776842666667,468.66291566666666,-115.4147686,-5726.107613620326
196,15,575.2428504666666,445.0007424666667,-130.24210799999992,-6328.158064112293
197,12,837.4093190833333,600.2902635833333,-237.11905550000006,-9917.143344406799
198,11,880.202649909091,669.6278874545454,-210.57476245454552,-7336.611923710043
199,13,679.4940391538462,528.1356135384615,-151.3584256153847,-6908.2976564532
200,12,800.0811349166667,563.3881703333333,-236.69296458333338,-10421.577864992607
201,16,331.2419598125,369.792439625,38.55047981249999,2804.0383969239374
202,10,873.7340891,680.6261153,-193.10797379999997,-6075.398672852782
203,16,420.770472875,471.3909038125,50.62043093750003,4474.634490407036
204,14,669.0112972142857,589.1405479285714,-79.87074928571428,-2500.952425528354
205,11,785.8810553636363,622.1597656363637,-163.72128972727262,-5884.670940958138
206,13,677.979178,507.0782632307692,-170.90091476923084,-8818.559432804781
207,12,767.5290572499999,588.8292436666667,-178.69981358333325,-7501.988804136228
208,12,731.5147828333334,595.8005890833333,-135.71419375000005,-4597.851604238025
209,14,655.1396795714285,484.3181932142857,-170.82148635714276,-9217.504028644791
210,15,623.6506016666666,494.58232506666667,-129.06827659999993,-6355.120719470593
211,11,835.71758,610.4927427272728,-225.2248372727272,-8062.366056235856
212,14,676.6913952857143,461.7852705,-214.90612478571427,-10688.428710674194
213,10,912.4128721,692.0954864,-220.31738569999993,-8170.86927648414
214,13,682.4357075384615,550.1016173076923,-132.33409023076922,-7891.715852136855
215,16,329.86042625,217.396742625,-112.46368362499999,-5402.0946893066775
216,16,539.3636223125,367.8066705625,-171.55695174999994,-10799.556153033776
217,16,425.2807025,265.063508,-160.2171945,-9122.375544506811
218,16,491.4510435,407.1288431875,-84.3222003125,-2540.7759772424506
219,15,576.0177723333333,438.7748112666667,-137.24296106666657,-7688.222053659592
220,10,976.7262112000001,724.1901783999999,-252.53603280000016,-9081.801647218195
221,12,773.78445675,578.9133155000001,-194.87114124999994,-6182.268469733288
222,10,925.4844633,765.6998436,-159.7846197,-4459.2309797286725
223,11,813.5762468181819,577.1054104545454,-236.4708363636364,-9365.895971569877
224,15,600.1067996666667,492.3696978666667,-107.7371018,-5040.282623413936
225,12,765.77814175,593.7177194166667,-172.06042233333335,-6023.625342050502
226,12,829.4327425,619.92044975,-209.51229275000003,-7760.737556533899
227,10,922.8878333,821.2203224000001,-101.66751089999991,-2308.3755328869083
228,12,779.5114247500001,627.10915825,-152.4022665000001,-4789.135990526032
229,13,780.2949167692308,591.0038093846154,-189.29110738461543,-8213.921948884272
230,13,692.6470320000001,584.4521336153846,-108.1948983846155,-4867.668362383873
231,10,914.7879163,725.688405,-189.09951130000002,-5529.975531262819
232,13,677.4315946153846,590.4248,-87.00679461538459,-3935.441650966928
233,13,686.0926649230769,583.7692716923077,-102.32339323076917,-4531.020548205881
234,11,878.4704109090909,611.6654680909091,-266.80494281818176,-8839.271838825429
235,16,600.63201325,402.645242625,-197.98677062500002,-10993.94164358332
236,15,589.0867388,450.6219522,-138.46478660000002,-8319.858972215858
237,15,559.1689343333333,452.3854770666667,-106.78345726666657,-6408.759256355501
238,16,406.678404375,316.139193125,-90.53921125,-5013.136894348932
239,12,789.5997550000001,600.73679025,-188.86296475000006,-6546.777875325639
240,13,691.0579409230769,585.7679097692308,-105.29003115384614,-3728.852011505507
241,13,656.5532137692309,518.9792991538462,-137.57391461538464,-7142.304431211636
242,15,613.9675984666667,453.26207346666666,-160.70552500000002,-7677.914342865668
243,15,562.1629016666667,477.24818880000004,-84.91471286666666,-6003.603455842669
244,11,872.4749271818182,716.479669909091,-155.99525727272726,-4569.7391195328055
245,12,764.7954721666666,598.6127642499999,-166.1827079166667,-5085.962453045515
246,16,450.0275725,367.7652643125,-82.26230818750003,-3755.9846452411803
247,14,654.9909583571429,524.05742,-130.93353835714288,-6645.347653756009
248,14,612.5773699285713,529.6278420714286,-82.9495278571427,-2231.4669630401586
249,11,843.7022187272727,687.607762909091,-156.0944558181817,-5780.19504357018
250,10,902.7811261999999,750.1438957,-152.63723049999987,-5291.861512049309
251,10,1007.5566327,776.5916841999999,-230.9649485000001,-5508.247422487697
252,10,903.4590232,645.9994146,-257.4596086,-8942.980418337102
253,16,480.74313375,401.051899125,-79.69123462500005,-4360.298738544014
254,15,553.9889950666667,480.44544613333335,-73.54354893333334,-3505.7661851899975
255,13,692.0884282307693,542.3447781538462,-149.74365007692313,-5853.33725671986
256,15,616.2364934666667,504.77955033333336,-111.45694313333337,-5939.2707176363
257,16,564.2036105,356.9770211875,-207.22658931249998,-12918.127157998744
258,10,888.9444662,688.8822241,-200.06224209999993,-6608.11208379396
259,16,384.8357456875,426.102620625,41.266874937500006,4006.3500027082046
260,10,955.2272372,734.9112291,-220.31600809999998,-6440.800387970823
261,16,359.96079975,486.4742508125,126.5134510625,8391.076083461703
262,16,446.814874125,514.23045675,67.41558262500001,3383.246614023523
263,13,695.6769767692307,524.3140400769231,-171.36293669230758,-7713.590869062955
264,15,620.6244922666666,489.9009708666666,-130.72352139999998,-6014.26406756655
265,15,601.2677040666666,544.0066792666667,-57.26102479999997,-2834.5768302203796
266,14,657.6234200714287,523.8326965714285,-133.79072350000013,-8670.350602049046
267,13,704.1354441538462,597.8768264615385,-106.25861769230767,-4986.810124625445
268,12,760.0764334166666,594.7352501666667,-165.34118324999997,-6125.470979477563
269,12,751.9358216666666,598.2380421666667,-153.6977794999999,-4746.866730577167
270,15,586.6889855333334,462.04215473333335,-124.64683080000003,-7693.512279539296
271,10,913.9374033,700.7105386000001,-213.22686469999996,-6166.343230723658
272,16,542.997981,447.646176625,-95.35180437499997,-3723.144342942749
273,10,968.1002898,799.5332796,-168.56701020000003,-2058.350506296654
274,11,857.5413933636363,616.4132012727273,-241.128192090909,-7862.050539634773
275,12,751.6213823333333,584.8506109166666,-166.77077141666666,-6186.246284568519
276,13,662.0832859230769,504.6969627692307,-157.3863231538462,-7765.1109863493075
277,12,761.1322796666667,597.14258775,-163.98969191666674,-6784.381495287307
278,13,668.1576547692307,504.5377223076923,-163.61993246153838,-8475.295591835555
279,13,683.7404388461539,566.9694450769231,-116.77099376923081,-7500.114583349085
280,14,619.5600031428572,521.2017490000001,-98.35825414285716,-5315.077778747451
281,15,581.2313476666666,471.9259342666667,-109.3054133999999,-4722.905999799812
282,15,608.9368247333333,503.3562226,-105.58060213333329,-5238.545130755148
283,10,965.2200571,725.8525103,-239.3675468,-7068.377333347573
284,14,727.9130424285714,481.6330830714286,-246.27995935714284,-11354.597139228288
285,12,788.9469820833333,610.4342903333334,-178.51269174999993,-7005.761482458081
286,14,627.294096,494.03783842857143,-133.25625757142853,-7277.938016727501
287,16,444.163028625,315.02895875,-129.13406987499997,-7845.7255761661545
288,16,468.549812875,446.15283075,-22.396982124999965,-636.7585636340082
289,13,670.2219305384616,538.8258560769231,-131.39607446153855,-5825.744831462922
290,14,657.3879879285714,474.1541402857143,-183.23384764285714,-8416.369326525393
291,14,718.2522026428571,538.501696,-179.7505066428571,-9252.535448283328
292,14,604.4002426428572,454.00187807142856,-150.3983645714286,-8787.885521949996
293,15,619.8658360666667,476.9731044,-142.8927316666667,-7166.954867862154
294,14,657.6202054285715,506.1058400714286,-151.51436535714288,-6546.00555847209
295,10,913.9398934999999,729.3060653,-184.63382819999993,-4926.691406983351
296,10,952.5526444999999,688.9845164000001,-263.56812809999985,-8788.40636364781
297,13,742.0661154615385,589.0323351538461,-153.03378030769238,-6907.195697619762
298,15,566.8448401333334,451.99593293333334,-114.84890720000004,-6938.668050675857
299,15,564.8550329999999,452.33178066666665,-112.52325233333329,-6389.243917698728
300,15,595.9094718,500.280957,-95.6285148,-3912.138617345594
301,15,566.5754492666667,450.8529546,-115.72249466666676,-5809.187097374066
302,12,743.5894395833334,568.3005518333333,-175.28888775000007,-9162.333264341712
303,16,350.227198875,294.5840725,-55.64312637500001,-141.45011095539303
304,13,771.0208214615384,564.4425337692307,-206.57828769230764,-8692.588689757995
305,16,339.5383668125,404.7570266875,65.21865987500001,3787.492809063282
306,10,881.896066,724.8661665,-157.02989950000006,-4281.494972208988
307,15,592.1862780666667,507.57535153333333,-84.61092653333333,-5435.8194649902
308,14,677.0536272142857,526.4815275,-150.57209971428574,-7270.046956118174
309,11,806.3346162727273,636.5001041818182,-169.83451209090913,-4245.8981389354085
310,16,451.554491,498.8025405625,47.2480495625,2639.843977929402
311,13,707.5471453846154,521.0322570769231,-186.51488830769233,-8758.467740028882
312,14,655.9748524285715,563.9009342142857,-92.07391821428575,-4310.174271965068
313,14,615.7315376428571,518.8445295714286,-96.88700807142857,-3477.0905589985414
314,16,431.6095675625,322.276685375,-109.33288218749999,-5026.6305609126575
315,16,463.7721275625,468.292131375,4.520003812500022,2931.600301710081
316,12,798.8597646666667,594.8229860833334,-204.03677858333333,-7707.2067001773685
317,15,612.911133,454.76154973333337,-158.14958326666658,-7776.218746203347
318,11,841.747942,642.568871,-199.17907100000002,-7169.848886241449
319,16,454.901955625,320.23770525,-134.66425037500005,-7283.140010190611
320,16,497.830823125,300.3265696875,-197.50425343749998,-8745.340241689708
321,14,648.5783413571428,541.2673044285714,-107.31103692857141,-2896.7725637016592
322,15,645.1350951333334,585.4711347333334,-59.66396039999995,-1234.7970155569492
323,15,651.4473481333333,485.3262204,-166.1211277333333,-7604.08456448888
324,11,820.930096,644.8247543636363,-176.10534163636373,-7410.793753523645
325,14,600.4186107142857,513.9236225000001,-86.49498821428563,-5754.649159224064
326,15,616.9734784,475.4258283333333,-141.54765006666668,-6281.073737876821
327,14,635.6847495000001,509.70624564285714,-125.97850385714293,-4328.495253850397
328,11,772.4235777272727,619.8557817272728,-152.56779599999993,-5111.228785208314
329,12,815.6141999166666,620.04667475,-195.56752516666666,-8764.051489984697
330,13,697.787238076923,517.8287604615384,-179.9584776153846,-6457.3010496421775
331,16,423.083906875,295.15673,-127.92717687500004,-6864.174158060574
332,16,546.2334835625,416.045013125,-130.18847043750003,-6650.0776457338725
333,12,711.6276243333333,652.3250698333333,-59.30255450000004,-1678.153260893243
334,11,781.9040357272727,579.1021866363636,-202.80184909090906,-8329.10167420597
335,16,519.1450859375,456.63802075,-62.50706518749996,-4285.565213831367
336,13,698.8601354615384,565.1782625384615,-133.68187292307698,-6219.321712094486
337,12,735.4942523333334,530.4349099166667,-205.0593424166667,-9253.56053484874
338,13,712.9816303076924,576.7583041538462,-136.2233261538462,-5224.516199245249
339,13,679.1463166923077,524.8865164615385,-154.2598002307692,-8366.887015578799
340,12,729.8626958333333,541.25208325,-188.61061258333325,-8281.636733905314
341,11,835.9986764545455,584.0865622727273,-251.9121141818182,-8805.166260814523
342,15,679.6254708666667,502.5710882,-177.05438266666664,-9514.078707169876
343,13,742.2152380769231,531.9570163846154,-210.25822169230776,-9566.784386258143
344,11,809.8991572727272,648.0863524545455,-161.8128048181817,-6579.704223610068
345,13,678.5069573846154,478.07298323076924,-200.43397415384612,-8688.208321577331
346,13,723.216421,528.903420923077,-194.313000076923,-7915.344989525416
347,14,665.7583768571429,626.2477725714286,-39.510604285714294,-2310.742293083553
348,12,788.0779054166666,613.6155538333334,-174.4623515833332,-6447.7410897361115
349,15,605.4607710666667,546.7416030666667,-58.71916799999997,-1103.9375678757606
350,13,696.3772008461539,518.721554,-177.6556468461539,-7452.617008431291
351,15,678.2106632,485.783612,-192.4270512,-9487.028850274903
352,12,761.7217335833334,569.4038636666667,-192.31786991666672,-7954.072178395276
353,13,657.0974326153846,520.83153,-136.26590261538456,-5262.283642434944
354,10,975.0426643000001,686.6366157,-288.4060486000001,-9255.302413978461
355,13,710.3280631538462,533.7992991538462,-176.52876400000002,-6864.369630622205
356,11,827.3802959090909,591.1021945454545,-236.27810136363644,-9140.295557875794
357,12,744.6533193333333,618.9371215833334,-125.71619774999999,-4882.971855767388
358,16,357.4620518125,446.08987325,88.62782143749996,5565.225724116266
359,14,656.9302647857143,542.6997792857143,-114.23048549999999,-5621.133985415407
360,13,686.3427720769231,591.8930408461539,-94.4497312307692,-3924.232536815911
361,13,713.5600027692308,480.9155303846154,-232.64447238461537,-8546.890692532506
362,16,506.4336184375,293.486729375,-212.94688906250002,-11815.751101027006
363,11,839.793628909091,600.1343645454546,-239.65926436363645,-8521.259507180253
364,12,751.81839475,635.8253261666667,-115.9930685833333,-4729.584084826318
365,13,677.7284421538461,486.1310840769231,-191.597358076923,-8193.828268409765
366,13,768.7289745384616,556.7992517692308,-211.9297227692308,-9935.431987201831
367,11,814.0253484545455,603.2306508181819,-210.7946976363636,-8498.708351023615
368,15,583.5404371999999,497.6780908,-85.86234639999992,-2869.675981998069
369,16,508.2655485,364.4697473125,-143.79580118750005,-9628.66407240216
370,10,900.6665341,658.6441341,-242.02240000000006,-8001.119989962564
371,16,534.9629449375,351.3138035,-183.64914143749996,-11211.931294730093
372,11,903.6442634545455,613.4197644545455,-290.2244989999999,-12322.347418585097
373,12,737.53738875,605.0804725833333,-132.4569161666667,-4242.414955001244
374,12,782.2891844166667,551.7013203333333,-230.58786408333333,-9520.271818492769
375,10,920.3868534999999,723.9056321,-196.48122139999987,-5989.061070849089
376,10,913.7330486000001,682.537399,-231.19564960000002,-6834.782465758606
377,13,688.0948450000001,559.2941443846154,-128.8007006153847,-5527.045558527334
378,16,343.0088323125,342.8494583125,-0.15937399999995705,1857.2501012532848
379,12,714.2928495,567.64705825,-146.64579125,-6388.747454214907
380,15,552.8455934,453.62210200000004,-99.22349139999994,-5811.761844391065
381,15,625.8206192,483.7768365333333,-142.0437826666667,-7063.283675616294
382,12,738.180886,586.729244,-151.451642,-5597.098499132913
383,13,700.4953176923077,609.1850296153846,-91.31028807692314,-2840.168700034632
384,14,691.0843686428572,543.7897638571428,-147.29460478571434,-7530.6223094006855
385,10,994.0526923,734.5163454,-259.5363469,-7081.817354467541
386,12,786.4643476666666,594.78198525,-191.6823624166666,-7910.9417417777295
387,16,550.18928625,462.025197875,-88.164088375,-2128.1270473399745
388,13,722.7162136153846,567.6657166923077,-155.05049692307693,-8448.282292905416
389,14,632.1037170714286,496.5815214285714,-135.52219564285718,-7401.553673775998
390,15,594.1593042000001,463.6973136,-130.4619906000001,-7679.649284922198
391,14,665.9395071428571,544.6952896428571,-121.24421749999999,-6782.095220601579
392,10,875.5049639000001,636.6085082,-238.89645570000016,-6324.822761789081
393,12,757.8675323333333,584.07742775,-173.79010458333335,-6632.406243948455
394,12,772.8086693333333,575.8375906666666,-196.9710786666667,-8598.264725965466
395,11,889.0413605454545,748.7075433636364,-140.33381718181806,-4288.359924816275
396,13,682.4587353076923,527.3414582307693,-155.11727707692307,-7467.622988549061
397,11,792.6217832727272,595.756362,-196.8654212727272,-6502.598157528122
398,14,591.8148869285715,470.6613657857143,-121.15352114285719,-6555.74646918504
399,11,831.3990554545454,614.2214414545455,-217.17761399999995,-7114.768755087829
400,14,665.9035102142858,521.1966884999999,-144.70682171428587,-6739.477502606565
401,15,553.6114706666667,475.456221,-78.15524966666669,-4271.64368270299
402,10,991.2601060000001,702.1730719,-289.0870341000001,-9419.351705899222
403,11,827.3401067272728,645.4250525454546,-181.91505418181816,-5690.327976457811
404,16,437.3978828125,304.60121775,-132.79666506249998,-7448.733187841706
405,14,613.9242598571428,493.4732958571429,-120.45096399999994,-5531.567481276674
406,13,774.6619073076922,588.328559,-186.33334830769218,-8591.667636748687
407,13,689.7046822307692,570.7964059230769,-118.90827630769229,-4864.037943013769
408,16,467.7271795625,274.7974576875,-192.92972187499998,-12234.377758076542
409,12,715.8056284999999,638.23906325,-77.56656524999994,-1388.9938985319604
410,11,866.7512670909091,676.3745627272727,-190.37670436363635,-7720.718715903349
411,13,735.953477076923,576.6124043076923,-159.34107276923078,-5702.16971919284
412,15,593.9658714,452.6700218666667,-141.2958495333333,-8112.188707618021
413,12,741.4083779166667,590.6548786666666,-150.75349925000012,-5865.20995286353
414,10,898.6900648999999,735.3863576,-163.30370729999993,-5220.185338527794
415,11,826.3931674545455,638.9394553636364,-187.4537120909091,-6729.954141527094
416,15,622.7510654,520.0606356666666,-102.69042973333342,-3491.78223357314
417,15,602.4292294666667,453.76895353333333,-148.66027593333337,-8554.520679417517
418,15,605.4669642666667,510.48113386666665,-94.9858304,-5668.937283325118
419,15,588.9822602666667,505.33171393333333,-83.65054633333335,-4673.790985937467
420,13,718.0258287692307,639.7383999230769,-78.28742884615372,-3558.682873299469
421,15,627.2475399333333,492.886577,-134.36096293333333,-7342.072203414038
422,13,645.1014321538461,524.8672703846154,-120.2341617692307,-4770.220519932114
423,12,740.8274741666668,544.4049014999999,-196.42257266666684,-9330.354330694474
424,12,797.6861165,583.0721234166666,-214.6139930833334,-9286.839557370458
425,14,654.7553124285714,499.6365236428572,-155.11878878571423,-6113.315178714449
426,16,427.768611125,450.620692875,22.852081749999968,1093.166541038252
427,13,695.455242,550.0918091538462,-145.36343284615384,-5688.623109875476
428,11,841.184457909091,710.3866246363636,-130.7978332727273,-3873.8808305348357
429,11,832.0059580909091,678.2239932727273,-153.7819648181818,-5408.008062087847
430,14,620.8865198571428,513.6139075,-107.27261235714286,-5484.08285756033
431,14,656.225784357143,543.2491190714286,-112.97666528571438,-6113.366531053816
432,13,703.1571770769231,518.9712711538461,-184.18590592307692,-7762.083863377251
433,14,612.6265971428572,481.2350742857143,-131.39152285714295,-8177.406574349312
434,12,708.1430945000001,586.946952,-121.19614250000006,-3601.768527925735
435,14,618.5566391428572,490.6393582857143,-127.91728085714288,-6319.209662402325
436,12,739.7568048333333,585.5098949166667,-154.2469099166666,-5649.814577116871
437,15,638.3806115333333,545.7118458,-92.66876573333332,-4910.157417777238
438,11,823.4706923636364,688.0520119090909,-135.41868045454555,-3393.027401940766
439,12,768.6195965000001,577.317034,-191.30256250000002,-8483.153746799264
440,16,595.6111415,469.3190644375,-126.29207706250003,-6098.366178372922
441,14,610.4393236428571,473.2881675714286,-137.1511560714285,-7350.580891341717
442,10,918.4159167,672.8709328,-245.54498390000003,-9187.249178740825
443,12,726.7275249166668,585.2041184999999,-141.52340641666683,-5776.404350486904
444,13,746.8393980769231,603.9258353846154,-142.91356269230766,-7079.3815539695825
445,11,849.8379364545455,675.5367093636364,-174.30122709090904,-7271.567466522763
446,16,559.2357956875,541.2262989375,-18.009496749999926,714.240277648365
447,14,628.2752757142856,485.6129185,-142.66235721428563,-8386.364983979387
448,16,499.259695125,393.92901925,-105.330675875,-5856.454054408961
449,14,638.5339642857143,501.81226157142856,-136.72170271428575,-7290.519176075599
450,12,708.5716345000001,549.4513076666666,-159.12032683333348,-6982.219589387674
451,10,896.8045345,721.1643885999999,-175.6401459000001,-4992.007260994153
452,10,908.1360693,722.3924745,-185.74359479999998,-5037.179730802774
453,12,735.4268418333332,582.5902579166667,-152.83658391666654,-6470.195053503947
454,14,622.413503,472.8417025,-149.5718005,-7350.026011796217
455,10,971.1202705,759.3690934,-211.75117709999995,-6897.55886406283
456,16,483.5333740625,332.913398625,-150.6199754375,-8984.59804055364
457,10,896.1617284,708.1276181999999,-188.0341102000001,-4126.705504556045
458,15,609.8665153999999,461.05087986666666,-148.81563553333325,-9841.172645989325
459,13,762.5456340769231,580.4453132307692,-182.10032084615386,-8431.520851984922
460,14,632.7479489285714,454.9306135,-177.81733542857143,-9922.213459994116
461,11,790.4254646363636,614.1860543636363,-176.23941027272724,-6313.167550359882
462,12,705.5711193333333,582.4126985833333,-123.15842075,-6344.505211742977
463,16,412.4539810625,420.498701,8.044719937499963,848.577593580656
464,12,807.7862369999999,584.0071513333334,-223.77908566666656,-7481.745130458021
465,11,798.6305869090909,593.5324777272727,-205.09810918181813,-8445.395982356262
466,12,793.9222553333334,626.9947658333333,-166.9274895000001,-4510.64934965111
467,12,718.1500619166667,519.4742082500001,-198.67585366666663,-8945.551213733488
468,10,902.6787687,674.3791294,-228.29963929999997,-8614.981959030338
469,11,822.8495200909091,723.3247525454545,-99.52476754545455,-3208.862191609107
470,15,578.9731847333334,446.2277542666667,-132.74543046666668,-7485.907276763261
471,10,977.3408321999999,759.1937808,-218.1470513999999,-6442.352567002639
472,16,555.0463383125,418.4528071875,-136.59353112499997,-8722.482508460878
473,10,930.1244309,706.7364846,-223.38794629999995,-7989.397329743431
474,11,810.7944341818182,622.1409949090909,-188.65343927272738,-6255.939136462981
475,16,449.9073810625,344.1920434375,-105.71533762500002,-5452.226977218488
476,10,941.7589792000001,691.6241728,-250.13480640000012,-7271.740319868266
477,13,690.2602055384615,544.2880755384615,-145.97213,-7148.1884437135195
478,14,720.7721577857143,573.6446790714286,-147.12747871428564,-6163.923496819461
479,14,672.6048316428571,574.3401642142857,-98.26466742857144,-2228.5266894808483
480,12,767.4314073333334,581.7270378333334,-185.70436949999998,-8007.262148551716
481,11,830.5463685454546,679.3023161818181,-151.24405236363646,-4228.422872732037
482,16,566.7710653125,369.12041625,-197.6506490625,-12447.051910268936
483,10,943.6919217999999,768.3804027,-175.31151909999994,-4285.575933896027
484,12,733.8350797500001,584.4351029166667,-149.39997683333343,-6353.998573057877
485,16,250.163435375,343.3208259375,93.15739056249998,6412.591267846794
486,12,761.0529079166666,599.0134772499999,-162.0394306666667,-7087.365843777752
487,14,630.6726431428572,512.9047137857143,-117.76792935714286,-4343.755060007385
488,13,685.5336299230769,571.071924923077,-114.46170499999994,-3895.0108086651744
489,12,721.47556325,552.5277144166666,-168.9478488333334,-6591.870910179776
490,14,653.6307258571429,533.5847583571428,-120.04596750000007,-5408.217708273325
491,14,656.030464,524.7059487857143,-131.32451521428573,-5817.716066604189
492,11,817.3230761818181,637.6487501818182,-179.67432599999995,-7982.087892733482
493,10,925.6547259000001,727.0004262,-198.65429970000014,-6237.714986003175
494,10,937.3167716,655.9408307,-281.37594090000005,-9018.79704169324
495,16,422.0078785,349.54172575,-72.46615274999999,-3907.292204122452
496,11,796.2180587272727,585.659654090909,-210.55840463636366,-8410.712227683678
497,12,768.9079503333334,562.89700025,-206.01095008333334,-9130.65699516642
498,13,706.5797289230769,626.3514391538462,-80.22828976923074,-3569.838828644981
499,14,651.8830509285715,529.3094846428571,-122.57356628571438,-4330.149633518664
500,15,598.6974935333333,483.29760293333334,-115.39989059999994,-6094.991783007528
501,12,707.0800724166667,550.0142099166667,-157.06586249999998,-6058.9517368824345
502,13,701.6943933076923,538.4908853846154,-163.20350792307693,-6973.228005563677
503,16,436.132932125,340.791365875,-95.34156625000003,-4072.325307330935
504,10,954.4859187,697.6055041,-256.8804146,-8964.020724115097
505,15,569.5715947333333,499.47049913333336,-70.10109559999995,-1807.5821728238334
506,10,901.9773896,638.6795878,-263.2978018,-8964.890069727328
507,12,727.0457213333334,600.4757794166667,-126.56994191666672,-4979.196498903377
508,16,385.485816375,413.3769329375,27.891116562499974,2561.2893465713787
509,16,434.45911775,386.75593925,-47.703178500000035,-2946.254276997719
510,14,608.5320444285715,487.7101259285714,-120.82191850000004,-4257.534283151879
511,10,884.2278125,722.2275913000001,-162.00022119999994,-5150.011068341661
512,15,591.8584407333333,459.11015073333334,-132.74828999999994,-9201.121744346467
513,15,614.2771087333333,455.70505753333333,-158.57205119999998,-9637.903806386363
514,11,872.3857729090909,641.6852682727273,-230.70050463636358,-8933.527723904004
515,13,709.4974231538462,545.8334908461538,-163.66393230769233,-7303.155606949011
516,12,761.7656775,649.3894213333333,-112.37625616666674,-4242.575319596359
517,15,669.1200418000001,544.5884625333333,-124.53157926666677,-8554.86842259204
518,13,708.8897205384615,634.2731004615384,-74.61662007692303,-2165.080292808874
